https://topaz33.com,<b>2 Days Rebate </b>,0.45,0,1888,0,0,"{""customBonus"":""rebatedays"",""lose"":3,""win"":0.1,""days"":2,""displayDescriptionOnly"":""1"",""creditLessThan"":0.5,""startDate"":""2024-02-27""}",CUSTOM,6,,DAILY,,,,112.3465371,0
https://diamondaud.com,COMMISSION,1.3,,1888,,0,,,,,,,,,116.7077324,1
https://g9aus.com,Rollover Rebate,0.12,,999,,0,,,,,,,,,100.6388352,0
https://vvip15au.com,COMMISSION,1.75,,888,,0,,,,,,,,,106.567837,1
https://kangaroo88.com,<b>SHARE BONUS</b>,6,0,50,60,0,"{""customBonus"":""sharebonus"",""creditLessThan"":0.1,""startDate"":""2023-10-01"",""displayDescriptionOnly"":""1"",""displayAngpaoText"":""1"",""walletId"":1,""changeGameId"":1}",CUSTOM,0,,,,,,0.09927537356,0
https://koala88.co,<b>SHARE BONUS</b>,3,0,50,30,0,"{""customBonus"":""sharebonus"",""creditLessThan"":0.1,""startDate"":""2023-10-01"",""displayDescriptionOnly"":""1"",""displayAngpaoText"":""1"",""walletId"":1,""changeGameId"":1}",CUSTOM,0,,,,,,0.3620803551,0
https://king88pokies.com,"<b style=""color:#FFD700""> Share & Free</b>",8,80,20,0,10,"{""customBonus"":""sharebonus"",""creditLessThan"":0.1,""startDate"":""2024-02-01"",""mobileAppOnly"":""1"",""maxCount"":3,""displayAngpaoText"":""1"",""walletId"":1,""changeGameId"":1}",CUSTOM,0,,,,,,2.941373888,0
https://rtpvictory88.com,<b>DAILY FREE CREDIT<b>,10,100,15,0,10,"{""creditLessThan"":0.1,""walletId"":1,""changeGameId"":1,""displayDescriptionOnly"":""1""}",FREE,0,,DAILY,,,,2.717859815,0
https://rtpvictory88.com,<B>Download Apps Free,50,500,15,0,10,"{""creditLessThan"":0.1,""displayDescriptionOnly"":""1"",""walletId"":1,""changeGameId"":1,""displayAngpaoText"":""1"",""mobileAppOnly"":""1""}",FREE,0,,,,,,3.017555121,0
https://jackpotau.com,Everyday Free Chip,10,100,15,0,10,"{""displayDescriptionOnly"":""1"",""walletId"":1,""changeGameId"":1,""displayAngpaoText"":""1""}",FREE,0,,DAILY,,,,2.717859815,0
https://win99aud.com,<b>Telegram Free $100<b>,100,1000,15,0,10,"{""displayAngpaoText"":""0"",""displayDescriptionOnly"":""1"",""creditLessThan"":0.1,""registerDate"":""2024-01-01"",""mobileAppOnly"":""0"",""mustJoinTelegramChannel"":""Aus55Channel"",""changeGameId"":1,""walletId"":1}",FREE,0,,,,,,3.151055491,0
https://richspinau.com,<b>FREE 365</b>,5,50,15,0,10,"{""creditLessThan"":""0.01"",""displayDescriptionOnly"":""1"",""walletId"":1,""changeGameId"":1}",FREE,0,,DAILY,,,,2.599434585,0
https://inskingdom8.com,<B>Download Apps Free,50,500,10,0,10,"{""creditLessThan"":0.1,""displayDescriptionOnly"":""1"",""walletId"":1,""changeGameId"":1,""displayAngpaoText"":""1"",""mobileAppOnly"":""1""}",FREE,0,,,,,,2.609756399,0
https://cergas.online,DAILY FREE CREDIT,5,50,10,0,10,"{""displayDescriptionOnly"":""1"",""displayAngpaoText"":""1"",""creditLessThan"":0.1,""walletId"":1,""changeGameId"":1}",FREE,0,,DAILY,,,,2.248141549,0
https://we1winau.com,<b>Review Bonus<b>,38,380,10,0,10,"{""creditLessThan"":0.1,""walletId"":1,""changeGameId"":1,""displayAngpaoText"":""0"",""displayDescriptionOnly"":""1""}",FREE,0,,WEEKLY,,,,2.564426847,0
https://we1winau.com,<b>We1winAU Download APP Free<b>,20,200,10,0,10,"{""mobileAppOnly"":""1"",""displayAngpaoText"":""1"",""displayDescriptionOnly"":""1"",""creditLessThan"":0.1,""walletId"":1,""changeGameId"":1}",FREE,0,,,,,,2.459825515,0
https://gold77au.com,"<b style=""color:#;"">Daily Free Chip</b>",777,7770,10,0,10,"{""startDate"":""2023-11-15"",""creditLessThan"":0.05,""displayDescriptionOnly"":""1"",""walletId"":1,""changeGameId"":1}",FREE,0,,DAILY,,,,3.070192925,0
https://ezspin68.vip,<b>EZ Free Credit</b>,199,1990,10,0,10,"{""creditLessThan"":1,""displayDescriptionOnly"":""1"",""mobileAppOnly"":""1"",""walletId"":1,""changeGameId"":1,""displayAngpaoText"":""0""}",FREE,0,,DAILY,,,,2.840657534,0
https://u88aud.com,<b>Review Bonus<b>,38,380,10,0,10,"{""creditLessThan"":0.1,""walletId"":1,""changeGameId"":1,""displayAngpaoText"":""0"",""displayDescriptionOnly"":""1""}",FREE,0,,WEEKLY,,,,2.564426847,0
https://u88aud.com,<b>U88AUD Download APP Free<b>,20,200,10,0,10,"{""mobileAppOnly"":""1"",""displayAngpaoText"":""1"",""displayDescriptionOnly"":""0"",""creditLessThan"":0.1,""walletId"":1,""changeGameId"":1}",FREE,0,,,,,,2.459825515,0
https://1bigwin.com,Apps User Daily Free,10,100,10,0,10,"{""displayDescriptionOnly"":""1"",""mobileAppOnly"":""1"",""displayAngpaoText"":""1"",""creditLessThan"":0.1,""ignoreTrxAmount"":1,""startDate"":""2025-09-23"",""walletId"":1,""changeGameId"":1}",FREE,0,,DAILY,,,,2.350562545,0
https://we1winau.com,<b>Daily Free Credit<b>,5,50,0.05,0,10,"{""displayDescriptionOnly"":""1"",""displayAngpaoText"":""1"",""creditLessThan"":0.1,""walletId"":1,""changeGameId"":1}",FREE,0,,DAILY,,,,0.04574311333,0
https://u88aud.com,<b>Daily Free Credit<b>,5,50,0.05,0,10,"{""displayDescriptionOnly"":""1"",""displayAngpaoText"":""1"",""creditLessThan"":0.1,""walletId"":1,""changeGameId"":1}",FREE,0,,DAILY,,,,0.04574311333,0
https://aud365.co,<b>Ultra Daily FREE</b> #R,888,8888,10,0,10.00900901,"{""creditLessThan"":0.1,""startDate"":""2024-12-21"",""displayDescriptionOnly"":""1"",""walletId"":1,""changeGameId"":1,""mobileAppOnly"":""1""}",FREE,0,,DAILY,,,,3.089249788,0
https://jw8au.com,<b>Ultra Daily FREE</b> <b>#R</b>,888,8888,10,0,10.00900901,"{""creditLessThan"":0.01,""startDate"":""2024-04-03"",""displayDescriptionOnly"":""1"",""walletId"":1,""changeGameId"":1,""mobileAppOnly"":""1""}",FREE,0,,DAILY,,,,3.089249788,0
https://mrbet9au.info,<b>Ultra Daily FREE</b> <b>#R</b>,888,8888,10,0,10.00900901,"{""creditLessThan"":0.1,""startDate"":""2025-04-03"",""displayDescriptionOnly"":""1"",""walletId"":1,""changeGameId"":1,""mobileAppOnly"":""1""}",FREE,0,,DAILY,,,,3.089249788,0
https://thestar.asia,FREE SPIN 365 DAYS,388,3888,20,0,10.02061856,"{""creditLessThan"":0.1,""displayDescriptionOnly"":""1"",""displayAngpaoText"":""1"",""walletId"":1,""changeGameId"":1,""mobileAppOnly"":""0""}",FREE,0,,DAILY,,,,3.739766117,0
https://aud365.co,<b>SITE UPGRADE REWARDS</b> #R,38,388,20,0,10.21052632,"{""creditLessThan"":0.1,""displayAngpaoText"":""1"",""displayDescriptionOnly"":""1"",""walletId"":1,""changeGameId"":1,""mobileAppOnly"":""1""}",FREE,0,,,,,,3.172262528,0
https://harbour33.com,<b>⭐Harbour33 Mega Event </b>,88,1000,15,0,11.36363636,"{""creditLessThan"":0.1,""walletId"":1,""changeGameId"":1,""displayDescriptionOnly"":""1"",""registerBeforeDate"":""2026-04-30"",""displayAngpaoText"":""1""}",FREE,0,,,,,,2.664649017,0
https://pokiesbillion.com,<b>Back with Us !</b>,15,180,15,0,12,"{""creditLessThan"":0.1,""displayDescriptionOnly"":""1"",""walletId"":1,""changeGameId"":1}",FREE,0,,WEEKLY,,,,2.222253596,0
https://top1cas.com,"<b style=""color:#bf77f6;"">NEW FREEBIE WARM-UP</b>",89.98,1088,18,0,12.09157591,"{""creditLessThan"":""1"",""displayDescriptionOnly"":""1"",""mobileAppOnly"":""1"",""displayAngpaoText"":""1"",""walletId"":1,""changeGameId"":1}",FREE,0,,,,,,2.622085942,0
https://harbour33.com,<b>⭐DAILY HOUR FREE,4,50,10,0,12.5,"{""creditLessThan"":0.1,""walletId"":1,""changeGameId"":1,""displayAngpaoText"":""1"",""displayDescriptionOnly"":""1""}",FREE,0,,HOURLY,,,,1.677620023,0
https://pokiesbillion.com,<b>Download PokiesBillion APK</b>,20,250,8,0,12.5,"{""creditLessThan"":0.1,""displayDescriptionOnly"":""1"",""registerDate"":""2024-06-17"",""walletId"":1,""changeGameId"":1,""mobileAppOnly"":""1"",""displayAngpaoText"":""1""}",FREE,0,,DAILY,,,,1.705340171,0
https://candymommy.co,"<b style=""color:black;"">HOURLY BONUS</b>",15,200,5,0,13.33333333,"{""displayDescriptionOnly"":""1"",""displayAngpaoText"":""1"",""walletId"":1,""changeGameId"":1,""creditLessThan"":0.1,""resetHour"":2}",FREE,0,,HOURLY,,,,1.258899353,0
https://cyberpunk369.com,<b>Hourly Bonus</b>,15,200,5,0,13.33333333,"{""displayDescriptionOnly"":""1"",""displayAngpaoText"":""1"",""walletId"":1,""changeGameId"":1,""creditLessThan"":0.1,""resetHour"":2}",FREE,0,,HOURLY,,,,1.258899353,0
https://1spinnwin.com,<b>Hourly Bonus</b>,15,200,5,0,13.33333333,"{""displayDescriptionOnly"":""1"",""displayAngpaoText"":""1"",""walletId"":1,""changeGameId"":1,""creditLessThan"":0.1,""resetHour"":2}",FREE,0,,HOURLY,,,,1.258899353,0
https://mrpoint.co,<b>Hourly Bonus</b>,15,200,5,0,13.33333333,"{""displayDescriptionOnly"":""1"",""displayAngpaoText"":""1"",""walletId"":1,""changeGameld"":1,""creditLessThan"":0.1,""resetHour"":2}",FREE,0,,HOURLY,,,,1.258899353,0
https://luxeau777.com,<b>Luxury Event Giveaway</b>,18,250,5,0,13.88888889,"{""displayDescriptionOnly"":""1"",""walletId"":1,""changeGameId"":1}",FREE,0,,WEEKLY,,,,1.210663095,0
https://intensity2aus.com,<b>V-Power Free Trial</b>,30,450,30,0,15,"{""registerDate"":""2024-09-01"",""creditLessThan"":0.1,""displayDescriptionOnly"":""1"",""displayAngpaoText"":""1"",""walletId"":1,""changeGameId"":1}",FREE,0,,,,,,2.178838004,0
https://penguin88.club,<b>SHARE BONUS</b>,1,15,20,0,15,"{""customBonus"":""sharebonus"",""creditLessThan"":1,""startDate"":""2024-02-01"",""walletId"":1,""changeGameId"":1}",CUSTOM,0,,,,,,1.577501938,0
https://inskingdom8.com,<b>Daily Free Credit,10,150,15,0,15,"{""creditLessThan"":0.1,""displayDescriptionOnly"":""1"",""walletId"":1,""changeGameId"":1}",FREE,0,,DAILY,,,,1.637242383,0
https://richspinau.com,<b>Download App Bonus</b>,20,300,15,0,15,"{""displayDescriptionOnly"":""1"",""displayAngpaoText"":""1"",""mobileAppOnly"":""1"",""walletId"":1,""changeGameId"":1}",FREE,0,,DAILY,,,,1.713347554,0
https://luxeau777.com,<b>Download Luxeau777 APK</b>,20,300,15,0,15,"{""creditLessThan"":0.1,""displayDescriptionOnly"":""1"",""registerDate"":""2024-06-17"",""walletId"":1,""changeGameId"":1,""mobileAppOnly"":""1"",""displayAngpaoText"":""1""}",FREE,0,,DAILY,,,,1.713347554,0
https://trust88au.com,<B>Daily Free Credit,20,300,15,0,15,"{""creditLessThan"":0.1,""displayDescriptionOnly"":""1"",""changeGameId"":1,""walletId"":1}",FREE,0,,DAILY,,,,1.713347554,0
https://wildspin24.com,<b>Daily Free Credit,10,150,15,0,15,"{""creditLessThan"":0.1,""displayDescriptionOnly"":""1"",""walletId"":1,""changeGameId"":1}",FREE,0,,DAILY,,,,1.637242383,0
https://rolex9.net,Apps Daily Free,20,300,10,0,15,"{""creditLessThan"":1,""displayDescriptionOnly"":""1"",""mobileAppOnly"":""1"",""displayAngpaoText"":""1""}",FREE,0,,DAILY,,,,1.481802176,0
https://neolux.vip,"<b style=""color:#686A6C;"">365 DAY X2 FREE</b>",10,150,5,0,15,"{""creditLessThan"":0.1,""walletId"":1,""changeGameid"":1,""displayDescriptionOnly"":""1"",""changeGameId"":1}",FREE,0,,DAILY,,,,1.058052541,0
https://luckymate88.com,(Download APP) Free $10,10,150,3.99,0,15,"{""creditLessThan"":0.1,""mobileAppOnly"":""1"",""displayDescriptionOnly"":""1"",""displayAngpaoText"":""1"",""changeGameId"":1,""walletId"":1}",FREE,0,,WEEKLY,,,,0.9492075684,0
https://hotpokies88.com,(Download APP) Free $10,10,150,3.99,0,15,"{""creditLessThan"":0.1,""mobileAppOnly"":""1"",""displayDescriptionOnly"":""1"",""displayAngpaoText"":""1"",""changeGameId"":1,""walletId"":1}",FREE,0,,WEEKLY,,,,0.9492075684,0
https://kingaud.com,(Download APP) Free $10,10,150,3.99,0,15,"{""creditLessThan"":0.1,""mobileAppOnly"":""1"",""displayDescriptionOnly"":""1"",""displayAngpaoText"":""1"",""changeGameId"":1,""walletId"":1}",FREE,0,,WEEKLY,,,,0.9492075684,0
https://zeroaud.com,<b>Share Friends Get</b>,3,45,0.05,0,15,"{""customBonus"":""sharebonus"",""creditLessThan"":0.1,""startDate"":""2024-02-01"",""displayDescriptionOnly"":""1"",""displayAngpaoText"":""1"",""changeGameId"":1,""walletId"":1}",CUSTOM,0,,,,,,0.02671594222,0
https://iw99au.com,<b>MOBILE APP PREE CREDIT</b>,10,150,0.05,0,15,"{""creditLessThan"":0.1,""displayDescriptionOnly"":""1"",""walletId"":1,""changeGameId"":1,""mobileAppOnly"":""1""}",FREE,0,,DAILY,,,,0.02881109773,0
https://hollywoodaus.com,<b>VIP Free 68</b>,68,1080,15,0,15.88235294,"{""creditLessThan"":0.1,""changeGameid"":1,""displayDescriptionOnly"":""0"",""changeGameId"":1,""walletId"":1}",FREE,0,,DAILY,,,,1.725557573,0
https://redspin88.com,Daily Free Credit,3,50,30,0,16.66666667,"{""displayAngpaoText"":""1"",""displayDescriptionOnly"":""1"",""creditLessThan"":0.1}",FREE,0,,DAILY,,,,1.648314297,0
https://ezaud.com,FREE CREDIT 365 DAYS,15,250,15,0,16.66666667,"{""walletId"":1,""changeGameId"":1,""displayDescriptionOnly"":""1"",""creditLessThan"":1}",FREE,0,,DAILY,,,,1.4738702,0
https://luck77au.com,<b>Luck777au Giveaway</b>,18,300,15,0,16.66666667,"{""displayDescriptionOnly"":""1"",""walletId"":1,""changeGameId"":1}",FREE,0,,WEEKLY,,,,1.491600397,0
https://rtpvictory88.com,<b>HOURLY FREE CREDIT,3,50,10,0,16.66666667,"{""creditLessThan"":0.1,""walletId"":1,""changeGameId"":1,""displayDescriptionOnly"":""1""}",FREE,0,,HOURLY,,,,1.150990037,0
https://cergas.online,HOURLY FREE 365,3,50,10,0,16.66666667,"{""mobileAppOnly"":""0"",""displayDescriptionOnly"":""1"",""displayAngpaoText"":""1"",""creditLessThan"":0.1,""walletId"":1,""changeGameId"":1}",FREE,0,,HOURLY,,,,1.150990037,0
https://rubyaud.com,<b> Ruby Giveaway</b>,18,300,10,0,16.66666667,"{""creditLessThan"":0.1,""displayDescriptionOnly"":""1"",""walletId"":1,""changeGameId"":1}",FREE,0,,WEEKLY,,,,1.290022394,0
https://cyberbet77.com,<B>⭐️Daily Hour Free </b>,3,50,10,0,16.66666667,"{""creditLessThan"":0.1,""walletId"":1,""changeGameId"":1,""displayAngpaoText"":""1"",""displayDescriptionOnly"":""1""}",FREE,0,,HOURLY,,,,1.150990037,0
https://vip777au.com,<b>Vip777au Giveaway </b>,18,300,10,0,16.66666667,"{""creditLessThan"":0.1,""walletId"":1,""changeGameId"":1,""displayDescriptionOnly"":""1""}",FREE,0,,WEEKLY,,,,1.290022394,0
https://gembetaus.com,Download App Free,8.88,150,20,0,16.89189189,"{""creditLessThan"":0.1,""displayDescriptionOnly"":""1"",""mobileAppOnly"":""0"",""ignoreTrxAmount"":1,""walletId"":1,""changeGameId"":1}",FREE,0,,WEEKLY,,,,1.537791396,0
https://ubet96.com,1 Share Free $6,6,108,20,0,18,"{""customBonus"":""sharebonus"",""creditLessThan"":0.1,""startDate"":""2024-01-10"",""displayAngpaoText"":""0"",""mobileAppOnly"":""1"",""maxCount"":3}",CUSTOM,0,,,,,,1.384920623,1
https://spinup77.com,<b>Special Extra AUD177</b>,177,3500,10,0,19.7740113,"{""displayDescriptionOnly"":""0"",""displayAngpaoText"":""0"",""changeGameId"":1,""walletId"":1}",FREE,0,,,,,,1.203038258,1
https://mcdollar9.com,NEW GAME $10 FREEPLAY + MINIGAME FREEPLAY,10,199,20,0,19.9,"{""creditLessThan"":1,""displayAngpaoText"":""0"",""walletId"":1,""changeGameId"":1,""displayDescriptionOnly"":""1"",""mobileAppOnly"":""1""}",FREE,0,,,,,,1.262683291,0
https://iau9.com,EXCLUSIVE APP FREE,10,199,10,0,19.9,"{""startDate"":""2025-08-09"",""creditLessThan"":0.1,""displayDescriptionOnly"":""1"",""mobileAppOnly"":""1"",""walletId"":1,""changeGameId"":1}",FREE,0,,DAILY,,,,0.9945015539,0
https://ss9au.net,Daily No Deposit Boost,10,199,10,0,19.9,"{""displayDescriptionOnly"":""1"",""mobileAppOnly"":""1"",""displayAngpaoText"":""1"",""creditLessThan"":0.1,""ignoreTrxAmount"":1,""startDate"":""2026-01-23"",""changeGameId"":1,""walletId"":1}",FREE,0,,DAILY,,,,0.9945015539,0
https://aus4win.com,Daily No Deposit Boost,10,199,10,0,19.9,"{""displayDescriptionOnly"":""1"",""mobileAppOnly"":""1"",""displayAngpaoText"":""1"",""creditLessThan"":0.1,""ignoreTrxAmount"":1,""startDate"":""2026-01-23"",""changeGameId"":1,""walletId"":1}",FREE,0,,DAILY,,,,0.9945015539,0
https://audgaming8.com,<b>Subscribe Bonus II</b>,30,600,30,0,20,"{""displayAngpaoText"":""0"",""displayDescriptionOnly"":""1"",""creditLessThan"":0.1,""mustJoinTelegramChannel"":""igaxspeedau33"",""walletId"":1,""changeGameId"":1}",FREE,0,,,,,,1.520727925,0
https://pokiesking1.com,<b>FREE FOR EVERYONE</b>,28.88,577.6,28,0,20,"{""displayAngpaoText"":""1"",""displayDescriptionOnly"":""1"",""walletId"":1,""changeGameId"":1,""creditLessThan"":0.1}",FREE,0,,DAILY,,,,1.487522734,0
https://jackpotau.com,WELCOME BACK FREE,100,2000,20,0,20,"{""displayAngpaoText"":""0"",""walletId"":1,""changeGameId"":1,""displayDescriptionOnly"":""1""}",FREE,0,,MONTHLY,,,,1.45479662,0
https://in8.one,New Register Free,198,3960,20,0,20,"{""displayDescriptionOnly"":""1"",""creditLessThan"":0.01,""walletId"":1,""changeGameId"":1}",FREE,0,,,,,,1.515970816,0
https://candymommy.co,"<b style=""color:black;"">NEW REGISTER FREE</b>",200,4000,20,0,20,"{""creditLessThan"":0.1,""displayDescriptionOnly"":""1"",""registerDate"":""2022-05-06"",""walletId"":1,""changeGameId"":1}",FREE,0,,,,,,1.516872852,0
https://ezaud.com,REFER & EARN,10,200,20,0,20,"{""walletId"":1,""changeGameId"":1,""customBonus"":""sharebonus"",""creditLessThan"":0.1,""startDate"":""2024-12-01"",""displayDescriptionOnly"":""1""}",CUSTOM,0,,,,,,1.254796459,0
https://pp99au.com,APPS DAILY FREE,30,600,20,0,20,"{""creditLessThan"":1,""walletId"":1,""changeGameId"":1,""displayDescriptionOnly"":""1"",""displayAngpaoText"":""1"",""mobileAppOnly"":""1""}",FREE,0,,DAILY,,,,1.348254963,0
https://avg88.com,SHARE BONUS,36,720,20,0,20,"{""customBonus"":""sharebonus"",""creditLessThan"":0.5,""minCount"":1,""displayDescriptionOnly"":""1"",""startDate"":""2023-09-13"",""displayAngpaoText"":""1"",""walletId"":1}",CUSTOM,0,,DAILY,,,,1.364214627,0
https://vip77.club,⭐ VIP77 ⭐ DOWNLINE CONTRIBUTION $30 GET,10,200,20,0,20,"{""customBonus"":""downlinedeposit"",""creditLessThan"":0.5,""startDate"":""2023-11-21"",""displayDescriptionOnly"":""1"",""walletId"":1,""changeGameId"":1}",CUSTOM,0,,DAILY,30,,,1.254796459,0
https://betworld96au.com,Install Betworld96 To Claim Free AUD 18.96,18.96,379.2,20,0,20,"{""mobileAppOnly"":""1"",""walletId"":1,""changeGameId"":1,""displayAngpaoText"":""0"",""displayDescriptionOnly"":""1""}",FREE,0,,,,,,1.308542508,0
https://vvip15au.com,<b>DOWNLOAD APPS BONUS</b>,15.55,311,20,0,20,"{""creditLessThan"":1,""displayDescriptionOnly"":""1"",""mobileAppOnly"":""1"",""walletId"":1,""changeGameId"":1,""displayAngpaoText"":""0""}",FREE,0,,,,,,1.291643519,0
https://ausbet88.com,"<b style=""color:#FF00FB;"">SHARE & INVITE</b>",10,200,20,0,20,"{""customBonus"":""sharebonus"",""creditLessThan"":1,""walletId"":1,""changeGameId"":1,""startDate"":""2023-03-22"",""displayDescriptionOnly"":""1"",""mobileAppOnly"":""0""}",CUSTOM,0,,,,,,1.254796459,0
https://super996.com,"<b style=""color:#00FFFF;"">SHARE & INVITE</b>",10,200,20,0,20,"{""customBonus"":""sharebonus"",""creditLessThan"":0.1,""startDate"":""2023-03-22"",""displayDescriptionOnly"":""1"",""walletId"":1,""changeGameId"":1,""mobileAppOnly"":""1"",""maxCount"":2}",CUSTOM,0,,,,,,1.254796459,0
https://eebet9.com,"<b style=""color:#b3e9ff;"">SHARE & INVITE</b>",5,100,20,0,20,"{""customBonus"":""sharebonus"",""creditLessThan"":0.1,""startDate"":""2023-03-22"",""displayDescriptionOnly"":""1"",""maxCount"":1,""mobileAppOnly"":""1"",""walletId"":1,""changeGameId"":1}",CUSTOM,0,,,,,,1.200121248,0
https://aus2u.com,1+1 X AUS2U 579$,579,11580,18,0,20,"{""displayAngpaoText"":""0"",""displayDescriptionOnly"":""1"",""walletId"":1,""changeGameId"":1,""creditLessThan"":0.1}",FREE,0,,DAILY,,,,1.559456007,0
https://speedaud.com,1+1 X SPEEDAUD 369$,369,7380,18,0,20,"{""displayAngpaoText"":""0"",""displayDescriptionOnly"":""1"",""walletId"":1,""changeGameId"":1,""creditLessThan"":0.1}",FREE,0,,DAILY,,,,1.520240498,0
https://royalaud.com,<b>⭐Hourly Reward,5,100,10,0,20,"{""creditLessThan"":0.1,""displayAngpaoText"":""1"",""displayDescriptionOnly"":""1"",""changeGameId"":1,""walletId"":1}",FREE,0,,HOURLY,,,,0.9452270846,0
https://royalaud.com,<b>Daily Ultra Free</b>,30,600,10,0,20,"{""creditLessThan"":0.1,""walletId"":1,""changeGameId"":1,""displayDescriptionOnly"":""1""}",FREE,0,,DAILY,,,,1.061898629,0
https://reef33.vip,<b>Daily Free 30 </b>,30,600,10,0,20,"{""creditLessThan"":0.1,""displayDescriptionOnly"":""1"",""walletId"":1,""changeGameId"":1,""displayAngpaoText"":""0""}",FREE,0,,DAILY,,,,1.061898629,0
https://hollywoodaus.com,"<b style=""color:gold;"">Download APK</b>",20,400,10,0,20,"{""creditLessThan"":0.1,""displayDescriptionOnly"":""1"",""registerDate"":""2024-04-22"",""changeGameid"":1,""mobileAppOnly"":""1"",""displayAngpaoText"":""1"",""changeGameId"":1,""walletId"":1}",FREE,0,,DAILY,,,,1.034229229,0
https://neiro55.com,<b>Check-In Bonus</b>,25,500,10,0,20,"{""displayDescriptionOnly"":""1"",""creditLessThan"":0.1,""displayAngpaoText"":""1"",""ignoreTrxAmount"":1,""changeGameId"":1,""walletId"":1}",FREE,0,,DAILY,,,,1.049402532,0
https://neiro55.com,<b>For Android Member</b>,35,700,10,0,20,"{""displayDescriptionOnly"":""1"",""displayAngpaoText"":""1"",""mobileAppOnly"":""1"",""ignoreTrxAmount"":1,""changeGameId"":1,""walletId"":1}",FREE,0,,DAILY,,,,1.072522063,0
https://bondi333.com,<b>Daily Free $30</b>,30,600,10,0,20,"{""creditLessThan"":0.1,""displayDescriptionOnly"":""1"",""walletId"":1,""changeGameId"":1,""displayAngpaoText"":""0""}",FREE,0,,DAILY,,,,1.061898629,0
https://southern9.com,DOWNLINE REGISTER GET,2,40,10,0,20,"{""customBonus"":""sharebonus"",""creditLessThan"":0.01,""startDate"":""2025-01-20"",""displayAngpaoText"":""1"",""displayDescriptionOnly"":""1"",""fixRT"":1}",CUSTOM,0,,,,,,0.8959826649,0
https://dd8au.com,DAILY FREE,500,10000,10,0,20,"{""creditLessThan"":0.1, ""displayDescriptionOnly"":""1"",""walletId"":1,""changeGameId"":1}",FREE,0,,DAILY,,,,1.259588898,0
https://fc8au.com,LUCKY DAILY WIN FREE,500,10000,10,0,20,"{""displayDescriptionOnly"":""1"",""creditLessThan"":0.1,""walletId"":1,""changeGameId"":1}",FREE,0,,DAILY,,,,1.259588898,0
https://ozreel88.com,365 FREE,10,200,10,100,20,"{""creditLessThan"":0.1,""displayDescriptionOnly"":""1"",""walletId"":1,""changeGameId"":1,""displayAngpaoText"":""0""}",FREE,0,,DAILY,,,,0.0220303076,0
https://onya88.com,365 FREE,10,200,10,200,20,"{""creditLessThan"":0.1,""displayDescriptionOnly"":""1"",""walletId"":1,""changeGameId"":1}",FREE,0,,DAILY,,,,0.005052329098,0
https://luckymate88.com,Daily Free $5,5,100,3.99,0,20,"{""creditLessThan"":0.1,""mobileAppOnly"":""0"",""displayDescriptionOnly"":""1"",""displayAngpaoText"":""1"",""changeGameId"":1,""walletId"":1}",FREE,0,,DAILY,,,,0.633635662,0
https://hotpokies88.com,Daily Free $5,5,100,3.99,0,20,"{""creditLessThan"":0.1,""mobileAppOnly"":""0"",""displayDescriptionOnly"":""1"",""displayAngpaoText"":""1"",""changeGameId"":1,""walletId"":1}",FREE,0,,DAILY,,,,0.633635662,0
https://kingaud.com,Daily Free $5,5,100,3.99,0,20,"{""creditLessThan"":0.1,""mobileAppOnly"":""0"",""displayDescriptionOnly"":""1"",""displayAngpaoText"":""1"",""changeGameId"":1,""walletId"":1}",FREE,0,,DAILY,,,,0.633635662,0
https://wombats88.com,<b>SHARE BONUS</b>,32,640,0.1,0,20,"{""customBonus"":""sharebonus"",""creditLessThan"":0.1,""startDate"":""2024-02-01"",""displayDescriptionOnly"":""1"",""displayAngpaoText"":""1"",""walletId"":1,""changeGameId"":1}",CUSTOM,0,,,,,,0.04238429147,0
https://tab968.com,<b>FREE 365</b>,5,100,0.05,0,20,"{""creditLessThan"":0.1,""displayDescriptionOnly"":""1"",""displayAngpaoText"":""1""}",FREE,0,,DAILY,,,,0.01923261001,0
https://vip777au.com,<b>Free All Slot 365Days</b>,5,100,0.05,0,20,"{""creditLessThan"":0.1,""displayDescriptionOnly"":""1""}",FREE,0,,DAILY,,,,0.01923261001,0
https://cyberpunk369.com,<b>AEP ALL SLOT </b>,5,100,0.05,0,20,"{""displayAngpaoText"":""1"",""displayDescriptionOnly"":""1"",""creditLessThan"":0.1,""registerDate"":""2024-01-01"",""mobileAppOnly"":""0"",""mustJoinTelegramChannel"":""auspokiesentertaintment""}",FREE,0,,,,,,0.01923261001,0
https://mrpokies77.com,<b>FREE 365</b>,5,100,0.05,0,20,"{""creditLessThan"":0.1,""displayDescriptionOnly"":""1"",""displayAngpaoText"":""1""}",FREE,0,,DAILY,,,,0.01923261001,0
https://iw99au.com,<b>FREE 365 DAYS ALL SLOT<b>,5,100,0.05,0,20,"{""displayDescriptionOnly"":""1"",""displayAngpaoText"":""1"",""walletId"":1,""changeGameId"":1}",FREE,0,,DAILY,,,,0.01923261001,0
https://in8.one,FACEBOOK LIMITED BONUS,8,168,10,0,21,"{""displayDescriptionOnly"":""1"",""creditLessThan"":0.01,""walletId"":1,""changeGameId"":1}",FREE,0,,DAILY,,,,0.9164043599,0
https://spinup77.com,<b>Download App Bonus</b>,27,577,10,0,21.37037037,"{""creditLessThan"":0.1,""displayDescriptionOnly"":""1"",""displayAngpaoText"":""1"",""mobileAppOnly"":""1"",""ignoreTrxAmount"":1,""changeGameId"":1,""walletId"":1}",FREE,0,,DAILY,,,,0.9708184036,1
https://spinup77.com,<b>Check-In Free</b>,27,577,10,0,21.37037037,"{""creditLessThan"":0.1,""displayDescriptionOnly"":""1"",""ignoreTrxAmount"":1,""changeGameId"":1,""walletId"":1}",FREE,0,,DAILY,,,,0.9708184036,1
https://spaceman369.com,<b>Welcome Back▶️</b>,28,600,20,0,21.42857143,"{""creditLessThan"":0.5,""displayAngpaoText"":""1"",""displayDescriptionOnly"":""1"",""walletId"":1,""changeGameld"":1}",FREE,0,,WEEKLY,,,,1.231334056,0
https://tab968.com,<b>Tab968 Giveaway</b>,28,600,20,0,21.42857143,"{""displayDescriptionOnly"":""1"",""walletId"":1,""changeGameId"":1}",FREE,0,,WEEKLY,,,,1.231334056,0
https://play99au.com,<b>IOS & ANDROID APPS BONUS</b>,18,388,18,0,21.55555556,"{""creditLessThan"":1,""displayDescriptionOnly"":""1"",""mobileAppOnly"":""1"",""walletId"":1,""changeGameId"":1,""displayAngpaoText"":""0""}",FREE,0,,,,,,1.148501344,0
https://hb88au.com,<b>IOS & ANDROID APPS BONUS</b>,18,388,18,0,21.55555556,"{""creditLessThan"":1,""displayDescriptionOnly"":""1"",""mobileAppOnly"":""1"",""walletId"":1,""changeGameId"":1,""displayAngpaoText"":""0""}",FREE,0,,,,,,1.148501344,0
https://aus88win.com,Special Daily Free,11.88,260,20,0,21.88552189,"{""creditLessThan"":0.1,""displayDescriptionOnly"":""1"",""mobileAppOnly"":""1"",""displayAngpaoText"":""1"",""walletId"":1,""changeGameId"":1}",FREE,0,,DAILY,,,,1.133868811,0
https://betman9.com,BETMAN 9 x BNG,9,199,20,0,22.11111111,"{""mobileAppOnly"":""1"",""displayDescriptionOnly"":""1"",""displayAngpaoText"":""0"",""walletId"":1,""changeGameId"":1,""creditLessThan"":0.1}",FREE,0,,,,,,1.099288679,0
https://lego66.co,<b>Daily Free</b>,30,666,10,0,22.2,"{""creditLessThan"":""0.10"",""displayDescriptionOnly"":""1"",""changeGameId"":1,""walletId"":1}",FREE,0,,DAILY,,,,0.9320288087,0
https://auwin7.com,Daily Check In Bonus,16.88,377,17,0,22.33412322,"{""creditLessThan"":0.1,""mobileAppOnly"":""0"",""displayAngpaoText"":""0"",""displayDescriptionOnly"":""1"",""walletId"":1,""changeGameId"":1}",FREE,0,,DAILY,,,,1.073968646,0
https://cyberbet77.com,<b>⭐️WELCOME BACK AUD88<b>,88,2000,10,0,22.72727273,"{""creditLessThan"":0.1,""walletId"":1,""changeGameId"":1,""displayDescriptionOnly"":""1"",""registerBeforeDate"":""2026-05-25"",""displayAngpaoText"":""0""}",FREE,0,,,,,,0.9689408751,0
https://betus10.co,<b>Daily Free Credit</b>,30,700,10,0,23.33333333,"{""creditLessThan"":0.1,""displayDescriptionOnly"":""1"",""ignoreTrxAmount"":1,""changeGameId"":1,""walletId"":1}",FREE,0,,DAILY,,,,0.875789175,0
https://zeroaud.com,<b>Download App Bonus</b>,30,700,10,0,23.33333333,"{""creditLessThan"":0.1,""displayDescriptionOnly"":""1"",""displayAngpaoText"":""1"",""mobileAppOnly"":""1"",""ignoreTrxAmount"":1,""changeGameId"":1,""walletId"":1}",FREE,0,,DAILY,,,,0.875789175,0
https://aus2u.com,ANDROID FREE 25$,25,600,15,0,24,"{""displayDescriptionOnly"":""1"",""mobileAppOnly"":""1"",""walletId"":1,""changeGameId"":1,""creditLessThan"":0.1}",FREE,0,,DAILY,,,,0.9660971284,0
https://world99aud.com,<b>Daily Free</b>,20,499,10,0,24.95,"{""creditLessThan"":""0.10"",""displayDescriptionOnly"":""1"",""changeGameId"":1,""walletId"":1}",FREE,0,,DAILY,,,,0.7844515303,0
https://world99aud.com,<b>Download App Bonus</b>,20,499,10,0,24.95,"{""creditLessThan"":0.1,""displayDescriptionOnly"":""1"",""displayAngpaoText"":""1"",""mobileAppOnly"":""1"",""ignoreTrxAmount"":1,""changeGameId"":1,""walletId"":1}",FREE,0,,DAILY,,,,0.7844515303,0
https://cashnet99.com,[App] Daily Free Credit,20,500,30,0,25,"{""mobileAppOnly"":""1""}",FREE,0,,DAILY,,,,1.120592605,0
https://redspin88.com,[App] Daily Free,20,500,30,0,25,"{""mobileAppOnly"":""1"",""creditLessThan"":""0.01"",""displayDescriptionOnly"":""1""}",FREE,0,,DAILY,,,,1.120592605,0
https://rubyaud.com,<b> Download Apps Free </b>,20,500,20,0,25,"{""creditLessThan"":0.1,""displayDescriptionOnly"":""1"",""walletId"":1,""changeGameId"":1,""mobileAppOnly"":""1""}",FREE,0,,DAILY,,,,0.993500886,0
https://spaceman369.com,<b>Download Apps Spaceman369</b>,20,500,20,0,25,"{""creditLessThan"":0.5,""displayDescriptionOnly"":""1"",""walletId"":1,""changeGameId"":1,""mobileAppOnly"":""1""}",FREE,0,,DAILY,,,,0.993500886,0
https://tab968.com,<b>Download Apps Tab968</b>,20,500,20,0,25,"{""creditLessThan"":0.5,""displayDescriptionOnly"":""1"",""walletId"":1,""changeGameId"":1,""mobileAppOnly"":""1""}",FREE,0,,DAILY,,,,0.993500886,0
https://luck77au.com,<b> Download Apps Free </b>,20,500,20,0,25,"{""creditLessThan"":0.1,""displayDescriptionOnly"":""1"",""walletId"":1,""changeGameId"":1,""mobileAppOnly"":""1""}",FREE,0,,DAILY,,,,0.993500886,0
https://audgo.net,<b>   Application Chips   </b>,20,500,20,0,25,"{""startDate"":""2024-06-01"",""creditLessThan"":1,""displayDescriptionOnly"":""1"",""displayAngpaoText"":""1"",""walletId"":1,""changeGameId"":1,""mobileAppOnly"":""1""}",FREE,0,,DAILY,,,,0.993500886,0
https://betus10.co,<b>Download App Bonus</b>,20,500,10,0,25,"{""displayDescriptionOnly"":""1"",""displayAngpaoText"":""1"",""mobileAppOnly"":""1"",""ignoreTrxAmount"":1,""changeGameId"":1,""walletId"":1}",FREE,0,,DAILY,,,,0.782490892,0
https://zeroaud.com,<b>Daily Free</b>,20,500,10,0,25,"{""creditLessThan"":""0.10"",""displayDescriptionOnly"":""1"",""changeGameId"":1,""walletId"":1}",FREE,0,,DAILY,,,,0.782490892,0
https://1winbet369.com,<b> 1Winbet Giveaway $20,20,500,10,0,25,"{""displayDescriptionOnly"":""1"",""walletId"":1,""changeGameId"":1}",FREE,0,,WEEKLY,,,,0.782490892,0
https://cyberpunk369.com,<b>Check-in Bonus TUESDAY</b>,4,100,8,0,25,"{""claimTime"":""N=2"",""displayDescriptionOnly"":""1"",""displayAngpaoText"":""0"",""creditLessThan"":0.1,""walletId"":1,""changeGameId"":1}",FREE,0,,WEEKLY,,,,0.6463240896,1
https://mrpokies77.com,<b>Download Apps Daily</b>,20,500,5,0,25,"{""creditLessThan"":0.1,""displayDescriptionOnly"":""1"",""registerDate"":""2024-06-17"",""walletId"":1,""changeGameld"":1,""mobileAppOnly"":""1"",""displayAngpaoText"":""1""}",FREE,0,,DAILY,,,,0.584694203,0
https://weplay88.com,<b> FREE 365 DAY </b>,4,100,0.05,0,25,"{""walletId"":1,""changeGameId"":1,""displayDescriptionOnly"":""1""}",FREE,0,,DAILY,,,,0.01435185951,0
https://onyxaud.com,<B>Daily Free</b>,4,100,0.05,0,25,"{""walletId"":1,""changeGameId"":1}",FREE,0,,DAILY,,,,0.01435185951,0
https://speedaud.com,TUESDAY FREE $$$,12,320,15,0,26.66666667,"{""mobileAppOnly"":""1"",""claimTime"":""N=02"",""displayAngpaoText"":""0"",""displayDescriptionOnly"":""1"",""walletId"":1,""changeGameId"":1,""creditLessThan"":0.1}",FREE,0,,WEEKLY,,,,0.8071429954,1
https://dolphin88.co,<b>Daily Free $38.88 </b>,38.88,1088,8.8,0,27.98353909,"{""walletId"":1,""changeGameId"":1,""creditLessThan"":0.1,""displayDescriptionOnly"":""1""}",FREE,0,,DAILY,,,,0.6753956605,0
https://royale9au.com,Checkin Tuesday,11,310,15,0,28.18181818,"{""displayDescriptionOnly"":""1"",""displayAngpaoText"":""0"",""claimTime"":""N=02"",""walletId"":1,""changeGameId"":1}",FREE,0,,WEEKLY,,,,0.7489862033,1
https://maxspin7.com,<b>7M Download Bonus</b>,7,200,20,0,28.57142857,"{""customBonus"":""manual"",""mobileAppOnly"":""0"",""displayDescriptionOnly"":""1"",""displayAngpaoText"":""1"",""fixRT"":1,""changeGameId"":1,""walletId"":1}",FREE,0,,,,,,0.7850334691,0
https://in8.one,TELEGRAM LIMITED BONUS,10,288,20,0,28.8,"{""displayDescriptionOnly"":""1"",""creditLessThan"":0.01,""walletId"":1,""changeGameId"":1}",FREE,0,,DAILY,,,,0.79546334,0
https://galaxyau.com,<b>App Free</b> (Convert Deposit),10,288,20,0,28.8,"{""creditLessThan"":0.5,""mobileAppOnly"":""1"",""displayDescriptionOnly"":""1"",""walletId"":1,""changeGameId"":1}",FREE,0,,DAILY,,,,0.79546334,0
https://ubet96.com,APP BONUS,10,289,19,0,28.9,"{""creditLessThan"":0.1,""mobileAppOnly"":""1"",""displayAngpaoText"":""0""}",FREE,0,,,,,,0.7793316154,0
https://bigpay77.net,Apps Daily Free,17,500,10,0,29.41176471,"{""creditLessThan"":1,""displayDescriptionOnly"":""1"",""mobileAppOnly"":""1"",""displayAngpaoText"":""1"",""fixRT"":1,""walletId"":1,""changeGameId"":1}",FREE,0,,DAILY,,,,0.6318727501,0
https://boyabet9.com,<B>SPECIAL DAILY FREE<B>,54,1600,20,0,29.62962963,"{""creditLessThan"":0.1,""displayDescriptionOnly"":""1"",""mobileAppOnly"":""0"",""walletId"":1,""changeGameId"":1}",FREE,0,,DAILY,,,,0.8565430609,0
https://dns33.com,DOWNLINE GAIN & WITHDRAW AUD 30,8,240,30,0,30,"{""customBonus"":""sharebonus"",""creditLessThan"":0.5,""startDate"":""2023-11-21"",""displayDescriptionOnly"":""1"",""displayAngpaoText"":""1"",""walletId"":1,""changeGameId"":1}",CUSTOM,0,,DAILY,,,,0.8402879928,0
https://mrpokies77.com,<b>Welcome Back</b>,18,540,18,0,30,"{""displayDescriptionOnly"":""1""}",FREE,0,,WEEKLY,,,,0.7597644433,0
https://win99aud.com,<b>FREE 365 DAY</b>,20,600,15,0,30,"{""creditLessThan"":0.1,""displayDescriptionOnly"":""1"",""displayAngpaoText"":""1"",""changeGameId"":1,""walletId"":1}",FREE,0,,DAILY,,,,0.7203739083,0
https://play369.co,<b>Daily Free $5,5,150,15,0,30,"{""creditLessThan"":0.1,""displayDescriptionOnly"":""1""}",FREE,0,,DAILY,,,,0.6583810534,0
https://spinking.co,ARISTOVA FREE CREDIT 10$,10,300,12,0,30,"{""creditLessThan"":0.1,""mobileAppOnly"":""0"",""walletId"":1,""changeGameId"":1,""displayAngpaoText"":""1"",""displayDescriptionOnly"":""1""}",FREE,0,,,,,,0.6368231262,0
https://deespin.com,ARISTOVA FREE CREDIT 10$,10,300,12,0,30,"{""creditLessThan"":0.1,""mobileAppOnly"":""0"",""walletId"":1,""changeGameId"":1,""displayAngpaoText"":""1"",""displayDescriptionOnly"":""1""}",FREE,0,,,,,,0.6368231262,0
https://nelspin.com,ARISTOVA FREE CREDIT 10$,10,300,12,0,30,"{""creditLessThan"":0.1,""mobileAppOnly"":""0"",""walletId"":1,""changeGameId"":1,""displayAngpaoText"":""1"",""displayDescriptionOnly"":""1""}",FREE,0,,,,,,0.6368231262,0
https://sapphireaud.com,<b>TLG Daily Free 5</b>,5,150,10,0,30,"{""displayAngpaoText"":""1"",""displayDescriptionOnly"":""1"",""creditLessThan"":0.1,""registerDate"":""2024-01-01"",""mobileAppOnly"":""0"",""mustJoinTelegramChannel"":""SapphireAUFreebieGroupA1""}",FREE,0,,DAILY,,,,0.5694060583,0
https://topaz33.com,<b>Download Apps Free</b>,20,600,5,0,30,"{""creditLessThan"":0.5,""displayDescriptionOnly"":""1"",""walletId"":1,""changeGameId"":1,""mobileAppOnly"":""1""}",FREE,0,,DAILY,,,,0.4655348849,0
https://riches88.live,<b>Download Apps Free</b>,20,600,5,0,30,"{""creditLessThan"":0.5,""displayDescriptionOnly"":""1"",""walletId"":1,""changeGameId"":1,""mobileAppOnly"":""1""}",FREE,0,,DAILY,,,,0.4655348849,0
https://vip777au.com,<b>▶️Download Apps Free,20,600,5,0,30,"{""creditLessThan"":0.5,""displayDescriptionOnly"":""1"",""walletId"":1,""changeGameId"":1,""mobileAppOnly"":""1""}",FREE,0,,DAILY,,,,0.4655348849,0
https://aus789.com,<b>APP Download Bonus $16</b>,16,500,20,0,31.25,"{""startDate"":""2023-09-17"",""creditLessThan"":0.2,""displayDescriptionOnly"":""0"",""mobileAppOnly"":""1"",""displayAngpaoText"":""0"",""walletId"":1,""changeGameId"":1}",FREE,0,,,,,,0.740765123,0
https://spinfortune777.com,<b>JUNE DAILY FREE $25</b>,25,800,20,0,32,"{""creditLessThan"":0.1,""walletId"":1,""changeGameId"":1,""displayDescriptionOnly"":""1"",""displayAngpaoText"":""0""}",FREE,0,,DAILY,,,,0.7404250395,0
https://aus2u.com,TUESDAY FREE $$$,10,320,15,0,32,"{""mobileAppOnly"":""1"",""claimTime"":""N=02"",""displayAngpaoText"":""0"",""displayDescriptionOnly"":""1"",""walletId"":1,""changeGameId"":1,""creditLessThan"":0.1}",FREE,0,,WEEKLY,,,,0.6350231815,1
https://iau9.com,2026 Sign Up & Get FREE I,9,299,20,0,33.22222222,"{""displayDescriptionOnly"":""1"",""mobileAppOnly"":""0"",""displayAngpaoText"":""0"",""walletId"":1,""changeGameId"":1,""creditLessThan"":0.1}",FREE,0,,,,,,0.6608290336,0
https://lego66.co,<b>Download App Bonus</b>,20,666,10,0,33.3,"{""creditLessThan"":0.1,""displayDescriptionOnly"":""1"",""displayAngpaoText"":""1"",""mobileAppOnly"":""1"",""ignoreTrxAmount"":1,""changeGameId"":1,""walletId"":1}",FREE,0,,DAILY,,,,0.5468258165,0
https://speed9.co,SPEED 9 APP BONUS,3,100,20,0,33.33333333,"{""creditLessThan"":1,""displayDescriptionOnly"":""1"",""mobileAppOnly"":""1"",""displayAngpaoText"":""1"",""ignoreTrxAmount"":1,""walletId"":1,""changeGameId"":1,""offUsernames"":[""1A297A70"",""10171192""]}",FREE,0,,DAILY,,,,0.6144308844,0
https://auwin7.com,App Download Free AUD3,3,100,17,0,33.33333333,"{""creditLessThan"":0.1,""displayDescriptionOnly"":""1"",""displayAngpaoText"":""1"",""mobileAppOnly"":""1"",""walletId"":1,""changeGameId"":1}",FREE,0,,,,,,0.5833209351,0
https://harbour33.com,<B>Apps Daily Free</B>,15,500,10.01,0,33.33333333,"{""creditLessThan"":0.1,""walletId"":1,""changeGameId"":1,""displayDescriptionOnly"":""1"",""mobileAppOnly"":""1""}",FREE,0,,,,,,0.5361435018,0
https://pokiesbillion.com,<b>✅Hourly Free,3,100,10,0,33.33333333,"{""creditLessThan"":0.1,""walletId"":1,""changeGameld"":1,""displayAngpaoText"":""1"",""displayDescriptionOnly"":""1""}",FREE,0,,HOURLY,,,,0.4839316981,0
https://spinfortune777.com,<b>DAILY FREE $3</b>,3,100,10,0,33.33333333,"{""creditLessThan"":0.1,""displayDescriptionOnly"":""1""}",FREE,0,,DAILY,,,,0.4839316981,0
https://sapphireaud.com,<b>Bonza Free 365</b>,3,100,10,0,33.33333333,"{""creditLessThan"":0.1,""displayDescriptionOnly"":""1"",""displayAngpaoText"":""1""}",FREE,0,,DAILY,,,,0.4839316981,0
https://me99aud.com,me99 APP BONUS,15,500,10,0,33.33333333,"{""creditLessThan"":1,""displayDescriptionOnly"":""1"",""mobileAppOnly"":""1"",""displayAngpaoText"":""1"",""fixRT"":1,""walletId"":1,""changeGameId"":1}",FREE,0,,DAILY,,,,0.5359404082,0
https://kingtech88.com,Daily Free Chips,2.88,100,10,0,34.72222222,"{""creditLessThan"":0.2,""displayDescriptionOnly"":""1"",""walletId"":1,""changeGameId"":1}",FREE,0,,DAILY,,,,0.4587714565,0
https://kangaroo88.com,Download App Bonus,10.88,400,18,0,36.76470588,"{""walletId"":1,""changeGameId"":1,""creditLessThan"":0.1,""displayDescriptionOnly"":""1"",""mobileAppOnly"":""0""}",FREE,0,,,,,,0.5701004485,0
https://penguin88.club,<b>Download APP</b>,8,300,20,0,37.5,"{""walletId"":1,""changeGameId"":1,""creditLessThan"":""0.10"",""mobileAppOnly"":""1"",""displayDescriptionOnly"":""1"",""displayAngpaoText"":""1""}",FREE,0,,,,,,0.5636521242,0
https://spinfortune777.com,<b>DAILY FREE $4</b>,4,150,10,0,37.5,"{""creditLessThan"":0.1,""displayDescriptionOnly"":""1""}",FREE,0,,DAILY,,,,0.4249051869,0
https://dolphin88.co,<b>365 Daily App Bonus</b>,40.88,1588,8.8,0,38.84540117,"{""creditLessThan"":""0.10"",""mobileAppOnly"":""1"",""displayDescriptionOnly"":""1"",""walletId"":1,""changeGameId"":1}",FREE,0,,DAILY,,,,0.449684628,0
https://kangaroo88.com,<b>365 Daily App Bonus</b>,40.88,1588,8.8,0,38.84540117,"{""walletId"":1,""changeGameId"":1,""creditLessThan"":0.1,""displayDescriptionOnly"":""1"",""mobileAppOnly"":""1""}",FREE,0,,DAILY,,,,0.449684628,0
https://koala88.co,<b>365 Daily App Bonus</b>,40.88,1588,8.8,0,38.84540117,"{""walletId"":1,""changeGameId"":1,""creditLessThan"":0.1,""displayDescriptionOnly"":""1"",""mobileAppOnly"":""1""}",FREE,0,,DAILY,,,,0.449684628,0
https://decho34.com,"<b style=""colour:white"">APP Free (Convert Deposit)",10,390,21,0,39,"{""creditLessThan"":0.01,""displayDescriptionOnly"":""1"",""mobileAppOnly"":""1"",""walletId"":1,""changeGameId"":1}",FREE,0,,DAILY,,,,0.5528608168,0
https://aus789.com,<b> SHARE & GET FREE</b>,12,476,20,0,39.66666667,"{""customBonus"":""sharebonus"",""creditLessThan"":1,""mobileAppOnly"":""0"",""displayAngpaoText"":""0"",""startDate"":""2023-08-20"",""maxCount"":5,""displayDescriptionOnly"":""1"",""walletId"":1,""changeGameId"":1}",CUSTOM,0,,,,,,0.539526761,0
https://safeau.net,<B>DOWNLOAD APP FREE</B>,10,399,15,0,39.9,"{""creditLessThan"":0.01,""displayDescriptionOnly"":""1"",""displayAngpaoText"":""1"",""mobileAppOnly"":""1"",""walletId"":1,""changeGameId"":1}",FREE,0,,DAILY,,,,0.4819599302,0
https://win99aud.com,<b>Apps Angpao $5</b>,5,200,20,0,40,"{""displayDescriptionOnly"":""1"",""displayAngpaoText"":""1"",""mobileAppOnly"":""1"",""walletId"":1,""changeGameId"":1}",FREE,0,,,,,,0.5045888277,0
https://maxspin7.com,<b>Mobile App Bonus<b>,5,200,20,0,40,"{""customBonus"":""manual"",""mobileAppOnly"":""1"",""displayDescriptionOnly"":""1"",""displayAngpaoText"":""1"",""fixRT"":1,""changeGameId"":1,""walletId"":1}",FREE,0,,,,,,0.5045888277,0
https://betworld168.vip,<b>Mobile App Bonus<b>,5,200,20,0,40,"{""customBonus"":""manual"",""mobileAppOnly"":""1"",""displayDescriptionOnly"":""1"",""displayAngpaoText"":""1"",""fixRT"":1,""walletId"":1,""changeGameId"":1,""creditLessThan"":0.1}",FREE,0,,,,,,0.5045888277,0
https://play77au.com,DAILY CHECK IN : DAY 2,2.5,100,10,0,40,"{""claimTime"":""N=2"",""creditLessThan"":0.1,""maxRoundTargetAll"":500,""displayAngpaoText"":""0"",""walletId"":1,""changeGameId"":1,""displayDescriptionOnly"":""1""}",FREE,0,,DAILY,,,,0.3813188801,1
https://acehighwin.com,<B>Daily Free(Event),15,600,10,0,40,"{""creditLessThan"":0.1,""walletId"":1,""changeGameId"":1,""displayDescriptionOnly"":""1""}",FREE,0,,DAILY,,,,0.426717,0
https://aus2u.com,Daily Free Credit $99,99,4000,20,0,40.4040404,"{""displayAngpaoText"":""1"",""displayDescriptionOnly"":""1"",""walletId"":1,""changeGameId"":1,""creditLessThan"":0.1}",FREE,0,,DAILY,,,,0.6036577183,0
https://speedaud.com,Daily Free Credit $99,99,4000,20,0,40.4040404,"{""displayAngpaoText"":""1"",""displayDescriptionOnly"":""1"",""walletId"":1,""changeGameId"":1,""creditLessThan"":0.1}",FREE,0,,DAILY,,,,0.6036577183,0
https://on88aud.io,Daily Free Credit $99,99,4000,20,0,40.4040404,"{""displayAngpaoText"":""1"",""displayDescriptionOnly"":""1"",""walletId"":1,""changeGameId"":1,""creditLessThan"":0.1}",FREE,0,,DAILY,,,,0.6036577183,0
https://pokies7bet.com,<b>365ᴅᴀʏꜱ ꜰʀᴇᴇ ᴄʀᴇᴅɪᴛ</b>,6.88,280,27,0,40.69767442,"{""creditLessThan"":1,""displayAngpaoText"":""1"",""displayDescriptionOnly"":""1"",""walletId"":1,""changeGameId"":1}",FREE,0,,DAILY,,,,0.5515316312,0
https://jw8au.com,<b>App Bonus</b>,88,3888,38,0,44.18181818,"{""creditLessThan"":0.1,""displayDescriptionOnly"":""1"",""registerDate"":""2023-01-01"",""walletId"":1,""changeGameId"":1,""displayAngpaoText"":""1"",""mobileAppOnly"":""1""}",FREE,0,,,,,,0.6449116816,0
https://rolex66.vip,<b>Daily Checkin</b>,38,1688,20,0,44.42105263,"{""creditLessThan"":0.1,""displayDescriptionOnly"":""1"",""mobileAppOnly"":""1"",""walletId"":1,""changeGameId"":1}",FREE,0,,DAILY,,,,0.5048858803,0
https://riches88.live,<b>365 Day Free </b>,10,450,10.01,0,45,"{""creditLessThan"":0.1,""walletId"":1,""changeGameld"":1,""displayDescriptionOnly"":""1""}",FREE,0,,DAILY,,,,0.358773794,0
https://galaxyau.com,Attend Reward,3,138,20,0,46,"{""creditLessThan"":0.5,""mobileAppOnly"":""0"",""displayDescriptionOnly"":""1"",""walletId"":1,""changeGameId"":1}",FREE,0,,DAILY,,,,0.4107940829,0
https://aud2u.com,Daily Super Free 365,1.88,88,10,0,46.80851064,"{""creditLessThan"":0.10,""displayDescriptionOnly"":""1"",""walletId"":1,""changeGameId"":1}",FREE,0,,DAILY,,,,0.308512692,0
https://ozreel88.com,DOWNLOAD APP,18.88,888,10,188,47.03389831,"{""creditLessThan"":0.1,""displayDescriptionOnly"":""1"",""walletId"":1,""changeGameId"":1,""mobileAppOnly"":""1""}",FREE,0,,,,,,0.006019154115,0
https://onya88.com,DOWNLOAD APP,18.88,888,10,888,47.03389831,"{""creditLessThan"":0.1,""displayDescriptionOnly"":""1"",""walletId"":1,""changeGameId"":1,""mobileAppOnly"":""1""}",FREE,0,,,,,,0.0001980131597,0
https://mrbean9.com,MrBean9 APP BONUS,13,630,10,0,48.46153846,"{""creditLessThan"":1,""displayDescriptionOnly"":""1"",""mobileAppOnly"":""1"",""displayAngpaoText"":""1"",""fixRT"":1,""walletId"":1,""changeGameId"":1}",FREE,0,,WEEKLY,,,,0.3325751939,0
https://koala88.co,<b>Download App Bonus</b>,10,499,10,0,49.9,"{""walletId"":1,""changeGameId"":1,""creditLessThan"":0.1,""displayDescriptionOnly"":""1"",""mobileAppOnly"":""1""}",FREE,0,,,,,,0.3151709128,0
https://betus10.co,<b>Referred Free</b>,6,300,50,0,50,"{""customBonus"":""sharebonus"",""creditLessThan"":1,""startDate"":""2023-10-25"",""displayDescriptionOnly"":""1"",""displayAngpaoText"":""1"",""changeGameId"":1,""walletId"":1}",CUSTOM,0,,,,,,0.4987444534,0
https://sp77aud.co,<b>Top Tier Rewards</b>,10,500,50,0,50,"{""startDate"":""2026-05-25"",""userTag"":{""bonusFixed"":{""VVIP"":{""BRONZE"":10,""SILVER"":10,""GOLD"":30,""PLATINUM"":40,""DIAMOND"":50,""ELITE"":60,""MASTER"":70}},""onlyFor"":""VVIP""},""creditLessThan"":0.1,""displayAngpaoText"":""1"",""walletId"":1,""changeGameId"":1,""displayDescriptionOnly"":""1""}",FREE,0,,,,,,0.5154936789,0
https://space9au.com,ᴀᴜꜱᴛʀᴀʟɪᴀɴ 2-0 ʀᴇᴡᴀʀᴅ,20,1000,30,0,50,"{""customBonus"":""manual"",""creditLessThan"":0.5,""displayDescriptionOnly"":""1"",""mobileAppOnly"":""0"",""displayAngpaoText"":""1"",""walletId"":1,""changeGameId"":1}",FREE,0,,,,,,0.4711511523,1
https://jk123au.com,"GDAY, FREE’S YOURS!",7,350,30,0,50,"{""creditLessThan"":0.5,""displayDescriptionOnly"":""1"",""displayAngpaoText"":""1"",""mobileAppOnly"":""0"",""walletId"":1,""changeGameId"":1,""offUsernames"":[""392576581"",""396299827"",""A016A2116""]}",FREE,0,,,,,,0.4399163522,0
https://gday123.com,"GDAY, FREE’S YOURS!",7,350,30,0,50,"{""creditLessThan"":0.5,""displayDescriptionOnly"":""1"",""displayAngpaoText"":""1"",""mobileAppOnly"":""0"",""walletId"":1,""changeGameId"":1,""offUsernames"":[""392576581"",""396299827"",""A016A2116""]}",FREE,0,,,,,,0.4399163522,0
https://tiger88.games,<b>Daily Free</b>,20,1000,20.08,0,50,"{""displayDescriptionOnly"":""1"",""walletId"":1,""changeGameId"":1,""creditLessThan"":0.1}",FREE,0,,DAILY,,,,0.4182373494,0
https://topaz33.com,<b>FREE 365</b>,2,100,20,0,50,"{""creditLessThan"":0.1,""displayDescriptionOnly"":""1"",""walletId"":1,""changeGameid"":1}",FREE,0,,DAILY,,,,0.361879152,0
https://hollywoodaus.com,<b>FREE 365</b>,2,100,20,0,50,"{""creditLessThan"":0.1,""displayDescriptionOnly"":""1""}",FREE,0,,DAILY,,,,0.361879152,0
https://cyberbet77.com,<B>Free 365 Days</B>,2,100,20,0,50,"{""creditLessThan"":1,""walletId"":1,""changeGameId"":1,""displayDescriptionOnly"":""1"",""registerDate"":""2023-10-21""}",FREE,0,,DAILY,,,,0.361879152,0
https://southern9.com,APP DOWNLOAD BONUS,15,750,20,0,50,"{""creditLessThan"":1,""walletId"":1,""changeGameId"":1,""displayDescriptionOnly"":""1"",""displayAngpaoText"":""0"",""mobileAppOnly"":""1""}",FREE,0,,DAILY,,,,0.4099127212,0
https://auboss.co,<b>DAILY LOGIN</b>,2,100,20,0,50,"{""creditLessThan"":1,""walletId"":1,""changeGameId"":1,""displayDescriptionOnly"":""1"",""registerDate"":""2024-01-01""}",FREE,0,,DAILY,,,,0.361879152,0
https://wombats88.com,<b>Download APP</b>,5,250,20,0,50,"{""walletId"":1,""changeGameId"":1,""creditLessThan"":""0.10"",""mobileAppOnly"":""1"",""displayDescriptionOnly"":""1"",""displayAngpaoText"":""1""}",FREE,0,,,,,,0.3817685198,0
https://skyspin96.co,CHECK-IN TUESDAY,12,600,15,0,50,"{""walletId"":1,""changeGameId"":1,""maxWithdrawTimeDeposit"":1,""creditLessThan"":1,""displayDescriptionOnly"":""1"",""claimTime"":""N=2""}",FREE,0,,DAILY,,,,0.3678738285,1
https://ipay9aud.com,iPAY9 APP BONUS,10,500,15,0,50,"{""creditLessThan"":1,""displayDescriptionOnly"":""1"",""mobileAppOnly"":""1"",""displayAngpaoText"":""1"",""ignoreTrxAmount"":1,""walletId"":1,""changeGameId"":1}",FREE,0,,MONTHLY,,,,0.3635084803,0
https://candymommy.co,<b>Return Back Bonus,10,500,10,0,50,"{""displayDescriptionOnly"":""1""}",FREE,0,,MONTHLY,,,,0.3143831826,0
https://rubyaud.com,<b>Free 365</b>,2,100,10,0,50,"{""creditLessThan"":0.1,""displayDescriptionOnly"":""1""}",FREE,0,,DAILY,,,,0.2850195147,0
https://cyberbet77.com,<b>DOWNLOAD APP FREE<b>,10,500,10,0,50,"{""creditLessThan"":0.5,""displayDescriptionOnly"":""1"",""walletId"":1,""changeGameId"":1,""mobileAppOnly"":""1"",""displayAngpaoText"":""0""}",FREE,0,,DAILY,,,,0.3143831826,0
https://auboss.co,<b>DOWNLOAD APP FREE<b>,10,500,10,0,50,"{""creditLessThan"":0.5,""displayDescriptionOnly"":""1"",""walletId"":1,""changeGameId"":1,""mobileAppOnly"":""1"",""displayAngpaoText"":""0""}",FREE,0,,DAILY,,,,0.3143831826,0
https://pokiesbillion.com,<b>Free All Slot 365Days,3,150,5,0,50,"{""creditLessThan"":0.1,""displayDescriptionOnly"":""1"",""displayAngpaoText"":""1""}",FREE,0,,DAILY,,,,0.2178309035,0
https://luxeau777.com,<b>Free Slot 365Days,3,150,5,0,50,"{""creditLessThan"":0.1,""displayDescriptionOnly"":""1"",""displayAngpaoText"":""1""}",FREE,0,,DAILY,,,,0.2178309035,0
https://sapphireaud.com,<b>VPLUS Daily Free </b>,2,100,0.05,0,50,,FREE,0,,DAILY,,,,0.005799314538,1
https://nightclubaus.com,APP FREE CHECK IN,18.88,1000,20,0,52.96610169,"{""creditLessThan"":1,""mobileAppOnly"":""1"",""walletId"":1,""changeGameId"":1}",FREE,0,,DAILY,,,,0.3872198114,0
https://penguin88.club,<b>Daily Free 365Days</b>,10,555,23,0,55.5,"{""walletId"":1,""changeGameId"":1,""creditLessThan"":0.1,""displayDescriptionOnly"":""1"",""registerDate"":""2023-10-01""}",FREE,0,,DAILY,,,,0.3657098184,0
https://pp99au.com,PP99 REBATE BALANCE REDEMPTION,5,288.88,50,0,57.776,"{""customBonus"":""manual"",""maxWithdrawTimeAmount"":1,""fixRT"":1,""displayDescriptionOnly"":""1"",""showIfAmount"":1}",CUSTOM,0,,,,,,0.411531754,0
https://zebra88.club,<b>Daily Free</b>,10,588,21,0,58.8,"{""walletId"":1,""changeGameId"":1,""displayDescriptionOnly"":""1"",""creditLessThan"":0.1}",FREE,0,,DAILY,,,,0.3309214452,0
https://spaceman369.com,<B>Lucky Box Bonus</b>,10,600,20,0,60,"{""fixRT"":1,""creditLessThan"":0.1,""walletId"":1,""changeGameld"":1,""displayDescriptionOnly"":""1""}",FREE,0,,DAILY,,,,0.3178130426,0
https://bondi333.com,<b>Daily Ultra Free </b>,5,300,20,0,60,"{""creditLessThan"":0.1,""displayDescriptionOnly"":""1""}",FREE,0,,DAILY,,,,0.3039649838,0
https://dolphin88.co,<b>Download App Bonus</b>,5,300,20,0,60,"{""creditLessThan"":""0.10"",""mobileAppOnly"":""1"",""displayDescriptionOnly"":""1"",""walletId"":1,""changeGameId"":1}",FREE,0,,,,,,0.3039649838,0
https://zebra88.club,<b>Download App Bonus</b>,5,300,20,0,60,"{""walletId"":1,""changeGameId"":1,""displayDescriptionOnly"":""1"",""displayAngpaoText"":""1"",""mobileAppOnly"":""1""}",FREE,0,,,,,,0.3039649838,0
https://u2win.online,<b>365 Daily Free</b>,5,300,20,0,60,"{""fixRT"":1,""creditLessThan"":0.5,""displayDescriptionOnly"":""1"",""walletId"":1,""changeGameId"":1}",FREE,0,,DAILY,,,,0.3039649838,0
https://lion88.website,<b>Download App Bonus</b>,5,300,20,0,60,"{""walletId"":1,""changeGameId"":1,""displayDescriptionOnly"":""1"",""displayAngpaoText"":""1"",""mobileAppOnly"":""1""}",FREE,0,,,,,,0.3039649838,0
https://royalaud.com,<b>Android Download Free</b>,10,600,10,0,60,"{""creditLessThan"":0.5,""displayDescriptionOnly"":""1"",""walletId"":1,""changeGameId"":1,""mobileAppOnly"":""1""}",FREE,0,,DAILY,,,,0.2503126215,0
https://reef33.vip,<b>Daily Free Lucky 365</b>,5,300,10,0,60,"{""creditLessThan"":0.1,""displayDescriptionOnly"":""1"",""changeGameId"":1,""walletId"":1,""displayAngpaoText"":""1""}",FREE,0,,DAILY,,,,0.2394057566,0
https://audgaming8.com,<b>Daily Free Credit</b>,10,600,10,0,60,"{""creditLessThan"":0.1,""walletId"":1,""changeGameId"":1,""displayDescriptionOnly"":""1""}",FREE,0,,DAILY,,,,0.2503126215,0
https://sp77aud.co,<B>DAILY FREE CHIPS,10,600,10,0,60,"{""creditLessThan"":0.1,""walletId"":1,""changeGameId"":1,""displayDescriptionOnly"":""1""}",FREE,0,,DAILY,,,,0.2503126215,0
https://diamondaud.com,<b>Daily Free </b>,10,600,10,0,60,"{""creditLessThan"":0.1,""walletId"":1,""changeGameId"":1,""displayDescriptionOnly"":""1""}",FREE,0,,DAILY,,,,0.2503126215,0
https://pokiesbillion.com,<b>Restore Maintenance Bonus</b>,8,500,8,0,62.5,"{""displayDescriptionOnly"":""1"",""walletId"":1,""changeGameId"":1}",FREE,0,,,,,,0.2148104872,0
https://mrpokies77.com,<b>Restore Maintenance Bonus</b>,8,500,8,0,62.5,"{""displayDescriptionOnly"":""1"",""walletId"":1,""changeGameId"":1}",FREE,0,,,,,,0.2148104872,0
https://decho34.com,"<b style=""colour:white"">Daily Free",6,390,25,0,65,"{""creditLessThan"":0.01,""displayDescriptionOnly"":""1"",""mobileAppOnly"":""0"",""walletId"":1,""changeGameId"":1}",FREE,0,,DAILY,,,,0.2977272508,0
https://king88pokies.com,"<b style=""color:#FFD700"">Special Daily Free</b>",8.88,588,20,0,66.21621622,"{""creditLessThan"":0.1,""mobileAppOnly"":""1"",""displayAngpaoText"":""1"",""walletId"":1,""changeGameId"":1}",FREE,0,,DAILY,,,,0.2787981212,1
https://sp77aud.co,<b>Social Free IIII⭐,30,2000,30,0,66.66666667,"{""displayAngpaoText"":""0"",""displayDescriptionOnly"":""1"",""creditLessThan"":0.1,""mustJoinTelegramChannel"":""igaxspeedau33"",""walletId"":1,""changeGameId"":1}",FREE,0,,,,,,0.3376393763,0
https://safeau.net,<b>Daily Delights</b>,6.66,450,15,0,67.56756757,"{""walletId"":1,""changeGameId"":1,""creditLessThan"":0.01,""displayDescriptionOnly"":""1""}",FREE,0,,DAILY,,,,0.2430002276,0
https://emax7.co,Free Chips (Daily),2,137,20,0,68.5,"{""mobileAppOnly"":""1"",""creditLessThan"":0.1,""displayDescriptionOnly"":""1""}",FREE,0,,DAILY,,,,0.2441534441,0
https://cbr8aus.com,<b>365 Free Credit<b>,2.88,200,20,0,69.44444444,"{""creditLessThan"":0.1,""displayDescriptionOnly"":""1"",""displayAngpaoText"":""1"",""mobileAppOnly"":""0"",""walletId"":1,""changeGameId"":1}",FREE,0,,DAILY,,,,0.2449051188,0
https://emax7.co,Daily Free (Ⅰ),7.77,577,20,0,74.25997426,"{""customBonus"":""manual"",""creditLessThan"":0.01,""mobileAppOnly"":""1"",""displayDescriptionOnly"":""1"",""walletId"":1,""changeGameId"":1,""fixRT"":1}",FREE,0,,DAILY,,,,0.2394891934,0
https://bondi333.com,<b>Daily Free </b>,4,300,10,0,75,"{""creditLessThan"":0.1,""displayDescriptionOnly"":""1""}",FREE,0,,DAILY,,,,0.1786506242,0
https://avg88.com,DAILY APP FREE CREDIT,5,388,10,0,77.6,"{""mobileAppOnly"":""1"",""changeGameId"":1,""displayDescriptionOnly"":""1"",""displayAngpaoText"":""1"",""creditLessThan"":0.1,""walletId"":1}",FREE,0,,DAILY,,,,0.1735787276,0
https://aucloud9.com,DAILY CHECK IN BONUS,9,700,20,0,77.77777778,"{""creditLessThan"":0.01,""mobileAppOnly"":""0"",""walletId"":1,""changeGameId"":1}",FREE,0,,DAILY,,,,0.2281946987,0
https://pokies33au.com,Daily Free,13,1033,20,0,79.46153846,"{""creditLessThan"":0.1,""walletId"":1,""changeGameId"":1}",FREE,0,,DAILY,,,,0.2275773864,0
https://richman96.com,Daily Check In Free,6,500,20,0,83.33333333,"{""creditLessThan"":0.01,""mobileAppOnly"":""0"",""walletId"":1,""changeGameId"":1}",FREE,0,,DAILY,,,,0.2039351428,0
https://wombats88.com,<B>Daily Free</B>,5,488,25,0,97.6,"{""walletId"":1,""changeGameId"":1,""creditLessThan"":0.1,""displayDescriptionOnly"":""1"",""registerDate"":""2023-10-01""}",FREE,0,,DAILY,,,,0.1770700528,0
https://neolux.vip,"<b style=""color:#686A6C;"">DAY2 TUESDAY</b>",15,1470,15.01,0,98,"{""creditLessThan"":0.1,""walletId"":1,""claimTime"":""N=2"",""displayDescriptionOnly"":""1""}",FREE,0,,DAILY,,,,0.1610035448,1
https://select777.net,<b>TUESDAY</b>,15,1470,15.01,0,98,"{""creditLessThan"":0.1,""walletId"":1,""claimTime"":""N=2"",""displayDescriptionOnly"":""1""}",FREE,0,,DAILY,,,,0.1610035448,1
https://wildngo.net,<b>DAY2 TUESDAY</b>,15,1470,14.85,0,98,"{""creditLessThan"":0.1,""walletId"":1,""claimTime"":""N=2"",""displayDescriptionOnly"":""1""}",FREE,0,,DAILY,,,,0.1604204221,1
https://vip777au.com,<b>VIP BONUS </b>,2,200,200,0,100,"{""customBonus"":""manual"",""displayAngpaoText"":""0"",""displayDescriptionOnly"":""1"",""creditLessThan"":0,""fixRT"":1}",CUSTOM,0,,DAILY,,,,0.2650351572,0
https://intensityaus.com,Free Chips 365 Days,1,100,30,0,100,"{""startDate"":""2023-04-11"",""creditLessThan"":1}",FREE,0,,DAILY,,,,0.1660976427,0
https://in8.one,Hourly Free,3,300,20,0,100,"{""displayDescriptionOnly"":""1"",""creditLessThan"":0.01,""walletId"":1,""changeGameId"":1,""displayAngpaoText"":""0""}",FREE,0,,HOURLY,,,,0.1556221708,0
https://gembetaus.com,Daily Login Free,1.99,199,20,0,100,"{""creditLessThan"":0.01,""mobileAppOnly"":""0"",""displayAngpaoText"":""1"",""displayDescriptionOnly"":""1"",""startDate"":""2024-05-03"",""walletId"":1,""changeGameId"":1}",FREE,0,,DAILY,,,,0.1521111588,0
https://weplay88.com,"<b style=""color:yellow;"">Offical Partner Free!</b>",5,500,20,0,100,"{""creditLessThan"":1,""displayDescriptionOnly"":""1"",""walletId"":1,""changeGameId"":1,""displayAngpaoText"":""0""}",FREE,0,,DAILY,,,,0.1605138899,0
https://onyxaud.com,"<b style=""color:yellow;"">Offical Partner Free!</b>",5,500,20,0,100,"{""creditLessThan"":1,""displayDescriptionOnly"":""1"",""walletId"":1,""changeGameId"":1,""displayAngpaoText"":""0""}",FREE,0,,DAILY,,,,0.1605138899,0
https://7pokies.com,Daily Free,5,500,20,0,100,"{""creditLessThan"":0.1,""displayDescriptionOnly"":""1"",""mobileAppOnly"":""0""}",FREE,0,,DAILY,,,,0.1605138899,0
https://aud33.com,DAILY FREE,5,500,20,0,100,"{""displayDescriptionOnly"":""1"",""mobileAppOnly"":""0""}",FREE,0,,DAILY,,,,0.1605138899,0
https://ozlotto88.com,Daily Free Chip,4,400,20,0,100,"{""creditLessThan"":0.1,""displayDescriptionOnly"":""1"",""mobileAppOnly"":""0""}",FREE,0,,DAILY,,,,0.1583142781,0
https://live77bet.com,Hourly Check In Free,3,300,20,0,100,"{""creditLessThan"":0.1,""mobileAppOnly"":""1"",""walletId"":1,""changeGameId"":1}",FREE,0,,HOURLY,,,,0.1556221708,0
https://goldencrown96.com,"<b style=""color:gold"">FREE CREDIT 365DAY </b>",2,200,20,0,100,"{""walletId"":1,""changeGameId"":1,""displayDescriptionOnly"":""1""}",FREE,0,,DAILY,,,,0.1521514408,0
https://bunny96.com,<b>Telegram Bonus</b>,9.6,960,19.6,0,100,"{""claimGroup"":""tele"",""creditLessThan"":0.1,""displayAngpaoText"":""1"",""displayDescriptionOnly"":""1"",""walletId"":1,""changeGameId"":1,""mustJoinTelegramChannel"":""BUNNY96AU_96"",""showIfAmount"":0}",FREE,0,,,,,,0.1663224214,0
https://auslot7.com,<b>FREE 365 BONUS<b>,50,5000,10.88,0,100,"{""displayDescriptionOnly"":""1"",""displayAngpaoText"":""1"",""creditLessThan"":0.1,""walletId"":1,""changeGameId"":1}",FREE,0,,DAILY,,,,0.1514676018,0
https://ezspin68.vip,<b>Free Chips</b>,9.99,999,10,0,100,"{""creditLessThan"":1,""displayDescriptionOnly"":""1"",""mobileAppOnly"":""1"",""walletId"":1,""changeGameId"":1}",FREE,0,,DAILY,,,,0.1321732034,0
https://i8au.online,Daily Login Free,3.8,400,20,0,105.2631579,"{""creditLessThan"":0.1,""displayDescriptionOnly"":""1""}",FREE,0,,DAILY,,,,0.1480203583,0
https://lion88.website,<b>Daily Free</b>,5,588,21,0,117.6,"{""walletId"":1,""changeGameId"":1,""displayDescriptionOnly"":""1"",""creditLessThan"":0.1}",FREE,0,,DAILY,,,,0.1330727887,0
https://epicpokies.com,<b>DOWNLOAD APPS FREE $10<b>,10,1200,7.88,0,120,"{""registerDate"":""2022-01-22"",""creditLessThan"":1,""displayDescriptionOnly"":""1"",""mobileAppOnly"":""1"",""walletId"":1,""changeGameId"":1}",FREE,0,,DAILY,,,,0.09584693152,0
https://mkaus.co,Free Chips Everyday,1,127,27,0,127,"{""creditLessThan"":0.5,""mobileAppOnly"":""0"",""displayDescriptionOnly"":""1"",""walletId"":1,""changeGameId"":1}",FREE,0,,DAILY,,,,0.1195478563,0
https://king88pokies.com,"<b style=""color:#FFD700"">Special Hourly Free</b>",2.88,388,20,0,134.7222222,"{""creditLessThan"":0.1,""mobileAppOnly"":""1"",""displayAngpaoText"":""1"",""walletId"":1,""changeGameId"":1}",FREE,0,,HOURLY,,,,0.1069659863,1
https://clubimperioaus.com,<b>365Days FreeBonus</b>,1,138,20,0,138,"{""creditLessThan"":0.5,""mobileAppOnly"":""0"",""displayDescriptionOnly"":""1""}",FREE,0,,DAILY,,,,0.09845439717,0
https://enjoy2aus.com,<b>Daily Free Chip</b>,1,150,20,0,150,"{""displayAngpaoText"":""1"",""displayDescriptionOnly"":""1"",""creditLessThan"":0.1,""mobileAppOnly"":""0""}",FREE,0,1,DAILY,,,,0.08870945305,0
https://reef33.vip,<b>Daily Free </b>,3,500,10,0,166.6666667,"{""creditLessThan"":0.1,""displayDescriptionOnly"":""1"",""changeGameId"":1,""walletId"":1,""displayAngpaoText"":""1""}",FREE,0,,DAILY,,,,0.06472492627,0
https://epicpokies.com,<b> DAILY SOCIAL FREE<b>,10,2000,10.88,0,200,"{""displayAngpaoText"":""1"",""displayDescriptionOnly"":""1"",""creditLessThan"":0.1,""registerDate"":""2024-01-01"",""mobileAppOnly"":""0"",""mustJoinTelegramChannel"":""epicpokiesofficial"",""walletId"":1,""changeGameId"":1}",FREE,0,,DAILY,,,,0.05735933333,0
https://epicpokies.com,<b>FREE 365 BONUS<b>,3,800,5.88,0,266.6666667,"{""creditLessThan"":1,""displayDescriptionOnly"":""1"",""displayAngpaoText"":""1""}",FREE,0,,DAILY,,,,0.02892928747,0
https://redspin88.com,<b>Hours Free Spin<b>,0.1,50,30,0,500,"{""freeRoundAPI"":{""site"":""BNG2"",""params"":{""campaign"":""BNG free spin"",""total_rounds"":5,""game_id"":""496"",""bonus_type"":""FIXED_FREEBET"",""total_bet"":0.2,""round_bet"":0.2}},""displayDescriptionOnly"":""1"",""creditLessThan"":""0.01"",""displayAngpaoText"":""0"",""walletId"":1,""changeGameId"":1}",FREE,0,,HOURLY,,,,0.02112716522,0
https://redspin88.com,<b>Daily Free Spin<b>,0.1,50,30,0,500,"{""freeRoundAPI"":{""site"":""BNG2"",""params"":{""campaign"":""BNG free spin"",""total_rounds"":10,""game_id"":""496"",""bonus_type"":""FIXED_FREEBET"",""total_bet"":0.2,""round_bet"":0.2}},""displayDescriptionOnly"":""1"",""creditLessThan"":""0.01"",""displayAngpaoText"":""0"",""walletId"":1,""changeGameId"":1}",FREE,0,,DAILY,,,,0.02112716522,0
https://skyspin96.co,SHARE BONUS,75,37500,10,0,500,"{""walletId"":1,""changeGameId"":1,""customBonus"":""sharebonus"",""creditLessThan"":1,""displayDescriptionOnly"":""1""}",CUSTOM,0,,,,,,0.02013548215,0
https://trust88au.com,<B>FREE 30 SPIN MASTER (UUSLOT)</B>,0.2,200,20,0,1000,"{""freeRoundAPI"":{""site"":""UUS2"",""params"":{""GameCode"":""10052"",""RoundType"":1,""TotalRound"":30,""BetValue"":1,""LineBet"":0.01,""MaxWinAmount"":300}},""startDate"":""2025-11-25"",""creditLessThan"":0.1,""displayAngpaoText"":""0"",""walletId"":1,""changeGameId"":1,""displayDescriptionOnly"":""1""}",CUSTOM,0,,DAILY,,,,0.007934460898,0
https://cashnet99.com,<b> Download App Gift FreeSpin<b>,0.1,100,10,0,1000,"{""freeRoundAPI"":{""site"":""BNG2"",""params"":{""campaign"":""BNG free spin"",""total_rounds"":30,""game_id"":""496"",""bonus_type"":""FIXED_FREEBET"",""total_bet"":0.2,""round_bet"":0.2}},""displayDescriptionOnly"":""1"",""creditLessThan"":""0.01"",""displayAngpaoText"":""0"",""startDate"":""2026-03-23"",""walletId"":1,""changeGameId"":1,""mobileAppOnly"":""1""}",FREE,0,,,,,,0.00620276422,0
https://redspin88.com,<b>DOWNLOAD APP GIFT FREESPIN<b>,0.1,100,10,0,1000,"{""freeRoundAPI"":{""site"":""BNG2"",""params"":{""campaign"":""BNG free spin"",""total_rounds"":30,""game_id"":""496"",""bonus_type"":""FIXED_FREEBET"",""total_bet"":0.2,""round_bet"":0.2}},""displayDescriptionOnly"":""1"",""creditLessThan"":""0.01"",""displayAngpaoText"":""0"",""startDate"":""2026-03-23"",""walletId"":1,""changeGameId"":1,""mobileAppOnly"":""1""}",FREE,0,,,,,,0.00620276422,0
https://redspin88.com,<b>New Register Free Spin 88 !!<b>,0.1,300,30,0,3000,"{""freeRoundAPI"":{""site"":""BNG2"",""params"":{""campaign"":""BNG free spin"",""total_rounds"":88,""game_id"":""496"",""bonus_type"":""FIXED_FREEBET"",""total_bet"":0.2,""round_bet"":0.2}},""displayDescriptionOnly"":""1"",""creditLessThan"":""0.01"",""displayAngpaoText"":""0"",""startDate"":""2026-03-23"",""walletId"":1,""changeGameId"":1}",FREE,0,,,,,,0.002249842755,0
https://cashnet99.com,<b>New Register Free Spin 88 !!<b>,0.1,300,10,0,3000,"{""freeRoundAPI"":{""site"":""BNG2"",""params"":{""campaign"":""BNG free spin"",""total_rounds"":88,""game_id"":""496"",""bonus_type"":""FIXED_FREEBET"",""total_bet"":0.2,""round_bet"":0.2}},""displayDescriptionOnly"":""1"",""creditLessThan"":""0.01"",""displayAngpaoText"":""0"",""startDate"":""2026-03-23"",""walletId"":1,""changeGameId"":1}",FREE,0,,,,,,0.001571027201,0
https://mrbean9.com,Free 365 Days Bonus,"{'min': 1, 'max': 2}",100,30,0,#VALUE!,"{""creditLessThan"":1,""displayDescriptionOnly"":""1"",""mobileAppOnly"":""0"",""offUsernames"":[""120507275"",""116996A10"",""119310727"",""11699319A"",""1166990A7"",""117679782"",""11699512A"",""117679782"",""120507275"",""116996A10"",""117785185"",""11857A766"",""117728101"",""1186978A2"",""118731882"",""128870086"",""126137119"",""1211688A2"",""13A16A929"",""132371A2A"",""127250922"",""1AA6A1581"",""11663A250"",""11663A250"",""116996A10"",""11838AA16"",""117087227"",""116689815"",""120270935"",""117785185"",""117119938"",""117910A19"",""117319653"",""122506998"",""11857A766"",""1172A0587"",""1225077A0"",""118008938"",""12250808A"",""117728101"",""1A7138965"",""1A0856668"",""122506998"",""118587A73"",""120758706"",""1186978A2"",""12A353112"",""117275560"",""120570966"",""117980A27"",""117261170"",""123895987"",""1206A53AA"",""1187A0899"",""118551060"",""11725A93A"",""121810356"",""119903958"",""117226176"",""12290A328"",""121261198"",""118A58588"",""120575269"",""120615220"",""119560517"",""118731882"",""11866A018"",""117792359"",""117386273"",""120678790"",""120595000"",""123963295"",""119139372"",""123973098"",""118A026A2"",""127232258"",""11692587A"",""12563A069"",""120302136"",""117A5755A"",""1168203A8"",""120698895"",""117317196"",""116825628"",""12A8966A2"",""12013A35A"",""118871335"",""117826912"",""117A93190"",""118137A9A"",""117097178"",""1252922A3"",""1183A5116"",""117A29366"",""120217293"",""118367080"",""11835A037"",""1170A225A"",""117002103"",""128870086"",""121881603"",""120036A69"",""1199A7851"",""123A51805"",""122023711"",""126395730"",""125956756"",""123A62725"",""122881975"",""117A32967"",""129A96875"",""1259A791A"",""12A809388"",""120700910"",""117715019"",""116865712"",""1299907A2"",""126503A29"",""121795737"",""118226207"",""117838350"",""1211688A2"",""117201328"",""120A99A98"",""116291121"",""132923999"",""129105720"",""121679018"",""117225692"",""1379A19AA"",""126A85021"",""12A861908"",""123277167"",""118593087"",""11839151A"",""117663656"",""118608058"",""11799AA90"",""117977619"",""11779787A"",""117231295"",""11715379A"",""1168A6250"",""131792157"",""1259A582A"",""121695780"",""117858831"",""1168A5782"",""136168336"",""122518166"",""121091A27"",""123298988"",""12285630A"",""1187A9A89"",""118687152"",""117972336"",""12A708090"",""130653902"",""12701A159"",""117282005"",""116AA8966"",""129A01260"",""12A689053"",""12A175701"",""11882269A"",""117277895"",""130871672"",""12928709A"",""127AA3191"",""125805102"",""123185668"",""1183A7366"",""1175A0A27"",""117A80692"",""130A77553"",""1215A9900"",""12103A735"",""119865180"",""11932A289"",""117602053"",""11727999A"",""117262377"",""130595793"",""12AA7A365"",""1312A5783"",""126623059"",""12A13662A"",""120517956"",""1200A1A09"",""118392965"",""13161A293"",""129988265"",""126385255"",""126220178"",""1189030A1"",""11882862A"",""133A18A5A"",""1278A3983"",""12399010A"",""1232769A3"",""121630961"",""121600555"",""121081A3A"",""120607806"",""12036338A"",""117796897"",""13A16A929"",""1273A2712"",""12A1A8389"",""123153285"",""121629AA9"",""118627587"",""117276338"",""117016973"",""129718139"",""122679062"",""119338936"",""117380003"",""13736A702"",""136285163"",""133A19A80"",""119958135"",""119225330"",""119097528"",""118290575"",""117009266"",""13821388A"",""1373A5239"",""1360A1572"",""121766066"",""121268081"",""118920923"",""1185656A0"",""116912529"",""133209AA0"",""130628180"",""12921A108"",""1289A9511"",""127A62729"",""126702277"",""122359059"",""118237085"",""1181023AA"",""117650A07"",""117217757"",""136207082"",""1357300A5"",""135728759"",""1302A311A"",""126AA563A"",""125776AA2"",""122735313"",""12259203A"",""11796262A"",""117839220"",""1A057030A"",""132876660"",""132371A2A"",""129615181"",""127016A65"",""1220A9698"",""119863233"",""119802050"",""118791929"",""118718237"",""118626A01"",""118537292"",""118016085"",""117A63277"",""13A2A5AA9"",""132973579"",""13191701A"",""1310A056A"",""130350919"",""1272A6513"",""126618A5A"",""125789573"",""125505A62"",""125189705"",""12A708357"",""12315760A"",""120926173"",""1196A9A99"",""117890696"",""1178057A7"",""1175A5996"",""135976059"",""13215A993"",""125200592"",""121936621"",""1213930A5"",""120127331"",""119331929"",""1187328A9"",""1176AA293"",""117A27372"",""117A13352"",""117087355"",""118935082"",""117160663"",""1171200A8"",""125997A62"",""118935082"",""123376865"",""120136370"",""1186A3163"",""118383093"",""116920087"",""139989763"",""138260727"",""12AA6A051"",""117967673"",""1177AAA0A"",""1606170A7"",""117797399"",""1AAA22893"",""137532693"",""11683163A"",""117222681"",""163181581"",""1521A3052"",""1A319312A"",""137177587"",""150270576"",""127022A30"",""119557932"",""116997832"",""126166A26"",""16A176035"",""1512A8986"",""1593A0816"",""12751571A"",""15A305827"",""1AA552193"",""16A628A36"",""1366371A0"",""127768592"",""129A18121"",""132162767"",""1262222A0"",""117259A2A"",""121657661"",""118679799"",""133A01A75"",""1283A6996"",""120169988"",""1556668AA"",""15A550107"",""1530A8952"",""152768810"",""15A573509"",""1A3591A17"",""1A2169206"",""12A387607"",""121A139A3"",""120338082"",""120332800"",""139228556"",""15AA5102A"",""1A8500371"",""15A398311"",""150123917"",""157A05681"",""15575A299"",""155020337"",""1A562523A"",""122177638"",""12060782A"",""1172AA080"",""117216A61"",""16A963018"",""16A963018"",""1A7A56313"",""1A305A955"",""13A1A0372"",""132258182"",""15A922379"",""15A777377"",""137028193"",""15A69A185"",""13725931A"",""139559765"",""15A639AA2"",""15A589306"",""151135530"",""15A5331AA"",""117262377"",""165677263"",""152176171"",""16569197A"",""157989138"",""165705020"",""13A986561"",""16570713A"",""1639986A9"",""1657357A3"",""16550A021"",""1657A2570"",""118581361"",""165106679"",""16578175A"",""165807A17"",""151670537"",""165829688"",""123683AA7"",""121862338"",""158110963"",""16585A558"",""1A7558293"",""16587A759"",""121778572"",""1A5713285"",""165886102"",""165910A92"",""157287216"",""1659380A0"",""1A2202038"",""16596512A"",""15772A280"",""166018802"",""161A39178"",""122289937"",""117967673"",""119A163A9"",""159773087"",""155197271"",""166136759"",""1A3615076"",""15106A8A2"",""1A8325171"",""166125131"",""165263A98"",""1A9371108"",""1660805A3"",""158125528"",""132983988"",""121892615"",""166018802"",""15772A280"",""119633592"",""118687152"",""117199639"",""15A855878"",""117073751"",""120217167"",""1A3970071"",""128071A9A"",""160680798"",""155796A32"",""126A66729"",""135850081"",""117889790"",""133917316"",""11730A786"",""155319222"",""155677A61"",""122259652"",""1A2616839"",""126230521"",""157695386"",""117827763"",""15505A518"",""15260AA92"",""1582A6311"",""137089122"",""166622655"",""163366199"",""16A88A539"",""156161851"",""166789A3A"",""166702966"",""16197A281"",""1283A6996"",""120169988"",""156332560"",""1A2858358"",""166723AA0"",""163603183"",""16A626A57"",""166733031"",""1A53351AA"",""12A572A93"",""1535AA192"",""121002A11"",""166770935"",""165106679"",""1AA318927"",""1AA318927"",""16271A2A0"",""1A72197A7"",""117382650"",""137A515A7"",""15391AA02"",""1658A7365"",""1A29256A3"",""1659A2915"",""13309509A"",""117096935"",""166979316"",""1561760A8"",""166981120"",""1595880A3"",""1A2979525"",""167010A22"",""1A5121669"",""127352573"",""127352573"",""122139869"",""1A2979525"",""167030292"",""166673A80"",""1A60000A8"",""167159026"",""16A07A098"",""167173027"",""153533216"",""167179518"",""139912183"",""139AA6691"",""16718208A"",""161083355"",""167185655"",""121786329"",""167188925"",""16A761523"",""161A6518A"",""167189578"",""15705977A"",""1371A0A58"",""130885A5A"",""167199273"",""1A2196731"",""12A236691"",""1A89A12A3"",""1A6067A11"",""152320723"",""167206A7A"",""15803978A"",""167207A62"",""12168A515"",""120189687"",""16720877A"",""120510872"",""167AA6067"",""167221211"",""1A00A8077"",""125316A59"",""167222617"",""167255206"",""1190A6201"",""167258350"",""1168A6250"",""16727213A"",""126771503"",""167276298"",""156096628"",""1520AA180"",""151683195"",""1A8079251"",""167333195"",""16A288288"",""162027983"",""1673A323A"",""162038059"",""1673A8187"",""150270576"",""167356365"",""1A7628512"",""167359756"",""1A3976756"",""167362115"",""1A8858A85"",""167362285"",""155090685"",""1673721A2"",""12A28A60A"",""167378308"",""16306A233"",""167386788"",""1A66A7282"",""16251135A"",""167387157"",""1659A7798"",""167A0850A"",""167A02809"",""1A76057A7"",""139A22338"",""161058A62"",""135108A39"",""135112A68"",""130156202"",""127188602"",""126966838"",""16759A569"",""1216A6A15"",""137359689"",""123A32680"",""168736178"",""133A01A75"",""173697213"",""1A3AA6058""],""displayAngpaoText"":""1""}",FREE,0,"{'min': 1, 'max': 2}",DAILY,,,,0.1660976427,0
https://cashnet99.com,Hourly Free Credit,"{'min': 1, 'max': 3.88}",50,30,0,#VALUE!,"{""displayAngpaoText"":""1"",""displayDescriptionOnly"":""1""}",FREE,0,"{'min': 1, 'max': 3.88}",HOURLY,,,,0.395048997,0
https://rolex9.net,Free 365 Days Bonus up to 99AUD,"{'min': 1, 'max': 2}",100,30,0,#VALUE!,"{""lastWeekTotalDepositTarget"":10,""creditLessThan"":0.1,""startDate"":""2025-02-09"",""displayDescriptionOnly"":""1"",""mobileAppOnly"":""0""}",FREE,0,"{'min': 1, 'max': 2}",DAILY,,,,0.1660976427,0
https://southern9.com,DAILY FREE CREDIT,"{'min': 0.5, 'max': 15}",188,30,0,#VALUE!,"{""creditLessThan"":0.1,""displayDescriptionOnly"":""1"",""displayAngpaoText"":""0"",""walletId"":1,""changeGameId"":1}",FREE,0,"{'min': 0.5, 'max': 15}",DAILY,,,,0.03097564267,0
https://redspin88.com,Hours Free,"{'min': 1, 'max': 3}",50,30,0,#VALUE!,"{""displayAngpaoText"":""1"",""displayDescriptionOnly"":""1"",""creditLessThan"":""0.01""}",FREE,0,"{'min': 1, 'max': 3}",HOURLY,,,,0.395048997,0
https://eebet9.com,"<b style=""color:#b3e9ff;"">DAILY FREE $1 - $100</b>","{'min': 1.02, 'max': 2.2}",488,30,0,#VALUE!,"{""creditLessThan"":0.1,""mobileAppOnly"":""0"",""displayDescriptionOnly"":""1"",""displayAngpaoText"":""1"",""walletId"":1,""changeGameId"":1}",FREE,0,"{'min': 1.02, 'max': 2.2}",DAILY,,,,0.02349323358,0
https://bigpay77.net,Free 365 Days Bonus,"{'min': 1, 'max': 2}",100,30,0,#VALUE!,"{""creditLessThan"":0.1,""startDate"":""2025-02-09"",""displayDescriptionOnly"":""1"",""mobileAppOnly"":""0""}",FREE,0,"{'min': 1, 'max': 2}",DAILY,,,,0.1660976427,0
https://me99aud.com,New Free 365 Days Bonus,"{'min': 1, 'max': 2.99}",100,30,0,#VALUE!,"{""creditLessThan"":1,""displayDescriptionOnly"":""1"",""mobileAppOnly"":""0"",""displayAngpaoText"":""1"",""walletId"":1,""changeGameId"":1}",FREE,0,"{'min': 1, 'max': 2.99}",DAILY,,,,0.1660976427,0
https://ipay9aud.com,FREE 365 DAYS BONUS,"{'min': 1, 'max': 1.5}",100,30,0,#VALUE!,"{""creditLessThan"":0.1,""startDate"":""2025-02-09"",""displayDescriptionOnly"":""1"",""mobileAppOnly"":""0"",""changeGameId"":1,""walletId"":1}",FREE,0,"{'min': 1, 'max': 1.5}",DAILY,,,,0.1660976427,0
https://magicspin77aus.com,DAILY LUCKY FREE 0.01～9.99,"{'min': 1, 'max': 6.66}",100,30,0,#VALUE!,"{""creditLessThan"":0.01,""displayDescriptionOnly"":""1"",""mobileAppOnly"":""1"",""walletId"":1,""changeGameId"":1}",FREE,0,"{'min': 1, 'max': 6.66}",DAILY,,,,0.1660976427,0
https://ssv96.com,SSV Daily FREE,"{'min': 1.2, 'max': 7.5}",200,30,0,#VALUE!,"{""displayDescriptionOnly"":""1"",""mobileAppOnly"":""0"",""startDate"":""2026-04-11"",""creditLessThan"":0.1,""displayAngpaoText"":""0""}",FREE,0,"{'min': 1.2, 'max': 7.5}",DAILY,,,,0.08839557306,0
https://class777.com,DAILY FREE,"{'min': 1.77, 'max': 7.77}",577,30,0,#VALUE!,"{""creditLessThan"":1,""displayDescriptionOnly"":""0"",""displayAngpaoText"":""0"",""mobileAppOnly"":""0""}",FREE,0,"{'min': 1.77, 'max': 7.77}",DAILY,,,,0.03893111543,0
https://22pokies.com,"<b style=""color:#000000;"">Daily Random Free</b>","{'min': 0.15, 'max': 1}",100,22.22,0,#VALUE!,"{""creditLessThan"":0.5,""displayDescriptionOnly"":""1""}",FREE,0,"{'min': 0.15, 'max': 1}",DAILY,,,,0.0135566254,0
https://tiger88.games,<b>Daily APP Free</b>,"{'min': 2, 'max': 4.9}",300,20.03,0,#VALUE!,"{""displayDescriptionOnly"":""1"",""displayAngpaoText"":""1"",""mobileAppOnly"":""1"",""walletId"":1,""changeGameId"":1,""creditLessThan"":0.1}",FREE,0,"{'min': 2, 'max': 4.9}",DAILY,,,,0.09169920805,0
https://in8.one,365 Free Chips,"{'min': 5, 'max': 20}",500,20,0,#VALUE!,"{""creditLessThan"":0.1,""displayDescriptionOnly"":""1"",""walletId"":1,""changeGameId"":1,""displayAngpaoText"":""1"",""websiteOnly"":""1""}",FREE,0,"{'min': 5, 'max': 20}",DAILY,,,,0.1605138899,0
https://intensity2aus.com,<b>ꜱᴜᴘᴇʀ ᴅᴀɪʟʏ ꜰʀᴇᴇ</b>,"{'min': 1.88, 'max': 3.88}",150,20,0,#VALUE!,"{""creditLessThan"":0.1,""displayDescriptionOnly"":""1"",""mobileAppOnly"":""0"",""walletId"":1,""changeGameId"":1}",FREE,0,"{'min': 1.88, 'max': 3.88}",DAILY,,,,0.2011181518,0
https://luck77au.com,<b>Super Daily Free</b>,"{'min': 1.88, 'max': 2}",150,20,0,#VALUE!,"{""creditLessThan"":0.1,""displayDescriptionOnly"":""1"",""mobileAppOnly"":""0"",""walletId"":1,""changeGameId"":1}",FREE,0,"{'min': 1.88, 'max': 2}",DAILY,,,,0.2011181518,0
https://maxspin7.com,<b>365 Days Free Spins $3 - $7<b>,"{'min': 3, 'max': 4}",200,20,0,#VALUE!,"{""creditLessThan"":0.1,""displayDescriptionOnly"":""1"",""displayAngpaoText"":""1"",""mobileAppOnly"":""0"",""startDate"":""2022-12-02"",""changeGameId"":1,""walletId"":1}",FREE,0,"{'min': 3, 'max': 4}",DAILY,,,,0.2583363641,0
https://starspin996.com,<b>KISSH5 DAILY FREE #C</b>,"{'min': 5, 'max': 12.96}",100,20,0,#VALUE!,"{""creditLessThan"":0.1,""displayAngpaoText"":""1"",""displayDescriptionOnly"":""1"",""walletId"":1,""changeGameId"":1}",FREE,0,"{'min': 5, 'max': 12.96}",DAILY,,,,1.200121248,0
https://aus88win.com,365Days Free Credit,"{'min': 0.4, 'max': 1.7}",150,20,0,#VALUE!,"{""creditLessThan"":0.1,""displayDescriptionOnly"":""1"",""mobileAppOnly"":""1"",""displayAngpaoText"":""1""}",FREE,0,"{'min': 0.4, 'max': 1.7}",DAILY,,,,0.02739461595,0
https://audgo.net,<b>FREE SPIN 365 DAY</b>,"{'min': 0.91, 'max': 0.99}",88,20,0,#VALUE!,"{""startDate"":""2024-06-01"",""creditLessThan"":1,""displayDescriptionOnly"":""1"",""walletId"":1,""changeGameId"":1,""displayAngpaoText"":""1"",""offUsernames"":[""28A5A6353""]}",FREE,0,"{'min': 0.91, 'max': 0.99}",DAILY,,,,0.1529822434,0
https://kingpower365.com,Free Spin Everyday,"{'min': 10, 'max': 30.18}",388,20,0,#VALUE!,"{""walletId"":1,""changeGameId"":1,""displayDescriptionOnly"":""1"",""creditLessThan"":0.1}",FREE,0,"{'min': 10, 'max': 30.18}",DAILY,,,,0.5480511863,0
https://spinking.co,Daily Free Coins,"{'min': 3, 'max': 5}",200,20,0,#VALUE!,"{""creditLessThan"":0.1,""walletId"":1,""changeGameId"":1,""displayDescriptionOnly"":""1"",""max_round"":""1"",""initial_free_limit"":""0"",""deposit_free_limit"":""0"",""min_withdraw"":""250"",""max_withdraw"":""20"",""reset"":""DAILY""}",FREE,0,"{'min': 3, 'max': 5}",DAILY,,,,0.2583363641,0
https://tiger88.games,<b>Daily Telegram Task</b>,"{'min': 2.3, 'max': 4.1}",120,20,0,#VALUE!,"{""mustJoinTelegramChannel"":""tiger88aus_channel"",""walletId"":1,""changeGameId"":1,""creditLessThan"":0.1}",FREE,0,"{'min': 2.3, 'max': 4.1}",DAILY,,,,0.3457236545,0
https://v6aus.com,365Days  Free Chips,"{'min': 0.98, 'max': 1}",88,20,0,#VALUE!,"{""startDate"":""2023-06-01"",""creditLessThan"":1,""displayDescriptionOnly"":""1"",""changeGameId"":1}",FREE,0,"{'min': 0.98, 'max': 1}",DAILY,,,,0.1683276613,0
https://v6aus.com,Daily Random Free,"{'min': 5, 'max': 9.99}",180,20,0,#VALUE!,"{""creditLessThan"":1,""displayDescriptionOnly"":""1"",""mobileAppOnly"":""0"",""displayAngpaoText"":""1"",""walletId"":1,""changeGameId"":1}",FREE,0,"{'min': 5, 'max': 9.99}",DAILY,,,,0.5756181689,0
https://kingdom9aus.com,"<b style=""color:#f1e1a0;"">365 Daily Random</b>","{'min': 3, 'max': 4.5}",100,20,0,#VALUE!,"{""creditLessThan"":0.1,""walletId"":1,""changeGameId"":1,""mobileAppOnly"":""1"",""displayDescriptionOnly"":""1"",""displayAngpaoText"":""1""}",FREE,0,"{'min': 3, 'max': 4.5}",DAILY,,,,0.6144308844,0
https://space9au.com,ꜰʀᴇᴇ ꜱᴘɪɴ 365 ᴅᴀʏ,"{'min': 1.88, 'max': 2.18}",200,20,0,#VALUE!,"{""displayDescriptionOnly"":""1"",""creditLessThan"":0.5,""mobileAppOnly"":""0"",""walletId"":1,""changeGameId"":1}",FREE,0,"{'min': 1.88, 'max': 2.18}",DAILY,,,,0.140371147,0
https://space9au.com,Dᴀɪʟʏ ᴀᴜꜱꜱɪᴇ ʀᴇᴡᴀʀᴅꜱ,"{'min': 10, 'max': 11.99}",500,20,0,#VALUE!,"{""depositTarget"":0,""depositTargetReset"":""DAILY"",""startDate"":""2025-05-11"",""displayDescriptionOnly"":""1"",""creditLessThan"":0.5,""mobileAppOnly"":""1"",""displayAngpaoText"":""1"",""walletId"":1,""changeGameId"":1,""max_round"":""1"",""initial_free_limit"":""0"",""deposit_free_limit"":""0"",""rollover"":""0.00"",""min_withdraw"":""500.00"",""max_withdraw"":""20.00"",""reset"":""DAILY""}",FREE,0,"{'min': 10, 'max': 11.99}",DAILY,,,,0.3991611578,0
https://ii89au.com,<b>APP EXCLUSIVE BONUS</b>,"{'min': 10, 'max': 33}",400,20,0,#VALUE!,"{""creditLessThan"":0.5,""displayDescriptionOnly"":""1"",""mobileAppOnly"":""1"",""displayAngpaoText"":""1"",""walletId"":1,""changeGameId"":1}",FREE,0,"{'min': 10, 'max': 33}",,,,,0.5275769222,0
https://okwin33.com,<b>APP USER EXCLUSIVE BONUS</b>,"{'min': 10, 'max': 30}",400,20,0,#VALUE!,"{""creditLessThan"":1,""displayDescriptionOnly"":""1"",""mobileAppOnly"":""1"",""displayAngpaoText"":""0"",""walletId"":1,""changeGameId"":1}",FREE,0,"{'min': 10, 'max': 30}",,,,,0.5275769222,0
https://weplay88.com,<B>Download APP Free Spin</b>,"{'min': 10, 'max': 17}",600,20,0,#VALUE!,"{""creditLessThan"":0.01,""walletId"":1,""changeGameId"":1,""mobileAppOnly"":""1"",""displayDescriptionOnly"":""1""}",FREE,0,"{'min': 10, 'max': 17}",DAILY,,,,0.3178130426,0
https://eq9au.com,ꜰʀᴇᴇ ᴇᴠᴇʀʏᴅᴀʏ 365 ᴅᴀʏ ꜱᴘɪɴ,"{'min': 1.88, 'max': 2.33}",288,20,0,#VALUE!,"{""displayDescriptionOnly"":""1"",""creditLessThan"":0.5,""mobileAppOnly"":""0"",""walletId"":1,""changeGameId"":1}",FREE,0,"{'min': 1.88, 'max': 2.33}",DAILY,,,,0.08898662456,0
https://eq9au.com,ᴅᴀɪʟʏ ᴘʟᴀʏᴇʀ ꜱᴘᴇᴄɪᴀʟꜱ,"{'min': 10, 'max': 11.99}",500,20,0,#VALUE!,"{""depositTarget"":0,""depositTargetReset"":""DAILY"",""startDate"":""2025-05-11"",""displayDescriptionOnly"":""1"",""creditLessThan"":0.5,""mobileAppOnly"":""1"",""displayAngpaoText"":""1"",""walletId"":1,""changeGameId"":1}",FREE,0,"{'min': 10, 'max': 11.99}",DAILY,,,,0.3991611578,0
https://bonus96.com,<b>Limited TwoJ Event</b>,"{'min': 39, 'max': 96}",2000,20,0,#VALUE!,"{""walletId"":1,""changeGameId"":1,""creditLessThan"":0.1,""displayDescriptionOnly"":""1"",""displayAngpaoText"":""1"",""mobileAppOnly"":""0"",""startDate"":""2026-05-01"",""endDate"":""2026-06-30""}",FREE,0,"{'min': 39, 'max': 96}",DAILY,,,,0.4226164954,0
https://enjoy96.com,<b>2J Exclusive FREE</b>,"{'min': 39, 'max': 96}",2000,20,0,#VALUE!,"{""walletId"":1,""changeGameId"":1,""creditLessThan"":0.1,""displayDescriptionOnly"":""1"",""displayAngpaoText"":""1"",""mobileAppOnly"":""0"",""startDate"":""2026-05-01"",""endDate"":""2026-06-30""}",FREE,0,"{'min': 39, 'max': 96}",DAILY,,,,0.4226164954,0
https://19rich.com,365 DAILY FREE,"{'min': 2, 'max': 3.8}",100,20,0,#VALUE!,"{""creditLessThan"":0.5,""displayDescriptionOnly"":""1"",""walletId"":1,""changeGameId"":1,""mobileAppOnly"":""0"",""ignoreTrxAmount"":1}",FREE,0,"{'min': 2, 'max': 3.8}",DAILY,,,,0.361879152,0
https://onyxaud.com,<B>Download APP Free Event</b>,"{'min': 10, 'max': 17}",600,20,0,#VALUE!,"{""creditLessThan"":0.01,""walletId"":1,""changeGameId"":1,""mobileAppOnly"":""1"",""displayDescriptionOnly"":""1""}",FREE,0,"{'min': 10, 'max': 17}",DAILY,,,,0.3178130426,0
https://ubet66aus.com,FREE 365,"{'min': 6, 'max': 7}",366,20,0,#VALUE!,"{""creditLessThan"":0.1,""mobileAppOnly"":""1"",""displayAngpaoText"":""0""}",FREE,0,"{'min': 6, 'max': 7}",DAILY,,,,0.301198788,0
https://astar77au.com,Daily Free Coins,"{'min': 3, 'max': 3.8}",200,20,0,#VALUE!,"{""creditLessThan"":0.1,""mobileAppOnly"":""0"",""walletId"":1,""changeGameId"":1}",FREE,0,"{'min': 3, 'max': 3.8}",DAILY,,,,0.2583363641,0
https://glbet9.com,<b>365 DAILY FREE</b>,"{'min': 1, 'max': 2.5}",200,20,0,#VALUE!,"{""displayDescriptionOnly"":""1"",""mobileAppOnly"":""1"",""startDate"":""2025-09-30"",""creditLessThan"":0.1,""displayAngpaoText"":""1""}",FREE,0,"{'min': 1, 'max': 2.5}",DAILY,,,,0.06191508604,0
https://gofun33.com,<b>Free Spin 365 Days</b>,"{'min': 2, 'max': 3.6}",150,20,0,#VALUE!,"{""creditLessThan"":1,""displayDescriptionOnly"":""1"",""walletId"":1,""changeGameId"":1,""displayAngpaoText"":""1"",""mobileAppOnly"":""0""}",FREE,0,"{'min': 2, 'max': 3.6}",DAILY,,,,0.2179964845,0
https://ufo9.asia,Free Chips 365 Days,"{'min': 1.88, 'max': 3.88}",150,20,0,#VALUE!,"{""creditLessThan"":0.1,""displayDescriptionOnly"":""1"",""mobileAppOnly"":""0"",""walletId"":1,""changeGameId"":1,""offUsernames"":[""391953656""]}",FREE,0,"{'min': 1.88, 'max': 3.88}",DAILY,,,,0.2011181518,0
https://efa777.com,<b>365 Days Free</b>,"{'min': 1.37, 'max': 5.37}",137,20,0,#VALUE!,"{""displayDescriptionOnly"":""1"",""creditLessThan"":0.01,""changeGameId"":1,""walletId"":1}",FREE,0,"{'min': 1.37, 'max': 5.37}",DAILY,,,,0.1493075773,0
https://v8au.com,365 FREE CREDIT,"{'min': 0.88, 'max': 2.88}",88,20,0,#VALUE!,"{""creditLessThan"":0.01,""changeGameId"":1,""walletId"":1}",FREE,0,"{'min': 0.88, 'max': 2.88}",DAILY,,,,0.1465132281,0
https://bk8au.online,Daily Login Free,"{'min': 1, 'max': 2}",150,20,0,#VALUE!,"{""displayDescriptionOnly"":""1"",""mobileAppOnly"":""0"",""creditLessThan"":0.10}",FREE,0,"{'min': 1, 'max': 2}",DAILY,,,,0.08870945305,0
https://betworld168.vip,<b>365 Days Free Spins<b>,"{'min': 1, 'max': 8}",200,20,0,#VALUE!,"{""creditLessThan"":0.1,""displayDescriptionOnly"":""1"",""displayAngpaoText"":""1"",""mobileAppOnly"":""0"",""startDate"":""2022-12-02"",""walletId"":1,""changeGameId"":1}",FREE,0,"{'min': 1, 'max': 8}",DAILY,,,,0.06191508604,0
https://on88aud.io,365DAYS FREE CREDIT,"{'min': 0.1, 'max': 0.4}",20,20,0,#VALUE!,"{""displayDescriptionOnly"":""1"",""walletId"":1,""changeGameId"":1,""creditLessThan"":0.1}",FREE,0,"{'min': 0.1, 'max': 0.4}",DAILY,,,,0.05888256851,0
https://champion9.com,"<b style=""color:#ffbe27;"">365 DAILY LUCKY FREE</b>","{'min': 0.5, 'max': 7.5}",200,20,0,#VALUE!,"{""displayDescriptionOnly"":""1"",""mobileAppOnly"":""0"",""startDate"":""2026-03-01"",""creditLessThan"":0.1,""displayAngpaoText"":""1""}",FREE,0,"{'min': 0.5, 'max': 7.5}",DAILY,,,,0.02541854278,0
https://bs22au.com,365 DAYS FREE CREDIT,"{'min': 0.2, 'max': 2.3}",100,20,0,#VALUE!,"{""customBonus"":""manual"",""creditLessThan"":0.1,""walletId"":1,""changeGameId"":1,""showIfAmount"":1,""fixRT"":1,""displayDescriptionOnly"":""1""}",FREE,0,"{'min': 0.2, 'max': 2.3}",DAILY,,,,0.01887143471,0
https://mmd9.net,<b>FREE CREDIT 365 days</b>,"{'min': 0.2, 'max': 0.6}",100,20,0,#VALUE!,"{""creditLessThan"":0.1,""displayDescriptionOnly"":""1""}",FREE,0,"{'min': 0.2, 'max': 0.6}",DAILY,,,,0.01887143471,0
https://won96.com,365 DAYS RANDOM JACKPOT,"{'min': 2, 'max': 5.36}",669.6,20,36.96,#VALUE!,"{""creditLessThan"":0.1,""walletId"":1,""changeGameId"":1,""displayDescriptionOnly"":""1""}",FREE,0,"{'min': 2, 'max': 5.36}",DAILY,,,,0.0117965299,0
https://ff96au.com,<b>FREE CREDIT 365 days</b>,"{'min': 0.1, 'max': 1}",100,20,0,#VALUE!,"{""creditLessThan"":3,""displayDescriptionOnly"":""1"",""mobileAppOnly"":""0"",""walletId"":1,""changeGameId"":1,""displayAngpaoText"":""0""}",FREE,0,"{'min': 0.1, 'max': 1}",DAILY,,,,0.007875429364,0
https://auwin88.com,Daily Login Free,"{'min': 1, 'max': 2}",150,20,0,#VALUE!,"{""creditLessThan"":0.1,""displayDescriptionOnly"":""1""}",FREE,0,"{'min': 1, 'max': 2}",DAILY,,,,0.08870945305,0
https://betzilla88.com,Daily Free Coins,"{'min': 3, 'max': 3.8}",200,20,0,#VALUE!,"{""creditLessThan"":0.1,""mobileAppOnly"":""0"",""walletId"":1,""changeGameId"":1}",FREE,0,"{'min': 3, 'max': 3.8}",DAILY,,,,0.2583363641,0
https://cuntsick.com,Daily Free Coins,"{'min': 3, 'max': 5}",200,20,0,#VALUE!,"{""creditLessThan"":0.1,""mobileAppOnly"":""0"",""walletId"":1,""changeGameId"":1,""displayDescriptionOnly"":""1"",""max_round"":""1"",""initial_free_limit"":""0"",""deposit_free_limit"":""0"",""min_withdraw"":""100"",""max_withdraw"":""20"",""reset"":""DAILY""}",FREE,0,"{'min': 3, 'max': 5}",DAILY,,,,0.2583363641,0
https://deespin.com,Daily Check In Bonus,"{'min': 3, 'max': 5}",200,20,0,#VALUE!,"{""displayDescriptionOnly"":""1"",""creditLessThan"":""0.1"",""mobileAppOnly"":""0"",""walletId"":1,""changeGameId"":1}",FREE,0,"{'min': 3, 'max': 5}",DAILY,,,,0.2583363641,0
https://nelspin.com,Daily Free Coins,"{'min': 3, 'max': 5}",200,20,0,#VALUE!,"{""creditLessThan"":0.1,""mobileAppOnly"":""0"",""walletId"":1,""changeGameId"":1,""displayDescriptionOnly"":""1"",""max_round"":""1"",""initial_free_limit"":""0"",""deposit_free_limit"":""0"",""min_withdraw"":""100"",""max_withdraw"":""20"",""reset"":""DAILY""}",FREE,0,"{'min': 3, 'max': 5}",DAILY,,,,0.2583363641,0
https://aus2u.com,EVERY HOUR UP TO 108$,"{'min': 28, 'max': 60}",1888,18,0,#VALUE!,"{""displayAngpaoText"":""1"",""displayDescriptionOnly"":""1"",""walletId"":1,""changeGameId"":1,""creditLessThan"":0.1}",FREE,0,"{'min': 28, 'max': 60}",HOURLY,,,,0.2841488129,0
https://aus2u.com,EVERY DAY FREE $$$,"{'min': 3, 'max': 10}",200,18,0,#VALUE!,"{""displayAngpaoText"":""1"",""displayDescriptionOnly"":""1"",""walletId"":1,""changeGameId"":1,""creditLessThan"":0.1}",FREE,0,"{'min': 3, 'max': 10}",DAILY,,,,0.2498439987,0
https://ezaud.com,HOURLY FREE BONUS,"{'min': 0.88, 'max': 1.88}",108,18,0,#VALUE!,"{""walletId"":1,""changeGameId"":1,""displayDescriptionOnly"":""1"",""creditLessThan"":0.1,""displayAngpaoText"":""0""}",FREE,0,"{'min': 0.88, 'max': 1.88}",HOURLY,,,,0.1096942498,0
https://speedaud.com,EVERY HOUR UP TO 188$,"{'min': 28, 'max': 60}",1888,18,0,#VALUE!,"{""displayAngpaoText"":""0"",""displayDescriptionOnly"":""1"",""walletId"":1,""changeGameId"":1,""creditLessThan"":0.1}",FREE,0,"{'min': 28, 'max': 60}",HOURLY,,,,0.2841488129,0
https://speedaud.com,EVERY DAY FREE $$$,"{'min': 3, 'max': 10}",200,18,0,#VALUE!,"{""displayAngpaoText"":""1"",""displayDescriptionOnly"":""1"",""walletId"":1,""changeGameId"":1,""creditLessThan"":0.1}",FREE,0,"{'min': 3, 'max': 10}",DAILY,,,,0.2498439987,0
https://pokiesking1.com,<b>DAILY FREE UP TO 569$</b>,"{'min': 10, 'max': 569}",1888,18,0,#VALUE!,"{""displayAngpaoText"":""1"",""displayDescriptionOnly"":""1"",""walletId"":1,""changeGameId"":1,""creditLessThan"":0.1}",FREE,0,"{'min': 10, 'max': 569}",DAILY,,,,0.07334012924,0
https://kingpower365.com,Free Spin Every Hour,"{'min': 10, 'max': 13.99}",388,18,0,#VALUE!,"{""walletId"":1,""changeGameId"":1,""displayDescriptionOnly"":""1"",""creditLessThan"":0.1}",FREE,0,"{'min': 10, 'max': 13.99}",HOURLY,,,,0.5300349426,0
https://mb9au.net,<b>Daily LuckyChips</b>,"{'min': 1.88, 'max': 3}",188,18,0,#VALUE!,"{""displayAngpaoText"":""1"",""displayDescriptionOnly"":""1"",""creditLessThan"":0.09,""walletId"":1,""changeGameId"":1,""mobileAppOnly"":""1"",""offUsernames"":[""3A1191999""]}",FREE,0,"{'min': 1.88, 'max': 3}",DAILY,,,,0.1466734174,0
https://mb9.co,<b>Daily LuckyChips</b>,"{'min': 1.88, 'max': 3}",188,18,0,#VALUE!,"{""displayAngpaoText"":""1"",""displayDescriptionOnly"":""1"",""creditLessThan"":0.09,""walletId"":1,""changeGameId"":1,""mobileAppOnly"":""1"",""offUsernames"":[""3A1191999""]}",FREE,0,"{'min': 1.88, 'max': 3}",DAILY,,,,0.1466734174,0
https://all117.com,<b>⭐ALL117⭐ DAILY BOOST MODE: ON</b>,"{'min': 1, 'max': 1.2}",117,17,0,#VALUE!,"{""displayDescriptionOnly"":""1"",""creditLessThan"":0.5,""mobileAppOnly"":""0"",""displayAngpaoText"":""1"",""walletId"":1,""changeGameId"":1}",FREE,0,"{'min': 1, 'max': 1.2}",DAILY,,,,0.1148910436,0
https://fatchoy66.club,DAILY BOUNTY REWARD,"{'min': 6, 'max': 10}",1066,16,0,#VALUE!,"{""creditLessThan"":1,""displayDescriptionOnly"":""1"",""mobileAppOnly"":""0"",""displayAngpaoText"":""0"",""walletId"":1,""changeGameId"":1}",FREE,0,"{'min': 6, 'max': 10}",DAILY,,,,0.07366618347,0
https://rtpvictory88.com,<b>Daily App Free Credit<b/>,"{'min': 5, 'max': 9.99}",188,15,0,#VALUE!,"{""displayDescriptionOnly"":""1"",""mobileAppOnly"":""1"",""walletId"":1,""changeGameId"":1}",FREE,0,"{'min': 5, 'max': 9.99}",DAILY,,,,0.4964712301,0
https://jackpotau.com,Daily App Free Credit,"{'min': 5, 'max': 15.99}",188,15,0,#VALUE!,"{""walletId"":1,""changeGameId"":1,""creditLessThan"":0.5,""displayDescriptionOnly"":""1"",""mobileAppOnly"":""1""}",FREE,0,"{'min': 5, 'max': 15.99}",DAILY,,,,0.4964712301,0
https://trust88au.com,<b>Hourly Free Credit<b/>,"{'min': 5, 'max': 9.99}",188,15,0,#VALUE!,"{""displayDescriptionOnly"":""1"",""mobileAppOnly"":""0"",""changeGameId"":1,""walletId"":1}",FREE,0,"{'min': 5, 'max': 9.99}",HOURLY,,,,0.4964712301,0
https://ubet96.com,365 Daily Free,"{'min': 0.1, 'max': 2.99}",128,15,0,#VALUE!,"{""creditLessThan"":0.1,""mobileAppOnly"":""0""}",FREE,0,"{'min': 0.1, 'max': 2.99}",DAILY,,,,0.005267785128,0
https://jk123au.com,GDAY 365 FREEBIES,"{'min': 0.3, 'max': 2}",100,15,0,#VALUE!,"{""creditLessThan"":1,""displayDescriptionOnly"":""1"",""displayAngpaoText"":""1"",""mobileAppOnly"":""0"",""walletId"":1,""changeGameId"":1,""ignoreTrxAmount"":1}",FREE,0,"{'min': 0.3, 'max': 2}",DAILY,,,,0.02872416868,1
https://gday123.com,GDAY 365 FREEBIES,"{'min': 0.3, 'max': 2}",100,15,0,#VALUE!,"{""creditLessThan"":1,""displayDescriptionOnly"":""1"",""displayAngpaoText"":""1"",""mobileAppOnly"":""0"",""walletId"":1,""changeGameId"":1,""ignoreTrxAmount"":1}",FREE,0,"{'min': 0.3, 'max': 2}",DAILY,,,,0.02872416868,0
https://tnt99au.com,<B>FREE CREDIT 365</b>,"{'min': 1.03, 'max': 1.32}",150,12,0,#VALUE!,"{""creditLessThan"":0.05,""displayDescriptionOnly"":""1""}",FREE,0,"{'min': 1.03, 'max': 1.32}",DAILY,,,,0.07764356452,0
https://pokies4bet.com,"<a style=""color:#CBFB66"">DAILY RANDOM FREE</a>","{'min': 2, 'max': 8}",999,10,0,#VALUE!,"{""creditLessThan"":0.1,""startDate"":""2026-01-01"",""displayAngpaoText"":""1"",""walletId"":1,""changeGameId"":1,""mobileAppOnly"":""0""}",FREE,0,"{'min': 2, 'max': 8}",DAILY,,,,0.01604788251,0
https://pokies4bet.com,"<a style=""color:#CBFB66"">DAILY RANDOM FREE</a>","{'min': 2, 'max': 8}",999,10,0,#VALUE!,"{""creditLessThan"":0.1,""startDate"":""2026-01-01"",""displayAngpaoText"":""1"",""walletId"":1,""changeGameId"":1,""mobileAppOnly"":""0""}",FREE,0,"{'min': 2, 'max': 8}",DAILY,,,,0.01604788251,0
https://aud365.co,<b>Free Credit 365 Days</b> #R,"{'min': 1, 'max': 10}",100,10,0,#VALUE!,"{""creditLessThan"":0.1,""displayAngpaoText"":""1"",""displayDescriptionOnly"":""1"",""walletId"":1,""changeGameId"":1,""mobileAppOnly"":""1""}",FREE,0,"{'min': 1, 'max': 10}",DAILY,,,,0.1159831789,0
https://aud365.co,<b>DAILY JILI GIFT</b> #R,"{'min': 1, 'max': 2.88}",100,10,0,#VALUE!,"{""creditLessThan"":0.1,""startDate"":""2024-12-21"",""displayDescriptionOnly"":""1"",""walletId"":1,""changeGameId"":1,""mobileAppOnly"":""1""}",FREE,0,"{'min': 1, 'max': 2.88}",DAILY,,,,0.1159831789,0
https://jw8au.com,<b>FREE CHIPS 365 DAYS</b>,"{'min': 1, 'max': 5.2}",228,10,0,#VALUE!,"{""creditLessThan"":0.1,""displayDescriptionOnly"":""1"",""walletId"":1,""changeGameId"":1}",FREE,0,"{'min': 1, 'max': 5.2}",DAILY,,,,0.0413977225,0
https://inskingdom8.com,<b>Daily App Free Credit<b/>,"{'min': 5, 'max': 9.99}",188,10,0,#VALUE!,"{""displayDescriptionOnly"":""1"",""mobileAppOnly"":""1"",""walletId"":1,""changeGameId"":1}",FREE,0,"{'min': 5, 'max': 9.99}",DAILY,,,,0.4293770678,0
https://reef33.vip,<b>Daily App SpinBoost Free </b>,"{'min': 10, 'max': 13.01}",600,10,0,#VALUE!,"{""creditLessThan"":0.1,""displayDescriptionOnly"":""1"",""walletId"":1,""changeGameId"":1,""mobileAppOnly"":""1"",""displayAngpaoText"":""1""}",FREE,0,"{'min': 10, 'max': 13.01}",DAILY,,,,0.2503126215,0
https://jackpotau.com,App Hours Free Up To 88,"{'min': 5, 'max': 19.99}",388,10,0,#VALUE!,"{""walletId"":1,""changeGameId"":1,""displayDescriptionOnly"":""1"",""creditLessThan"":0.50,""mobileAppOnly"":""1""}",FREE,0,"{'min': 5, 'max': 19.99}",HOURLY,,,,0.1735787276,0
https://mrbet9au.info,<B>Daily Random Free</b>,"{'min': 1, 'max': 3}",180,10,0,#VALUE!,"{""creditLessThan"":0.1,""displayDescriptionOnly"":""1"",""startDate"":""2023-05-19"",""walletId"":1,""changeGameId"":1}",FREE,0,"{'min': 1, 'max': 3}",DAILY,,,,0.05562940008,0
https://vv88aud.io,HOURLY FREE CREDIT UP TO $100,"{'min': 1.5, 'max': 3.5}",15,10,0,#VALUE!,"{""displayAngpaoText"":""0"",""creditLessThan"":0.05,""displayDescriptionOnly"":""1"",""walletId"":1,""changeGameId"":1}",FREE,0,"{'min': 1.5, 'max': 3.5}",HOURLY,,,,2.100210376,0
https://avg88.com,HOURLY BONUS UP TO $5,"{'min': 1.88, 'max': 3.88}",388,10,0,#VALUE!,"{""displayAngpaoText"":""1"",""displayDescriptionOnly"":""1"",""creditLessThan"":0.1,""walletId"":1,""changeGameId"":1}",FREE,0,"{'min': 1.88, 'max': 3.88}",HOURLY,,,,0.04828772208,0
https://royale9au.com,365 Days Free Chips,"{'min': 1.99, 'max': 3.99}",39,10,0,#VALUE!,"{""displayDescriptionOnly"":""1"",""mobileAppOnly"":""1"",""creditLessThan"":0.1,""displayAngpaoText"":""1"",""walletId"":1,""changeGameId"":1}",FREE,0,"{'min': 1.99, 'max': 3.99}",DAILY,,,,0.9187718784,0
https://starspin996.com,<b>Starspin996 JILI Free #C</b>,"{'min': 2, 'max': 5.99}",150,10,0,#VALUE!,"{""creditLessThan"":0.1,""displayAngpaoText"":""1"",""displayDescriptionOnly"":""1"",""mobileAppOnly"":""0"",""walletId"":1,""changeGameId"":1}",FREE,0,"{'min': 2, 'max': 5.99}",DAILY,,,,0.1716961364,0
https://starspin996.com,<b>StarSpin996 Free Credit #R</b>,"{'min': 1, 'max': 12.88}",200,10,0,#VALUE!,"{""creditLessThan"":0.1,""displayAngpaoText"":""1"",""displayDescriptionOnly"":""1"",""walletId"":1,""changeGameId"":1}",FREE,0,"{'min': 1, 'max': 12.88}",DAILY,,,,0.04876491968,0
https://vip77.club,⭐ VIP77 ⭐ DAILY FREEBIE,"{'min': 1, 'max': 2.5}",100,10,0,#VALUE!,"{""displayDescriptionOnly"":""1"",""creditLessThan"":0.5,""mobileAppOnly"":""0"",""walletId"":1,""changeGameId"":1}",FREE,0,"{'min': 1, 'max': 2.5}",DAILY,,,,0.1159831789,0
https://dd8au.com,365 DAYS FREE,"{'min': 0.5, 'max': 2}",100,10,0,#VALUE!,"{""creditLessThan"":0.1,""displayDescriptionOnly"":""1"",""displayAngpaoText"":""0""}",FREE,0,"{'min': 0.5, 'max': 2}",DAILY,,,,0.04761559069,0
https://fc8au.com,365 DAYS FREE CREDIT,"{'min': 0.5, 'max': 2}",100,10,0,#VALUE!,"{""creditLessThan"":0.1,""displayDescriptionOnly"":""1"",""displayAngpaoText"":""0""}",FREE,0,"{'min': 0.5, 'max': 2}",DAILY,,,,0.04761559069,0
https://sapphireaud.com,<b>App Free Spin Bonza </b>,"{'min': 10, 'max': 10.99}",600,10,0,#VALUE!,"{""creditLessThan"":0.1,""displayDescriptionOnly"":""1"",""walletId"":1,""changeGameId"":1,""mobileAppOnly"":""1"",""displayAngpaoText"":""1""}",FREE,0,"{'min': 10, 'max': 10.99}",DAILY,,,,0.2503126215,0
https://skyspin96.co,DAILY FREE CREDIT,"{'min': 1, 'max': '3'}",50,10,0,#VALUE!,"{""walletId"":1,""changeGameId"":1,""creditLessThan"":1,""displayDescriptionOnly"":""1""}",FREE,0,"{'min': 1, 'max': '3'}",DAILY,,,,0.2758560431,0
https://kangaroo88.com,<B>Daily Free Up To $10</B>,"{'min': 1, 'max': 3}",200,10,0,#VALUE!,"{""walletId"":1,""changeGameId"":1,""creditLessThan"":""0.10"",""displayDescriptionOnly"":""1"",""mobileAppOnly"":""0""}",FREE,0,"{'min': 1, 'max': 3}",DAILY,,,,0.04876491968,0
https://dns33.com,☘️DNS33☘️ DAILY GIVEAWAY CHIP,"{'min': 1, 'max': 2.5}",100,10,0,#VALUE!,"{""displayDescriptionOnly"":""1"",""creditLessThan"":0.5,""mobileAppOnly"":""0"",""walletId"":1,""changeGameId"":1}",FREE,0,"{'min': 1, 'max': 2.5}",DAILY,,,,0.1159831789,0
https://play77au.com,Mobile Hourly Free Credit,"{'min': 1.77, 'max': 97.77}",777,10,0,#VALUE!,"{""walletId"":1,""changeGameId"":1,""displayDescriptionOnly"":""1"",""mobileAppOnly"":""1"",""displayAngpaoText"":""0""}",FREE,0,"{'min': 1.77, 'max': 97.77}",HOURLY,,,,0.01874009892,0
https://wildspin24.com,<b>Daily App Free Credit<b/>,"{'min': 5, 'max': 9.99}",188,10,0,#VALUE!,"{""displayDescriptionOnly"":""1"",""mobileAppOnly"":""1"",""walletId"":1,""changeGameId"":1}",FREE,0,"{'min': 5, 'max': 9.99}",DAILY,,,,0.4293770678,0
https://koala88.co,<b>Daily Free Up To $10</b>,"{'min': 1, 'max': 3}",200,10,0,#VALUE!,"{""walletId"":1,""changeGameId"":1,""creditLessThan"":""0.10"",""displayDescriptionOnly"":""1"",""mobileAppOnly"":""0""}",FREE,0,"{'min': 1, 'max': 3}",DAILY,,,,0.04876491968,0
https://win29.club,WIN29 ➖➖➖➖ EVERYDAY FREE CREDIT,"{'min': 1, 'max': 2}",88,10,0,#VALUE!,"{""creditLessThan"":0.5,""displayDescriptionOnly"":""1"",""walletId"":1,""changeGameId"":1}",FREE,0,"{'min': 1, 'max': 2}",DAILY,,,,0.136079175,0
https://tab99au.com,365 Days Random Free AUD10,"{'min': 1.1, 'max': 2}",99,10,0,#VALUE!,"{""creditLessThan"":0.1,""displayDescriptionOnly"":""1"",""displayAngpaoText"":""1""}",FREE,0,"{'min': 1.1, 'max': 2}",DAILY,,,,0.1328386259,0
https://vip99.com,Daily VIP Free Chip,"{'min': 1, 'max': 2}",100,10,0,#VALUE!,"{""displayDescriptionOnly"":""1"",""creditLessThan"":0.5,""mobileAppOnly"":""0""}",FREE,0,"{'min': 1, 'max': 2}",DAILY,,,,0.1159831789,0
https://solidluck33.com,<b>EVERY HOUR FREE,"{'min': 3, 'max': 9}",450,10,0,#VALUE!,"{""resetCustom"":""1 hour"",""creditLessThan"":0.01,""walletId"":1,""changeGameId"":1,""displayDescriptionOnly"":""1""}",FREE,0,"{'min': 3, 'max': 9}",,,,,0.0738360453,0
https://enjoy33.vip,365Day Random Free $10 ~ $33,"{'min': 10, 'max': 33}",1888,10,0,#VALUE!,"{""displayDescriptionOnly"":1,""walletId"":1,""changeGameId"":1,""creditLessThan"":0.01,""displayAngpaoText"":""0""}",FREE,0,"{'min': 10, 'max': 33}",DAILY,,,,0.0597268106,0
https://ozreel88.com,APP EVERYDAY FREE,"{'min': 5, 'max': 7}",188,10,100,#VALUE!,"{""creditLessThan"":0.1,""displayDescriptionOnly"":""1"",""walletId"":1,""changeGameId"":1,""mobileAppOnly"":""1""}",FREE,0,"{'min': 5, 'max': 7}",DAILY,,,,0.02107038163,0
https://aus33.com,<b>EXCLUSIVE DAILY TREAT</b>,"{'min': 0.5, 'max': 1.11}",100,10,0,#VALUE!,"{""creditLessThan"":0.5,""displayDescriptionOnly"":""1"",""displayAngpaoText"":""1"",""walletId"":1,""changeGameId"":1}",FREE,0,"{'min': 0.5, 'max': 1.11}",DAILY,,,,0.04761559069,0
https://rec99au.com,365DAYS FREE CREDIT,"{'min': 0.5, 'max': 2}",100,10,0,#VALUE!,"{""creditLessThan"":0.1,""displayDescriptionOnly"":""1"",""displayAngpaoText"":""0""}",FREE,0,"{'min': 0.5, 'max': 2}",DAILY,,,,0.04761559069,0
https://bigboss88.vip,RANDOM DAILY FREE CHIPS,"{'min': 0.5, 'max': 2.08}",108,10,0,#VALUE!,"{""creditLessThan"":0.1,""displayDescriptionOnly"":""1"",""walletId"":1,""changeGameId"":1}",FREE,0,"{'min': 0.5, 'max': 2.08}",DAILY,,,,0.04324834392,0
https://megabet26.com,<b>Free Credit 365 Days</b>,"{'min': 0.2, 'max': 1}",200,10,0,#VALUE!,"{""mobileAppOnly"":""1"",""displayAngpaoText"":""0"",""creditLessThan"":0.1,""walletId"":1,""changeGameId"":1}",FREE,0,"{'min': 0.2, 'max': 1}",DAILY,,,,0.006249258026,0
https://top1cas.com,"<b style=""color:#bf77f6;"">FREE CREDIT 365 DAYS</b>","{'min': 0.2, 'max': 2}",128,8.8,0,#VALUE!,"{""creditLessThan"":1,""displayDescriptionOnly"":""1"",""mobileAppOnly"":""1""}",FREE,0,"{'min': 0.2, 'max': 2}",DAILY,,,,0.01039110384,0
https://pokiesbillion.com,<b>Daily Social Free,"{'min': 2, 'max': 2.28}",100,5,0,#VALUE!,"{""displayAngpaoText"":""1"",""displayDescriptionOnly"":""1"",""creditLessThan"":0.1,""registerDate"":""2024-01-01"",""mobileAppOnly"":""0"",""mustJoinTelegramChannel"":""Pokiesbillionofficialchannel""}",FREE,0,"{'min': 2, 'max': 2.28}",DAILY,,,,0.2129727767,0
https://top1cas.com,"<b style=""color:#bf77f6;"">EVERY HOUR FREEBIES</b>","{'min': 1, 'max': 2}",80.88,5,0,#VALUE!,"{""creditLessThan"":1,""displayAngpaoText"":""1"",""mobileAppOnly"":""1"",""walletId"":1,""changeGameId"":1}",FREE,0,"{'min': 1, 'max': 2}",HOURLY,,,,0.1129907981,0
https://1winbet369.com,<b>AEP ALL SLOTS</b>,"{'min': 2, 'max': 2.28}",100,5,0,#VALUE!,"{""displayAngpaoText"":""1"",""displayDescriptionOnly"":""1"",""creditLessThan"":0.1,""registerDate"":""2024-01-01"",""mobileAppOnly"":""0"",""mustJoinTelegramChannel"":""auspokiesentertaintment""}",FREE,0,"{'min': 2, 'max': 2.28}",DAILY,,,,0.2129727767,0
https://play369.co,<b>Hourly Bonus</b>,"{'min': 2.5, 'max': 5.48}",200,5,0,#VALUE!,"{""displayDescriptionOnly"":""1"",""displayAngpaoText"":""1"",""walletId"":1,""changeGameId"":1,""creditLessThan"":0.1,""resetHour"":2}",FREE,0,"{'min': 2.5, 'max': 5.48}",HOURLY,,,,0.1197982051,0
https://select777.net,<b>DAILY SOCIAL FREE</b>,"{'min': 1, 'max': 6.89}",100,5,0,#VALUE!,"{""displayAngpaoText"":""1"",""displayDescriptionOnly"":""1"",""walletId"":1,""changeGameId"":1,""creditLessThan"":0.1,""startDate"":""2023-05-31"",""mobileAppOnly"":""0"",""mustJoinTelegramChannel"":""select777_official""}",FREE,0,"{'min': 1, 'max': 6.89}",,,,,0.08666515231,0
https://wildngo.net,<b>DOWNLOAD APP FREE</b>,"{'min': 1, 'max': 1.5}",100,5,0,#VALUE!,"{""creditLessThan"":0.5,""displayDescriptionOnly"":""1"",""walletId"":1,""changeGameId"":1,""mobileAppOnly"":""1""}",FREE,0,"{'min': 1, 'max': 1.5}",DAILY,,,,0.08666515231,0
https://topaz33.com,<b>New Social Free,"{'min': 2, 'max': 2.28}",100,0.05,0,#VALUE!,"{""displayAngpaoText"":""1"",""displayDescriptionOnly"":""1"",""creditLessThan"":0.1,""registerDate"":""2024-01-01"",""mustJoinTelegramChannel"":""bonuscredithub""}",FREE,0,"{'min': 2, 'max': 2.28}",DAILY,,,,0.005799314538,0
https://vip777au.com,<b>Daily Social Free,"{'min': 2, 'max': 2.28}",100,0.05,0,#VALUE!,"{""displayAngpaoText"":""1"",""displayDescriptionOnly"":""1"",""creditLessThan"":0.1,""registerDate"":""2024-01-01"",""mobileAppOnly"":""0"",""mustJoinTelegramChannel"":""VIP777AUOFFICIALCHANNEL""}",FREE,0,"{'min': 2, 'max': 2.28}",DAILY,,,,0.005799314538,0
,,,,,,#DIV/0!,,,,,,,,,,
,,,,,,#DIV/0!,,,,,,,,,,