https://candymommy.co,CANDYMOMMY,28246,"<b style=""color:black;"">NEW REGISTER FREE</b>",,200.00,200,4000,20,0.00,,"{""creditLessThan"":0.1,""displayDescriptionOnly"":""1"",""registerDate"":""2022-05-06"",""walletId"":1,""changeGameId"":1}",FREE,0.00,,,,,,1.5168728522373116,0
https://candymommy.co,CANDYMOMMY,28247,"<b style=""color:black;"">HOURLY BONUS</b>",,15.00,15,200,5,0.00,,"{""displayDescriptionOnly"":""1"",""displayAngpaoText"":""1"",""walletId"":1,""changeGameId"":1,""creditLessThan"":0.1,""resetHour"":2}",FREE,0.00,,HOURLY,,,,1.2588993529486476,0
https://candymommy.co,CANDYMOMMY,239408,<b>Return Back Bonus,,10.00,10,500,10,0.00,,"{""displayDescriptionOnly"":""1""}",FREE,0.00,,MONTHLY,,,,0.31438318259269477,0
https://wildspin24.com,Wildspin24,182099,Daily Free Credit,,10.00,10,150,15,0.00,,"{""creditLessThan"":0.1,""displayDescriptionOnly"":""1"",""changeGameId"":1,""walletId"":1}",FREE,0.00,,DAILY,,,,1.6372423828216727,0
https://wildspin24.com,Wildspin24,836890,Hourly Free Credit,,5.00,5,50,10,0.00,,"{""creditLessThan"":0.1,""displayDescriptionOnly"":""1"",""changeGameId"":1,""walletId"":1}",FREE,0.00,,HOURLY,,,,2.248141548510455,0
https://rolex9.net,Rolex9,751797,Apps Daily Free,,20.00,20,300,10,0.00,,"{""creditLessThan"":1,""displayDescriptionOnly"":""1"",""mobileAppOnly"":""1"",""displayAngpaoText"":""1"",""changeGameId"":1,""walletId"":1}",FREE,0.00,,DAILY,,,,1.4818021759296418,0
https://skygate9au.com,SkyGate9,0,Rollover Rebate,REBATE,,0.11,,500,,,,,,,,,,,5.733076203468725,1
https://skygate9au.com,SkyGate9,0,Rollover Rebate,REBATE,,0.11,,500,,,,,,,,,,,5.733076203468725,0
https://skygate9au.com,SkyGate9,0,Rollover Rebate,REBATE,,0.14,,500,,,,,,,,,,,7.7678836462507475,0
https://skygate9au.com,SkyGate9,0,Rollover Rebate,REBATE,,0.22,,500,,,,,,,,,,,13.746537359809707,0
https://ipay9aud.com,iPAY9,817609,iPAY9 APP BONUS,,20.00,20,300,20,0.00,,"{""creditLessThan"":1,""displayDescriptionOnly"":""1"",""mobileAppOnly"":""1"",""displayAngpaoText"":""1"",""ignoreTrxAmount"":1,""walletId"":1,""changeGameId"":1}",FREE,0.00,,MONTHLY,,,,1.8813915787157607,0
https://ijoker88au.com,IJOKER88,212732,<b>JOIN TELEGRAM<b>,,100.00,100,1000,10,0.00,,"{""displayAngpaoText"":""0"",""displayDescriptionOnly"":""1"",""mobileAppOnly"":""0"",""creditLessThan"":0.1,""registerDate"":""2023-01-01"",""mustJoinTelegramChannel"":""iJokerchannel88"",""changeGameId"":1,""walletId"":1}",FREE,0.00,,,,,,2.725215249163835,0
https://ijoker88au.com,IJOKER88,212136,<b>DAILY FREE CREDIT<b>,,88.00,88,288,15,0.00,,"{""creditLessThan"":0.1,""displayDescriptionOnly"":""1"",""mobileAppOnly"":""0"",""displayAngpaoText"":""0"",""changeGameId"":1,""walletId"":1}",FREE,0.00,,DAILY,,,,12.629885195615032,0
https://ijoker88au.com,IJOKER88,847132,<b>Download App Free</b>,,50.00,50,288,20,0.00,,"{""creditLessThan"":0.1,""displayDescriptionOnly"":""1"",""mobileAppOnly"":""1"",""displayAngpaoText"":""0"",""changeGameId"":1,""walletId"":1}",FREE,0.00,,DAILY,,,,6.603297049901292,0
https://ijoker88au.com,IJOKER88,212141,<b>FREE SHARE EVENT<b>,,1,1,0,288,0.00,,"{""customBonus"":""sharebonus"",""creditLessThan"":1,""startDate"":""2024-09-10"",""displayDescriptionOnly"":""1"",""mobileAppOnly"":""0"",""changeGameId"":1,""walletId"":1}",CUSTOM,0.00,,,,,,86.67105251051989,0
https://mkaus.co,MK Gaming,1751,Free Chips Everyday,,1.00,1,127,27,0.00,,"{""creditLessThan"":0.5,""mobileAppOnly"":""0"",""displayDescriptionOnly"":""1"",""walletId"":1,""changeGameId"":1}",FREE,0.00,,DAILY,,,,0.11954785632657886,0
https://mkaus.co,MK Gaming,0,COMMISSION,COMMISSION,,2.5,,577,,,,,,,,,,,101.7328245712813,0
https://tab9au.com,TAB9AU,7843,<b>New Register Free #C</b>,,399.00,399,400,50,0.00,,"{""startDate"":""2023-05-04"",""creditLessThan"":0.1,""displayDescriptionOnly"":""1"",""walletId"":1,""changeGameId"":1,""withdrawLessThan"":1}",FREE,0.00,,DAILY,,,,85.97480653166339,0
https://tab9au.com,TAB9AU,240579,<b>TAB9AU LUCKY #R</b>,,188.00,188,13888,10,0.00,,"{""creditLessThan"":0.1,""displayAngpaoText"":""1"",""displayDescriptionOnly"":""1"",""walletId"":1,""changeGameId"":1}",FREE,0.00,,DAILY,,,,0.2324623784030527,0
https://crown69.co,CROWN69,846346,BONUS VAULT,,250.00,250,1.2,50,0.00,,"{""displayDescriptionOnly"":""1"",""creditLessThan"":0.01,""walletId"":1,""changeGameId"":1,""displayAngpaoText"":""1""}",FREE,0.00,,HOURLY,,,,83.94819348009914,0
https://crown69.co,CROWN69,846347,BONUS VAULT,,500.00,500,1.2,100,0.00,,"{""displayDescriptionOnly"":""1"",""creditLessThan"":0.01,""walletId"":1,""changeGameId"":1,""displayAngpaoText"":""1""}",FREE,0.00,,HOURLY,,,,102.53429592338952,0
https://jackpotmate88.com,JackpotMate88,444600,Weekly Commission,,0.6,0.6,0,888,1.2,,"{""customBonus"":""commissionweek"",""startDate"":""2025-04-24"",""displayDescriptionOnly"":""1"",""displayAngpaoText"":""0""}",CUSTOM,5.00,,WEEKLY,,,,50.793837664775694,0
https://glorya77.com,GLORYA77,695301,<b>APP Bonus Free<b>,,18.00,18,68,20,0.00,,"{""walletId"":1,""changeGameId"":1,""creditLessThan"":0.01,""fixRT"":1,""displayDescriptionOnly"":""1""}",FREE,0.00,,,,,,10.472530755252265,0
https://glorya77.com,GLORYA77,162600,Sign In Day 1,,21.00,21,33,20,0.00,,"{""walletId"":1,""changeGameId"":1,""claimTime"":""N=01"",""creditLessThan"":0.01,""fixRT"":1,""displayDescriptionOnly"":""1""}",FREE,0.00,,WEEKLY,,,,31.66726736561203,0
https://cr33au.com,CR33,691058,"<b style=""color:#;"">Daily Free Points</b>",,3200.00,3200,64000,15,0.00,,"{""creditLessThan"":1,""mobileAppOnly"":""0"",""walletId"":1,""changeGameId"":1}",FREE,0.00,,DAILY,,,,1.6087605116993464,0
https://cr33au.com,CR33,691170,"<b style=""color:#;"">Daily Points Reward</b>",,198.00,198,238,10,0.00,,"{""creditLessThan"":1,""mobileAppOnly"":""1"",""walletId"":1,""changeGameId"":1}",FREE,0.00,,DAILY,,,,40.12357847203428,0
https://keno99.com,Keno99,690698,<b>Daily Free Point</b>,,3200.00,3200,0,15,64000.00,,"{""creditLessThan"":1,""mobileAppOnly"":""0"",""walletId"":1,""changeGameId"":1,""displayAngpaoText"":""1"",""displayDescriptionOnly"":""1""}",FREE,0.00,,DAILY,,,,2.0881815322696407e-08,0
https://keno99.com,Keno99,690699,<b>Earn Point Bonus</b>,,198.00,198,238,10,0.00,,"{""creditLessThan"":1,""mobileAppOnly"":""0"",""walletId"":1,""changeGameId"":1,""displayAngpaoText"":""1"",""displayDescriptionOnly"":""1""}",FREE,0.00,,DAILY,,,,40.12357847203428,0
https://onyxaud.com,OnyxAUD,737385,"<b style=""color:yellow;"">Offical Partner Free!</b>",,2.00,2,300,20,0.00,,"{""creditLessThan"":1,""displayDescriptionOnly"":""1"",""displayAngpaoText"":""0""}",FREE,0.00,,DAILY,,,,0.09165623118624627,0
https://onyxaud.com,OnyxAUD,450949,<b>Day 1 (Monday),,10.00,10,1000,20.15,0.00,,"{""claimTime"":""N=1"",""creditLessThan"":0.01,""mobileAppOnly"":""0"",""displayDescriptionOnly"":""1"",""changeGameId"":1,""walletId"":1}",FREE,0.00,,WEEKLY,,,,0.1682189374487242,0
https://onyxaud.com,OnyxAUD,133250,<B>Daily Free</b>,,4.00,4,100,0.05,0.00,,"{""changeGameId"":1,""walletId"":1}",FREE,0.00,,DAILY,,,,0.014351859507490763,0
https://ufo9.asia,UFO9,0,Weekly VIP Rebate,REBATE,,0.32,,1000,,,,,,,,,,,24.567469549873003,0
https://ufo9.asia,UFO9,0,Weekly VIP Rebate,REBATE,,0.41,,1000,,,,,,,,,,,33.676388120559345,0
https://jaws68.com,JAWS68™ The Ultimate Sports & Pokies in Australia,799601,1X2 SOCCERS,,10.99,10.99,150,20,0.00,,"{""creditLessThan"":1,""walletId"":1,""changeGameId"":1,""displayDescriptionOnly"":""1"",""displayAngpaoText"":""1""}",FREE,0.00,,WEEKLY,,,,2.035522844239181,0
https://jaws68.com,JAWS68™ The Ultimate Sports & Pokies in Australia,799599,SOCCER MANIAC BONUS,,5.99,5.99,100,10,0.00,,"{""creditLessThan"":1,""walletId"":1,""changeGameId"":1,""displayDescriptionOnly"":""1"",""displayAngpaoText"":""1""}",FREE,0.00,,WEEKLY,,,,1.1982955349478785,0
https://jaws68.com,JAWS68™ The Ultimate Sports & Pokies in Australia,0,COMMISSION,COMMISSION,,0.25,,1000,,,,,,,,,,,17.961238907697417,0
https://rtpvictory88.com,RTPVICTORY88,849160,<b>WELCOME BACK FREE<b>,,34.00,34,288,15,0.00,,"{""creditLessThan"":0.1,""displayDescriptionOnly"":""1"",""registerBeforeDate"":""2026-05-25"",""changeGameId"":1,""walletId"":1}",FREE,0.00,,,,,,3.6228122703832373,0
https://rtpvictory88.com,RTPVICTORY88,212060,<b>DAILY FREE CREDIT<b>,,40.00,40,688,15,0.00,,"{""creditLessThan"":0.1,""walletId"":1,""changeGameId"":1,""displayDescriptionOnly"":""1""}",FREE,0.00,,DAILY,,,,1.5103018559645516,0
https://rtpvictory88.com,RTPVICTORY88,221847,<b>HOURLY FREE CREDIT,,3.00,3,50,10,0.00,,"{""creditLessThan"":0.1,""walletId"":1,""changeGameId"":1,""displayDescriptionOnly"":""1""}",FREE,0.00,,HOURLY,,,,1.1509900370660882,0
https://rtpvictory88.com,RTPVICTORY88,245109,<B>Download Apps Free,,50.00,50,500,15,0.00,,"{""creditLessThan"":0.1,""displayDescriptionOnly"":""1"",""walletId"":1,""changeGameId"":1,""displayAngpaoText"":""1"",""mobileAppOnly"":""1""}",FREE,0.00,,,,,,3.0175551213073413,0
https://aus2u.com,Aus2u,845018,NEW MEMBER FREE $88,,88.00,88,880,30,0.00,,"{""creditLessThan"":1,""displayDescriptionOnly"":""1"",""displayAngpaoText"":""0"",""changeGameId"":1,""walletId"":1}",FREE,0.00,,,,,,3.8721296705117987,0
https://aus2u.com,Aus2u,845019,DAILY FREE $3,,3.00,3,188,30,0.00,,"{""creditLessThan"":1,""displayDescriptionOnly"":""1"",""displayAngpaoText"":""0"",""changeGameId"":1,""walletId"":1}",FREE,0.00,,DAILY,,,,0.31481485667994463,0
https://aus2u.com,Aus2u,845021,DAILY APP FREE $5,,5.00,5,188,30,0.00,,"{""displayDescriptionOnly"":""1"",""mobileAppOnly"":""1"",""creditLessThan"":0.1,""displayAngpaoText"":""0"",""changeGameId"":1,""walletId"":1}",FREE,0.00,,DAILY,,,,0.6149039840471789,0
https://aus2u.com,Aus2u,846367,New Register Free Spin 88 !!,,0.10,0.1,300,30,0.00,,"{""freeRoundAPI"":{""site"":""UUS2"",""params"":{""GameCode"":""15076"",""RoundType"":1,""TotalRound"":88,""BetValue"":1,""LineBet"":0.01,""MaxWinAmount"":50}},""creditLessThan"":0.1,""startDate"":""2026-01-01"",""changeGameId"":1,""walletId"":1,""displayDescriptionOnly"":""1"",""displayAngpaoText"":""0""}",CUSTOM,0.00,,,,,,0.0022498427552897437,1
https://aus2u.com,Aus2u,846369,Hours Free Spin !!,,0.10,0.1,50,30,0.00,,"{""freeRoundAPI"":{""site"":""UUS2"",""params"":{""GameCode"":""15076"",""RoundType"":1,""TotalRound"":5,""BetValue"":1,""LineBet"":0.01,""MaxWinAmount"":50}},""creditLessThan"":0.1,""startDate"":""2026-01-01"",""changeGameId"":1,""walletId"":1,""displayDescriptionOnly"":""1"",""displayAngpaoText"":""0""}",CUSTOM,0.00,,HOURLY,,,,0.021127165223361458,1
https://aus2u.com,Aus2u,846370,App Daily Free Spin !!,,0.10,0.1,100,30,0.00,,"{""freeRoundAPI"":{""site"":""UUS2"",""params"":{""GameCode"":""15076"",""RoundType"":1,""TotalRound"":20,""BetValue"":1,""LineBet"":0.01,""MaxWinAmount"":50}},""creditLessThan"":0.1,""startDate"":""2026-01-01"",""changeGameId"":1,""walletId"":1,""displayDescriptionOnly"":""1"",""displayAngpaoText"":""0"",""mobileAppOnly"":1}",CUSTOM,0.00,,DAILY,,,,0.008882878750398795,1
https://cyberpunk369.com,CYBERPUNK369,269919,<b>New 30 Free Spin⭐<b>,,0.10,0.1,100,10,0.00,,"{""freeRoundAPI"":{""site"":""UUS2"",""params"":{""GameCode"":""10054"",""RoundType"":1,""TotalRound"":30,""BetValue"":1,""LineBet"":0.02,""MaxWinAmount"":100}},""startDate"":""2025-01-25"",""creditLessThan"":0.01,""displayAngpaoText"":""0"",""walletId"":1,""changeGameId"":1,""displayDescriptionOnly"":""1""}",CUSTOM,0.00,,,,,,0.006202764220146792,0
https://cyberpunk369.com,CYBERPUNK369,267657,<b> CyberMass Free </b>,,88.00,88,600,15,0.00,,"{""creditLessThan"":0.1,""displayDescriptionOnly"":""1"",""walletId"":1,""changeGameId"":1,""displayAngpaoText"":""1""}",FREE,0.00,,WEEKLY,,,,5.0460430296218215,0
https://cyberpunk369.com,CYBERPUNK369,266828,<b>Download Apps Free</b>,,20.00,20,300,10,0.00,,"{""creditLessThan"":0.1,""displayDescriptionOnly"":""1"",""walletId"":1,""changeGameId"":1,""mobileAppOnly"":""1""}",FREE,0.00,,DAILY,,,,1.4818021759296418,0
https://cyberpunk369.com,CYBERPUNK369,23780,<b>Hourly Bonus</b>,,3.00,3,50,10,0.00,,"{""displayDescriptionOnly"":""1"",""displayAngpaoText"":""1"",""walletId"":1,""changeGameId"":1,""creditLessThan"":0.1,""resetHour"":2}",FREE,0.00,,HOURLY,,,,1.1509900370660882,0
https://cyberpunk369.com,CYBERPUNK369,16437,<b>Check-in Bonus MONDAY</b>,,10.00,10,100,9,0.00,,"{""claimTime"":""N=1"",""displayDescriptionOnly"":""1"",""displayAngpaoText"":""0"",""creditLessThan"":0.1,""walletId"":1,""changeGameId"":1}",FREE,0.00,,WEEKLY,,,,2.2571337192319896,0
https://cyberpunk369.com,CYBERPUNK369,26827,<b>AEP ALL SLOT </b>,,5.00,5,100,20,0.00,,"{""displayAngpaoText"":""1"",""displayDescriptionOnly"":""1"",""creditLessThan"":0.1,""registerDate"":""2024-01-01"",""mobileAppOnly"":""0"",""mustJoinTelegramChannel"":""auspokiesentertaintment""}",FREE,0.00,,,,,,1.200121248138004,0
https://in8.one,IN8,463893,New Register Free,,18.00,18,90,18,90.00,,"{""displayDescriptionOnly"":""1"",""creditLessThan"":0.01,""walletId"":1,""changeGameId"":1}",FREE,0.00,,,,,,0.0349876446473443,0
https://in8.one,IN8,796828,FACEBOOK LIMITED BONUS,,8.00,8,80,10,0.00,,"{""displayDescriptionOnly"":""1"",""creditLessThan"":0.01,""walletId"":1,""changeGameId"":1}",FREE,0.00,,DAILY,,,,2.316654479144853,0
https://in8.one,IN8,795594,TELEGRAM LIMITED BONUS,,10.00,10,288,20,0.00,,"{""displayDescriptionOnly"":""1"",""creditLessThan"":0.01,""walletId"":1,""changeGameId"":1}",FREE,0.00,,DAILY,,,,0.7954633400358477,0
https://trust88au.com,ITRUST88,764806,<B>FREE 88 SPIN MASTER (UUSLOT)</B>,,0.10,0.1,100,10,0.00,,"{""freeRoundAPI"":{""site"":""UUS2"",""params"":{""GameCode"":""10052"",""RoundType"":1,""TotalRound"":88,""BetValue"":1,""LineBet"":0.01,""MaxWinAmount"":150}},""startDate"":""2025-11-25"",""creditLessThan"":0.1,""displayAngpaoText"":""0"",""walletId"":1,""changeGameId"":1,""displayDescriptionOnly"":""1""}",CUSTOM,0.00,,DAILY,,,,0.006202764220146792,1
https://trust88au.com,ITRUST88,849335,<B>Welcome Back Free,,100.00,100,800,20,0.00,,"{""creditLessThan"":0.1,""displayDescriptionOnly"":""1"",""registerBeforeDate"":""2026-06-01"",""changeGameId"":1,""walletId"":1}",FREE,0.00,,,,,,4.573274758747294,0
https://trust88au.com,ITRUST88,165605,<B>Daily Free Credit,,20.00,20,300,15,0.00,,"{""creditLessThan"":0.1,""displayDescriptionOnly"":""1"",""changeGameId"":1,""walletId"":1}",FREE,0.00,,DAILY,,,,1.713347554490281,0
https://trust88au.com,ITRUST88,833316,<b>Hourly Free Credit,,5.00,5,50,10,0.00,,"{""creditLessThan"":0.1,""displayDescriptionOnly"":""1"",""changeGameId"":1,""walletId"":1}",FREE,0.00,,HOURLY,,,,2.248141548510455,0
https://crn7.com,CRN7,846269,<b>DAILY LUCKY BOX FREE</b>,,18.00,18,188,10,0.00,,"{""displayDescriptionOnly"":""1"",""creditLessThan"":0.1,""registerDate"":""2023-12-1"",""fixRT"":1,""mobileAppOnly"":""0"",""displayAngpaoText"":""0"",""walletId"":1,""changeGameId"":1}",FREE,0.00,,DAILY,,,,2.313670483768583,0
https://crn7.com,CRN7,845695,<b>DOWNLOAD APP</b>,,18.00,18,188,20,0.00,,"{""displayDescriptionOnly"":""1"",""creditLessThan"":0.5,""mobileAppOnly"":""1"",""fixRT"":1,""displayAngpaoText"":""0"",""userTag"":{""offFor"":""FreeHunter""},""changeGameId"":1,""walletId"":1}",FREE,0.00,,,,,,2.937585215350713,0
https://crn7.com,CRN7,237457,<b>SHARE & GET</b>,,20,20,200,20,0.00,,"{""customBonus"":""sharebonus"",""creditLessThan"":0.1,""showIfAmount"":1,""displayDescriptionOnly"":""1"",""displayAngpaoText"":""1"",""mobileAppOnly"":""0"",""startDate"":""2025-04-14"",""walletId"":1,""changeGameId"":1,""maxWithdrawTimeAmount"":1}",CUSTOM,0.00,,,,,,3.1231530660617652,0
https://thestar.asia,TheStar,229154,FREE SPIN 365 DAYS,,377.00,377,3777,20,0.00,,"{""creditLessThan"":0.1,""displayDescriptionOnly"":""1"",""displayAngpaoText"":""1"",""walletId"":1,""changeGameId"":1,""mobileAppOnly"":""0""}",FREE,0.00,,DAILY,,,,3.7345832540718886,0
https://thestar.asia,TheStar,132292,App Free Bonus,,777.00,777,7777,20,0.00,,"{""creditLessThan"":0.1,""displayDescriptionOnly"":""1"",""displayAngpaoText"":""1"",""walletId"":1,""changeGameId"":1,""mobileAppOnly"":""1""}",FREE,0.00,,DAILY,,,,3.893729558135782,0
https://aud99.com,Aud99,0,Rollover Rebate,REBATE,,0.13,,,,,,,,,,,,,9.37437321113813,1
https://aud99.com,Aud99,0,Daily Bet Rebate,REBATE,,0.13,,599,,,,,,,,,,,7.280502246217325,1
https://g9aus.com,Gwin9,0,Rollover Rebate,REBATE,,0.12,,999,,,,,,,,,,,7.107913914228184,0
https://unitedau.com,UnitedAu,198839,<b>Day 1 (Monday),,10.00,10,1000,20.33,0.00,,"{""claimTime"":""N=1"",""creditLessThan"":0.1,""mobileAppOnly"":""1"",""walletId"":1,""changeGameId"":1}",FREE,0.00,,WEEKLY,,,,0.16868609372923096,0
https://unitedau.com,UnitedAu,170972,<B>FREE 365</b>,,5.00,5,100,0.05,0.00,,"{""creditLessThan"":0.1,""displayDescriptionOnly"":""1"",""displayAngpaoText"":""1""}",FREE,0.00,,DAILY,,,,0.019232610012774754,0
https://unitedau.com,UnitedAu,785322,<b>✅ DAILY HOURLY FREE,,3.00,3,50,10,0.00,,"{""creditLessThan"":0.1,""displayDescriptionOnly"":""1"",""walletId"":1,""changeGameId"":1,""displayAngpaoText"":""1""}",FREE,0.00,,HOURLY,,,,1.1509900370660882,0
https://unitedau.com,UnitedAu,835465,<b>REFRESHING FREE</b>,,88.00,88,600,15,0.00,,"{""creditLessThan"":0.1,""displayDescriptionOnly"":""1"",""walletId"":1,""changeGameId"":1,""displayAngpaoText"":""1""}",FREE,0.00,,WEEKLY,,,,5.0460430296218215,0
https://unitedau.com,UnitedAu,186216,<b>Download App Bonus</b>,,20.00,20,500,5,0.00,,"{""creditLessThan"":0.5,""displayDescriptionOnly"":""1"",""walletId"":1,""changeGameId"":1,""mobileAppOnly"":""1""}",FREE,0.00,,DAILY,,,,0.5846942029551774,0
https://unitedau.com,UnitedAu,0,COMMISSION,COMMISSION,,2.5,,1888,,,,,,,,,,,120.67669777378858,1
https://richspinau.com,RICHSPINAU,849038,<b>⭐OPENING FREE</b>,,88.00,88,600,15,0.00,,"{""creditLessThan"":0.1,""registerDate"":""2025-01-01"",""displayDescriptionOnly"":""1"",""walletId"":1,""changeGameId"":1,""displayAngpaoText"":""0""}",FREE,0.00,,,,,,5.0460430296218215,1
https://richspinau.com,RICHSPINAU,849009,<b>Hour Free Reward ⭐,,3.00,3,100,10,0.00,,"{""creditLessThan"":0.1,""displayAngpaoText"":""1"",""displayDescriptionOnly"":""1"",""changeGameId"":1,""walletId"":1}",FREE,0.00,,HOURLY,,,,0.4839316980808067,1
https://richspinau.com,RICHSPINAU,848992,<b>Daily Doge Free,,18.00,18,500,5,0.00,,"{""creditLessThan"":0.1,""walletId"":1,""changeGameId"":1,""displayDescriptionOnly"":""1""}",FREE,0.00,,DAILY,,,,0.5090211281604399,1
https://richspinau.com,RICHSPINAU,849037,<b>UUSLOT 30 FREE SPIN⭐<b>,,0.10,0.1,100,10,0.00,,"{""freeRoundAPI"":{""site"":""UUS2"",""params"":{""GameCode"":""10054"",""RoundType"":1,""TotalRound"":30,""BetValue"":1,""LineBet"":0.02,""MaxWinAmount"":100}},""startDate"":""2025-01-25"",""creditLessThan"":0.01,""displayAngpaoText"":""0"",""walletId"":1,""changeGameId"":1,""displayDescriptionOnly"":""1""}",CUSTOM,0.00,,,,,,0.006202764220146792,1
https://richspinau.com,RICHSPINAU,848999,<b>Download Apps Free,,18.00,18,500,5,0.00,,"{""creditLessThan"":0.5,""displayDescriptionOnly"":""1"",""walletId"":1,""changeGameId"":1,""mobileAppOnly"":""1""}",FREE,0.00,,DAILY,,,,0.5090211281604399,1
https://dolphin88.co,Dolphin88,767719,<b>365 Daily App Bonus</b>,,40.88,40.88,1588,8.8,0.00,,"{""creditLessThan"":""0.10"",""mobileAppOnly"":""1"",""displayDescriptionOnly"":""1"",""walletId"":1,""changeGameId"":1}",FREE,0.00,,DAILY,,,,0.44968462803958664,0
https://dolphin88.co,Dolphin88,156000,<b>Download App Bonus</b>,,5.00,5,300,20,0.00,,"{""creditLessThan"":""0.10"",""mobileAppOnly"":""1"",""displayDescriptionOnly"":""1"",""walletId"":1,""changeGameId"":1}",FREE,0.00,,,,,,0.30396498381466175,0
https://dolphin88.co,Dolphin88,145970,<b>Daily Free $38.88 </b>,,38.88,38.88,1088,8.8,0.00,,"{""walletId"":1,""changeGameId"":1,""creditLessThan"":0.1,""displayDescriptionOnly"":""1""}",FREE,0.00,,DAILY,,,,0.6753956605166789,0
https://mrpokies77.com,MR.POKIES77,215809,<b>Monday</b>,,10.00,10,1000,20.15,0.00,,"{""claimTime"":""N=1"",""creditLessThan"":0.01,""mobileAppOnly"":""1"",""walletId"":1,""changeGameId"":1,""displayDescriptionOnly"":""1""}",FREE,0.00,,WEEKLY,,,,0.1682189374487242,0
https://mrpokies77.com,MR.POKIES77,802837,<b>Restore Maintenance Bonus</b>,,8.00,8,500,8,0.00,,"{""displayDescriptionOnly"":""1"",""walletId"":1,""changeGameId"":1}",FREE,0.00,,,,,,0.2148104872235273,0
https://mrpokies77.com,MR.POKIES77,180941,<b>FREE 365</b>,,5.00,5,100,0.05,0.00,,"{""creditLessThan"":0.1,""displayDescriptionOnly"":""1"",""displayAngpaoText"":""1""}",FREE,0.00,,DAILY,,,,0.019232610012774754,0
https://mrpokies77.com,MR.POKIES77,213611,<b>Download Apps Daily</b>,,20.00,20,500,5,0.00,,"{""creditLessThan"":0.1,""displayDescriptionOnly"":""1"",""registerDate"":""2024-06-17"",""walletId"":1,""changeGameld"":1,""mobileAppOnly"":""1"",""displayAngpaoText"":""1""}",FREE,0.00,,DAILY,,,,0.5846942029551774,0
https://mrpokies77.com,MR.POKIES77,835455,<b>▶️REFRESHING FREE</b>,,88.00,88,600,15,0.00,,"{""creditLessThan"":0.1,""displayDescriptionOnly"":""1"",""walletId"":1,""changeGameId"":1,""displayAngpaoText"":""1""}",FREE,0.00,,WEEKLY,,,,5.0460430296218215,0
https://speedau.live,SpeedAU,222157,<B>Free 365Days</B>,,4.00,4,100,0.05,0.00,,"{""creditLessThan"":0.1,""displayDescriptionOnly"":""1"",""walletId"":1,""changeGameId"":1,""displayAngpaoText"":""1""}",FREE,0.00,,DAILY,,,,0.014351859507490763,0
https://speedau.live,SpeedAU,741762,<b>Subscribe Bonus</b>,,30.00,30,200,30,0.00,,"{""displayAngpaoText"":""0"",""displayDescriptionOnly"":""1"",""creditLessThan"":0.1,""mustJoinTelegramChannel"":""companyspeedau"",""walletId"":1,""changeGameId"":1}",FREE,0.00,,,,,,6.004171509496215,0
https://win99aud.com,WIN99AUD,796904,<b>Maintenance bonus</b>,,20.00,20,400,15,0.00,,"{""creditLessThan"":0.1,""displayDescriptionOnly"":""1"",""displayAngpaoText"":""1"",""changeGameId"":1,""walletId"":1}",FREE,0.00,,,,,,1.195837169654516,0
https://win99aud.com,WIN99AUD,180311,<b>Apps Angpao $5</b>,,5.00,5,200,20,0.00,,"{""displayDescriptionOnly"":""1"",""displayAngpaoText"":""1"",""mobileAppOnly"":""1"",""walletId"":1,""changeGameId"":1}",FREE,0.00,,,,,,0.5045888277145305,0
https://win99aud.com,WIN99AUD,122337,<b>FREE 365 DAY</b>,,20.00,20,600,15,0.00,,"{""creditLessThan"":0.1,""displayDescriptionOnly"":""1"",""displayAngpaoText"":""1"",""changeGameId"":1,""walletId"":1}",FREE,0.00,,DAILY,,,,0.7203739083272979,0
https://win99aud.com,WIN99AUD,714578,<b>Telegram Free $100<b>,,100.00,100,1000,15,0.00,,"{""displayAngpaoText"":""0"",""displayDescriptionOnly"":""1"",""creditLessThan"":0.1,""registerDate"":""2024-01-01"",""mobileAppOnly"":""0"",""mustJoinTelegramChannel"":""Aus55Channel"",""changeGameId"":1,""walletId"":1}",FREE,0.00,,,,,,3.151055490713614,0
https://mee88aus.com,MEE88 AUS,80698,HOURLY FREE CREDIT $23,,23.00,23,800,10,0.00,,"{""displayAngpaoText"":""0"",""walletId"":1,""changeGameId"":1,""mobileAppOnly"":""0"",""displayDescriptionOnly"":""1""}",FREE,0.00,,HOURLY,,,,0.522597244380408,0
https://mee88aus.com,MEE88 AUS,0,DAILY ROLLOVER REBATE,REBATE,,0.1,,388,,,,,,,,,,,4.878227648207276,0
https://jackpotau.com,JACKPOTAU,771378,WELCOME BACK FREE,,100.00,100,2000,20,0.00,,"{""displayAngpaoText"":""0"",""displayDescriptionOnly"":""1"",""changeGameId"":1,""walletId"":1}",FREE,0.00,,MONTHLY,,,,1.4547966200963671,0
https://jackpotau.com,JACKPOTAU,487171,Everyday Free Chip,,10.00,10,168,15,0.00,,"{""displayDescriptionOnly"":""1"",""displayAngpaoText"":""1"",""changeGameId"":1,""walletId"":1}",FREE,0.00,,DAILY,,,,1.4209881303431244,0
https://inskingdom8.com,INSKINGDOM8,461126,<b>Daily Free Credit,,10.00,10,150,10,0.00,,"{""creditLessThan"":0.1,""displayDescriptionOnly"":""1"",""changeGameId"":1,""walletId"":1}",FREE,0.00,,DAILY,,,,1.415982016626591,0
https://inskingdom8.com,INSKINGDOM8,237229,<B>Download Apps Free,,50.00,50,500,10,0.00,,"{""creditLessThan"":0.1,""displayDescriptionOnly"":""1"",""walletId"":1,""changeGameId"":1,""displayAngpaoText"":""1"",""mobileAppOnly"":""1""}",FREE,0.00,,,,,,2.60975639940788,0
https://riches88.live,RICHES88,197659,<b>365 Day Free </b>,,10.00,10,450,10.01,0.00,,"{""creditLessThan"":0.1,""changeGameld"":1,""displayDescriptionOnly"":""1"",""changeGameId"":1,""walletId"":1}",FREE,0.00,,DAILY,,,,0.3587737939829095,0
https://riches88.live,RICHES88,836782,<b>⭐DAILY HOUR FREE,,3.00,3,50,10,0.00,,"{""creditLessThan"":0.1,""walletId"":1,""changeGameId"":1,""displayAngpaoText"":""1"",""displayDescriptionOnly"":""1""}",FREE,0.00,,HOURLY,,,,1.1509900370660882,0
https://riches88.live,RICHES88,763676,<b>Download Apps Free</b>,,20.00,20,600,5,0.00,,"{""creditLessThan"":0.5,""displayDescriptionOnly"":""1"",""mobileAppOnly"":""1"",""changeGameId"":1,""walletId"":1}",FREE,0.00,,DAILY,,,,0.4655348848810012,0
https://riches88.live,RICHES88,712165,<b>TELEGRAM FREE</b>,,100.00,100,800,10,0.00,,"{""mustJoinTelegramChannel"":""riches88au"",""changeGameld"":1,""displayDescriptionOnly"":""1"",""changeGameId"":1,""walletId"":1}",FREE,0.00,,,,,,3.6019553639448203,0
https://audwin9.com,AUDWIN9,134746,VIP Daily Free Credit $19.99,,19.99,19.99,139,9,0.00,,"{""creditLessThan"":0.5,""displayDescriptionOnly"":""1"",""offUsernames"":[""195295275"",""185529750""],""displayAngpaoText"":""0"",""changeGameId"":1,""walletId"":1}",FREE,0.00,,DAILY,,,,3.719829734402207,0
https://9pokies.com,9POKIES,845285,<b>BONZA SCRATCHIE FREE</b>,,31.00,31,310,31,0.00,,"{""displayDescriptionOnly"":""1"",""displayAngpaoText"":""1"",""creditLessThan"":""1""}",FREE,0.00,,,,,,3.6581146593703866,0
https://pokiesbillion.com,POKIESBILLION,241382,<b>Download PokiesBillion APK</b>,,20.00,20,450,10,0.00,,"{""creditLessThan"":0.1,""displayDescriptionOnly"":""1"",""registerDate"":""2024-06-17"",""walletId"":1,""changeGameId"":1,""mobileAppOnly"":""1"",""displayAngpaoText"":""1""}",FREE,0.00,,DAILY,,,,0.8926396100823013,0
https://pokiesbillion.com,POKIESBILLION,786911,<b>✅Hourly Free,,3.00,3,100,3,0.00,,"{""creditLessThan"":0.1,""walletId"":1,""changeGameld"":1,""displayAngpaoText"":""1"",""displayDescriptionOnly"":""1""}",FREE,0.00,,HOURLY,,,,0.2797752645108979,0
https://pokiesbillion.com,POKIESBILLION,802814,<b>Restore Maintenance Bonus</b>,,8.00,8,450,10,0.00,,"{""displayDescriptionOnly"":""1"",""walletId"":1,""changeGameId"":1}",FREE,0.00,,,,,,0.2674287575537815,0
https://pokiesbillion.com,POKIESBILLION,236699,<b>Free All Slot 365Days,,3.00,3,150,10,0.00,,"{""creditLessThan"":0.1,""displayDescriptionOnly"":""1"",""displayAngpaoText"":""1""}",FREE,0.00,,DAILY,,,,0.2915211013307543,0
https://pokiesbillion.com,POKIESBILLION,838022,<b>▶️Billion Appreciate 1</b>,,38.00,38,500,10,0.00,,"{""creditLessThan"":0.1,""displayDescriptionOnly"":""1"",""walletId"":1,""changeGameId"":1,""displayAngpaoText"":""1""}",FREE,0.00,,WEEKLY,,,,1.8197314677822884,0
https://king88pokies.com,King88,176794,"<b style=""color:#FFD700"">Special Hourly Free</b>",,2.88,2.88,388,20,0.00,,"{""creditLessThan"":0.1,""mobileAppOnly"":""1"",""displayAngpaoText"":""1"",""walletId"":1,""changeGameId"":1}",FREE,0.00,,HOURLY,,,,0.10696598630563894,0
https://king88pokies.com,King88,828179,"<b style=""color:#FFD700"">Special Daily Free</b>",,8.88,8.88,588,20,0.00,,"{""creditLessThan"":0.1,""mobileAppOnly"":""1"",""displayAngpaoText"":""1"",""walletId"":1,""changeGameId"":1}",FREE,0.00,,DAILY,,,,0.27879812123321696,0
https://king88pokies.com,King88,106531,"<b style=""color:#FFD700""> Share & Free</b>",,8,8,80,20,0.00,,"{""customBonus"":""sharebonus"",""creditLessThan"":0.1,""startDate"":""2024-02-01"",""mobileAppOnly"":""1"",""maxCount"":3,""displayAngpaoText"":""1"",""walletId"":1,""changeGameId"":1}",CUSTOM,0.00,,,,,,2.941373888267406,0
https://luckymate88.com,Luckymate88,846592,Daily Free $5 MW 3.99,,5.00,5,100,3.99,0.00,,"{""creditLessThan"":0.1,""displayDescriptionOnly"":""1"",""claimGroup"":""dailyfree1"",""changeGameId"":1,""walletId"":1}",FREE,0.00,,DAILY,,,,0.6336356620086705,0
https://luckymate88.com,Luckymate88,846597,Daily Free $7 MW 9.99,,7.00,7,100,9.99,0.00,,"{""creditLessThan"":0.1,""displayDescriptionOnly"":""1"",""claimGroup"":""dailyfree1"",""changeGameId"":1,""walletId"":1}",FREE,0.00,,DAILY,,,,1.470015600891072,0
https://luckymate88.com,Luckymate88,847257,WELCOME BACK,,0.20,0.2,200,0.05,0.00,,"{""freeRoundAPI"":{""site"":""UUS2"",""params"":{""GameCode"":""10075"",""RoundType"":2,""TotalRound"":1,""BetValue"":1,""LineBet"":0.01,""MaxWinAmount"":100}},""creditLessThan"":0.1,""displayAngpaoText"":""1"",""walletId"":1,""changeGameId"":1,""displayDescriptionOnly"":""1""}",FREE,0.00,,,,,,0.00012715414575902538,0
https://luckymate88.com,Luckymate88,720142,(Download APP) Free $10,,10.00,10,150,3.99,0.00,,"{""creditLessThan"":0.1,""mobileAppOnly"":""1"",""displayDescriptionOnly"":""1"",""displayAngpaoText"":""1"",""changeGameId"":1,""walletId"":1}",FREE,0.00,,WEEKLY,,,,0.9492075683724848,0
https://ezspin68.vip,Ezspin68,470005,<b>EZ Free Credit</b>,,199.00,199,1990,10,0.00,,"{""creditLessThan"":1,""displayDescriptionOnly"":""1"",""mobileAppOnly"":""1"",""walletId"":1,""changeGameId"":1,""displayAngpaoText"":""0""}",FREE,0.00,,DAILY,,,,2.840657533684931,0
https://ezspin68.vip,Ezspin68,238932,<b>Free Chips</b>,,9.99,9.99,999,10,0.00,,"{""creditLessThan"":1,""displayDescriptionOnly"":""1"",""mobileAppOnly"":""1"",""walletId"":1,""changeGameId"":1}",FREE,0.00,,DAILY,,,,0.13217320343825856,0
https://luxeau777.com,LUXEAU777,230235,<b>Free Slot 365Days,,3.00,3,150,10,0.00,,"{""creditLessThan"":0.1,""displayDescriptionOnly"":""1"",""displayAngpaoText"":""1""}",FREE,0.00,,DAILY,,,,0.2915211013307543,0
https://luxeau777.com,LUXEAU777,447384,<b>Luxury Event Giveaway</b>,,18.00,18,250,10,0.00,,"{""displayDescriptionOnly"":""1"",""walletId"":1,""changeGameId"":1}",FREE,0.00,,WEEKLY,,,,1.6202193214695504,0
https://luxeau777.com,LUXEAU777,775516,<b>Download Luxeau777 APK</b>,,20.00,20,450,10,0.00,,"{""creditLessThan"":0.1,""displayDescriptionOnly"":""1"",""registerDate"":""2024-06-17"",""walletId"":1,""changeGameId"":1,""mobileAppOnly"":""1"",""displayAngpaoText"":""1""}",FREE,0.00,,DAILY,,,,0.8926396100823013,0
https://ubet96.com,Ubet AUS,704577,APP BONUS,,10.00,10,289,19,0.00,,"{""creditLessThan"":0.1,""mobileAppOnly"":""1"",""displayAngpaoText"":""0"",""changeGameId"":1,""walletId"":1}",FREE,0.00,,,,,,0.7793316153788195,0
https://ubet96.com,Ubet AUS,103789,1 Share Free $6,,6,6,108,20,0.00,,"{""customBonus"":""sharebonus"",""creditLessThan"":0.1,""startDate"":""2024-01-10"",""displayAngpaoText"":""0"",""mobileAppOnly"":""1"",""maxCount"":3,""changeGameId"":1,""walletId"":1}",CUSTOM,0.00,,,,,,1.3849206226456783,0
https://ubet96.com,Ubet AUS,847129,Daily Check In,,12.00,12,360,10,0.00,,"{""walletId"":1,""changeGameId"":1,""creditLessThan"":0.1,""displayAngpaoText"":""1"",""displayDescriptionOnly"":""0""}",FREE,0.00,,DAILY,,,,0.6024965831044992,0
https://ezaud.com,EzAud (AUD),738530,FREE CREDIT 365 DAYS,,15.00,15,250,15,0.00,,"{""walletId"":1,""changeGameId"":1,""displayDescriptionOnly"":""1"",""creditLessThan"":1}",FREE,0.00,,DAILY,,,,1.4738702003434807,0
https://ezaud.com,EzAud (AUD),185876,REFER & EARN,,10,10,200,20,0.00,,"{""walletId"":1,""changeGameId"":1,""customBonus"":""sharebonus"",""creditLessThan"":0.1,""startDate"":""2024-12-01"",""displayDescriptionOnly"":""1""}",CUSTOM,0.00,,,,,,1.2547964592173841,0
https://top1cas.com,AUSBET96 GAMING & Pokies Hub,483401,<b>NEW FREEBIE WARM-UP</b>,,89.98,89.98,1088,18,0.00,,"{""creditLessThan"":""1"",""displayDescriptionOnly"":""1"",""mobileAppOnly"":""1"",""displayAngpaoText"":""1"",""walletId"":1,""changeGameId"":1}",FREE,0.00,,,,,,2.6220859419551763,0
https://penguin88.club,PENGUIN88,129048,<b>Daily Free 365Days</b>,,10.00,10,555,23,0.00,,"{""walletId"":1,""changeGameId"":1,""creditLessThan"":0.1,""displayDescriptionOnly"":""1"",""registerDate"":""2023-10-01""}",FREE,0.00,,DAILY,,,,0.36570981837787514,0
https://penguin88.club,PENGUIN88,129046,<b>SHARE BONUS</b>,,1,1,15,20,0.00,,"{""customBonus"":""sharebonus"",""creditLessThan"":1,""startDate"":""2024-02-01"",""walletId"":1,""changeGameId"":1}",CUSTOM,0.00,,,,,,1.577501938388805,0
https://penguin88.club,PENGUIN88,140065,<b>Download APP</b>,,8.00,8,300,20,0.00,,"{""walletId"":1,""changeGameId"":1,""creditLessThan"":""0.10"",""mobileAppOnly"":""1"",""displayDescriptionOnly"":""1"",""displayAngpaoText"":""1""}",FREE,0.00,,,,,,0.563652124200173,0
https://we1winau.com,We1winAU,16642,<b>Daily Free Credit<b>,,5.00,5,50,0.05,0.00,,"{""displayDescriptionOnly"":""1"",""displayAngpaoText"":""1"",""creditLessThan"":0.1,""walletId"":1,""changeGameId"":1}",FREE,0.00,,DAILY,,,,0.04574311333452862,0
https://we1winau.com,We1winAU,16665,<b>We1winAU Download APP Free<b>,,20.00,20,200,10,0.00,,"{""mobileAppOnly"":""1"",""displayAngpaoText"":""1"",""displayDescriptionOnly"":""1"",""creditLessThan"":0.1,""walletId"":1,""changeGameId"":1}",FREE,0.00,,,,,,2.4598255150108943,0
https://u88aud.com,U88AUD,25859,<b>Daily Free Credit<b>,,5.00,5,50,0.05,0.00,,"{""displayDescriptionOnly"":""1"",""displayAngpaoText"":""1"",""creditLessThan"":0.1,""walletId"":1,""changeGameId"":1}",FREE,0.00,,DAILY,,,,0.04574311333452862,0
https://u88aud.com,U88AUD,25897,<b>U88AUD Download APP Free<b>,,20.00,20,200,10,0.00,,"{""mobileAppOnly"":""1"",""displayAngpaoText"":""1"",""displayDescriptionOnly"":""0"",""creditLessThan"":0.1,""walletId"":1,""changeGameId"":1}",FREE,0.00,,,,,,2.4598255150108943,0
https://gold77au.com,GOLD77,162187,"<b style=""color:#;"">Daily Free Chip</b>",,777.00,777,9324,10,0.00,,"{""startDate"":""2023-11-15"",""creditLessThan"":0.05,""displayDescriptionOnly"":""1"",""walletId"":1,""changeGameId"":1}",FREE,0.00,,DAILY,,,,2.4444947509897736,0
https://rubyaud.com,RUBY,483645,<b> Ruby Giveaway</b>,,18.00,18,300,10,0.00,,"{""creditLessThan"":0.1,""displayDescriptionOnly"":""1"",""walletId"":1,""changeGameId"":1}",FREE,0.00,,WEEKLY,,,,1.2900223937402764,0
https://rubyaud.com,RUBY,748034,<b> Download Apps Free </b>,,20.00,20,500,10,0.00,,"{""creditLessThan"":0.1,""displayDescriptionOnly"":""1"",""walletId"":1,""changeGameId"":1,""mobileAppOnly"":""1""}",FREE,0.00,,DAILY,,,,0.7824908919849999,0
https://rubyaud.com,RUBY,140758,<b>Free 365</b>,,2.00,2,100,10,0.00,,"{""creditLessThan"":0.1,""displayDescriptionOnly"":""1""}",FREE,0.00,,DAILY,,,,0.2850195147445152,0
https://neiro55.com,NEIRO55,838056,"<b style=""color:RED;"">MONDAY</b>",,10.00,10,777,15,0.00,,"{""claimTime"":""N=1"",""creditLessThan"":0.01,""displayDescriptionOnly"":""1"",""changeGameId"":1,""walletId"":1}",FREE,0.00,,WEEKLY,,,,0.20950808098223528,0
https://neiro55.com,NEIRO55,179616,<b>Daily Free</b>,,25.00,25,500,10,0.00,,"{""displayDescriptionOnly"":""1"",""creditLessThan"":0.1,""displayAngpaoText"":""1"",""ignoreTrxAmount"":1,""changeGameId"":1,""walletId"":1}",FREE,0.00,,DAILY,,,,1.0494025324877412,0
https://neiro55.com,NEIRO55,179540,<b>For Android Member</b>,,35.00,35,700,10,0.00,,"{""displayDescriptionOnly"":""1"",""displayAngpaoText"":""1"",""mobileAppOnly"":""1"",""ignoreTrxAmount"":1,""changeGameId"":1,""walletId"":1}",FREE,0.00,,DAILY,,,,1.0725220628137517,0
https://harbour33.com,HARBOUR33,135990,<b>⭐DAILY HOUR FREE,,4.00,4,50,10,0.00,,"{""creditLessThan"":0.1,""walletId"":1,""changeGameId"":1,""displayAngpaoText"":""1"",""displayDescriptionOnly"":""1""}",FREE,0.00,,HOURLY,,,,1.6776200232700398,0
https://harbour33.com,HARBOUR33,815675,<B>Apps Daily Free</B>,,15.00,15,500,10.01,0.00,,"{""creditLessThan"":0.1,""walletId"":1,""changeGameId"":1,""displayDescriptionOnly"":""1"",""mobileAppOnly"":""1""}",FREE,0.00,,,,,,0.536143501779564,0
https://hollywoodaus.com,HOLLYWOOD,749961,<b>VIP Free 38</b>,,38.00,38,1080,15,0.00,,"{""creditLessThan"":0.1,""changeGameid"":1,""displayDescriptionOnly"":""0"",""changeGameId"":1,""walletId"":1}",FREE,0.00,,DAILY,,,,0.803517532020747,0
https://hollywoodaus.com,HOLLYWOOD,137505,<b>FREE 365</b>,,2.00,2,100,20,0.00,,"{""creditLessThan"":0.1,""displayDescriptionOnly"":""1""}",FREE,0.00,,DAILY,,,,0.36187915196815357,0
https://hollywoodaus.com,HOLLYWOOD,464725,"<b style=""color:gold;"">Download APK</b>",,20.00,20,400,10,0.00,,"{""creditLessThan"":0.1,""displayDescriptionOnly"":""1"",""registerDate"":""2024-04-22"",""changeGameid"":1,""mobileAppOnly"":""1"",""displayAngpaoText"":""1"",""changeGameId"":1,""walletId"":1}",FREE,0.00,,DAILY,,,,1.0342292288611417,0
https://topaz33.com,TOPAZ33,142233,<b>FREE 365</b>,,5.00,5,200,20,0.00,,"{""creditLessThan"":0.1,""displayDescriptionOnly"":""1"",""walletId"":1,""changeGameid"":1}",FREE,0.00,,DAILY,,,,0.5045888277145305,0
https://topaz33.com,TOPAZ33,836390,<b>⭐DAILY HOUR FREE,,3.00,3,50,10,0.00,,"{""creditLessThan"":0.1,""walletId"":1,""changeGameId"":1,""displayAngpaoText"":""1"",""displayDescriptionOnly"":""1""}",FREE,0.00,,HOURLY,,,,1.1509900370660882,0
https://topaz33.com,TOPAZ33,763678,<b>Download Apps Free</b>,,20.00,20,600,5,0.00,,"{""creditLessThan"":0.5,""displayDescriptionOnly"":""1"",""walletId"":1,""changeGameId"":1,""mobileAppOnly"":""1""}",FREE,0.00,,DAILY,,,,0.4655348848810012,0
https://vip777au.com,VIP777AU,484053,<b>Vip777au Giveaway </b>,,18.00,18,300,10,0.00,,"{""creditLessThan"":0.1,""walletId"":1,""changeGameId"":1,""displayDescriptionOnly"":""1""}",FREE,0.00,,WEEKLY,,,,1.2900223937402764,0
https://vip777au.com,VIP777AU,175472,<b>Free All Slot 365Days</b>,,5.00,5,100,0.05,0.00,,"{""creditLessThan"":0.1,""displayDescriptionOnly"":""1""}",FREE,0.00,,DAILY,,,,0.019232610012774754,0
https://vip777au.com,VIP777AU,448901,<b>▶️Download Apps Free,,20.00,20,600,5,0.00,,"{""creditLessThan"":0.5,""displayDescriptionOnly"":""1"",""walletId"":1,""changeGameId"":1,""mobileAppOnly"":""1""}",FREE,0.00,,DAILY,,,,0.4655348848810012,0
https://vip777au.com,VIP777AU,198718,<b>VIP BONUS </b>,,2,2,200,200,0.00,,"{""customBonus"":""manual"",""displayAngpaoText"":""0"",""displayDescriptionOnly"":""1"",""creditLessThan"":0,""fixRT"":1}",CUSTOM,0.00,,DAILY,,,,0.26503515720048193,0
https://spinup77.com,SPINUP77,151143,<b>Daily Free</b>,,27.00,27,577,10,0.00,,"{""creditLessThan"":0.1,""displayDescriptionOnly"":""1"",""ignoreTrxAmount"":1,""changeGameId"":1,""walletId"":1}",FREE,0.00,,DAILY,,,,0.9708184036084225,0
https://spinup77.com,SPINUP77,151127,<b>Download App Bonus</b>,,27.00,27,577,10,0.00,,"{""creditLessThan"":0.1,""displayDescriptionOnly"":""1"",""displayAngpaoText"":""1"",""mobileAppOnly"":""1"",""ignoreTrxAmount"":1,""changeGameId"":1,""walletId"":1}",FREE,0.00,,DAILY,,,,0.9708184036084225,0
https://spinup77.com,SPINUP77,837137,"<b style=""color:RED;"">MONDAY</b>",,10.00,10,777,15,0.00,,"{""claimTime"":""N=1"",""creditLessThan"":0.01,""displayDescriptionOnly"":""1"",""changeGameId"":1,""walletId"":1}",FREE,0.00,,WEEKLY,,,,0.20950808098223528,0
https://betworld96au.com,Betworld96 Australia Online Casino,846014,<b>Welcome Back Bonus<b>,,26.96,26.96,800,8.96,0.00,,"{""creditLessThan"":1,""displayDescriptionOnly"":""1"",""walletId"":1,""changeGameId"":1,""displayAngpaoText"":""1""}",FREE,0.00,,,,,,0.6173443416167699,0
https://betworld96au.com,Betworld96 Australia Online Casino,209850,Install Betworld96 To Claim Free AUD 18.96,,18.96,18.96,379.2,20,0.00,,"{""mobileAppOnly"":""1"",""walletId"":1,""changeGameId"":1,""displayAngpaoText"":""0"",""displayDescriptionOnly"":""1""}",FREE,0.00,,,,,,1.3085425077050103,0
https://audgaming8.com,AUDGAMING,166795,<b>Daily Free Credit</b>,,10.00,10,600,10,0.00,,"{""creditLessThan"":0.1,""walletId"":1,""changeGameId"":1,""displayDescriptionOnly"":""1""}",FREE,0.00,,DAILY,,,,0.2503126214987163,0
https://audgaming8.com,AUDGAMING,773779,<b>Subscribe Bonus II</b>,,30.00,30,600,30,0.00,,"{""displayAngpaoText"":""0"",""displayDescriptionOnly"":""1"",""creditLessThan"":0.1,""mustJoinTelegramChannel"":""igaxspeedau33"",""walletId"":1,""changeGameId"":1}",FREE,0.00,,,,,,1.5207279252292714,0
https://hb88au.com,HB88 PayID Casino Australia,845356,<b>NEW IOS & ANDROID APPS BONUS</b>,,28.00,28,488,28,0.00,,"{""creditLessThan"":1,""displayDescriptionOnly"":""1"",""mobileAppOnly"":""1"",""walletId"":1,""changeGameId"":1,""displayAngpaoText"":""0""}",FREE,0.00,,,,,,1.7632028131881978,0
https://pp99au.com,PP99,16504,PP99 REBATE BALANCE REDEMPTION,,5,5,288.88,50,0.00,,"{""customBonus"":""manual"",""maxWithdrawTimeAmount"":1,""fixRT"":1,""displayDescriptionOnly"":""1"",""showIfAmount"":1}",CUSTOM,0.00,,,,,,0.41153175404209363,0
https://pp99au.com,PP99,28753,APPS DAILY FREE,,30.00,30,600,20,0.00,,"{""creditLessThan"":1,""walletId"":1,""changeGameId"":1,""displayDescriptionOnly"":""1"",""displayAngpaoText"":""1"",""mobileAppOnly"":""1""}",FREE,0.00,,DAILY,,,,1.3482549626236184,0
https://lego66.co,Lego77,150368,<b>Download App Bonus</b>,,26.00,26,466,10,0.00,,"{""creditLessThan"":0.1,""displayDescriptionOnly"":""1"",""displayAngpaoText"":""1"",""mobileAppOnly"":""1"",""ignoreTrxAmount"":1,""changeGameId"":1,""walletId"":1}",FREE,0.00,,DAILY,,,,1.2066244177657415,0
https://lego66.co,Lego77,835598,"<b style=""color:RED;"">MONDAY</b>",,10.00,10,366,15,0.00,,"{""claimTime"":""N=1"",""creditLessThan"":0.01,""displayDescriptionOnly"":""1"",""changeGameId"":1,""walletId"":1}",FREE,0.00,,WEEKLY,,,,0.5368781084052876,0
https://auwin7.com,AUWIN7,241488,App Download Free AUD3,,3.00,3,100,17,0.00,,"{""creditLessThan"":0.1,""displayDescriptionOnly"":""0"",""displayAngpaoText"":""0"",""mobileAppOnly"":""1"",""walletId"":1,""changeGameId"":1}",FREE,0.00,,,,,,0.5833209351345645,0
https://auwin7.com,AUWIN7,64301,Daily Check In Bonus,,16.88,16.88,377,17,0.00,,"{""creditLessThan"":0.1,""mobileAppOnly"":""0"",""displayAngpaoText"":""0"",""displayDescriptionOnly"":""1"",""walletId"":1,""changeGameId"":1}",FREE,0.00,,DAILY,,,,1.0739686464676557,0
https://okwin33.com,OKWIN33,847878,<b>OKWIN33 2nd Anniversary</b>,,66.00,66,1320,30,0.00,,"{""fixRT"":1,""walletId"":1,""changeGameId"":1,""displayDescriptionOnly"":""1"",""creditLessThan"":0.1,""startDate"":""2023-06-01"",""displayAngpaoText"":""0"",""mobileAppOnly"":""1""}",FREE,0.00,,,,,,1.5991409910236405,1
https://okwin33.com,OKWIN33,845640,<b>NEW IOS & ANDROID APPS BONUS</b>,,26.00,26,468,26,0.00,,"{""creditLessThan"":1,""displayDescriptionOnly"":""1"",""mobileAppOnly"":""1"",""walletId"":1,""changeGameId"":1,""displayAngpaoText"":""1""}",FREE,0.00,,,,,,1.649615333921214,0
https://starspin996.com,StarSpin996,830994,<b>Starspin996 Download APP Free</b>,,10.00,10,800,30,0.00,,"{""creditLessThan"":0.1,""displayDescriptionOnly"":""1"",""registerDate"":""2021-04-05"",""displayAngpaoText"":""1"",""mobileAppOnly"":""1""}",FREE,0.00,,,,,,0.2501945175456468,0
https://starspin996.com,StarSpin996,786863,<b>Starspin996 APP BONUS</b>,,20.00,20,400,20,0.00,,"{""creditLessThan"":1,""displayDescriptionOnly"":""1"",""mobileAppOnly"":""1"",""displayAngpaoText"":""1"",""ignoreTrxAmount"":1,""startDate"":""2026-03-09""}",FREE,0.00,,DAILY,30.00,,,1.313124108769993,0
https://starspin996.com,StarSpin996,483191,<b>Free Credit 109.96 #C</b>,,109.96,109.96,880,15,0.00,,"{""creditLessThan"":1,""displayDescriptionOnly"":""1"",""displayAngpaoText"":""1"",""walletId"":1,""changeGameId"":1}",FREE,0.00,,DAILY,,,,4.187176992025572,1
https://luck77au.com,LUCK777AU,748035,<b> Download Apps Free </b>,,20.00,20,500,20,0.00,,"{""creditLessThan"":0.1,""displayDescriptionOnly"":""1"",""walletId"":1,""changeGameId"":1,""mobileAppOnly"":""1""}",FREE,0.00,,DAILY,,,,0.9935008859591955,0
https://luck77au.com,LUCK777AU,745211,<b>Luck777au Giveaway</b>,,18.00,18,600,10,0.00,,"{""displayDescriptionOnly"":""1"",""walletId"":1,""changeGameId"":1}",FREE,0.00,,WEEKLY,,,,0.5423876032466072,0
https://vv88aud.io,VV88 AUS,728560,WELCOME BACK FREEBIES,,100.00,100,2000,20,0.00,,"{""displayAngpaoText"":""0"",""walletId"":1,""changeGameId"":1,""displayDescriptionOnly"":""1""}",FREE,0.00,,MONTHLY,,,,1.4547966200963671,0
https://safeau.net,SafeAu,826325,<b>Telegram Free Premium</b>,,66.00,66,3000,66,0.00,,"{""walletId"":1,""changeGameId"":1,""displayAngpaoText"":""0"",""displayDescriptionOnly"":""1"",""creditLessThan"":0.1,""registerDate"":""2022-01-01"",""mustJoinTelegramChannel"":""SafeAuChannel""}",FREE,0.00,,,,,,0.7016785189575544,0
https://safeau.net,SafeAu,219016,<b>Daily Delights</b>,,6.66,6.66,450,15,0.00,,"{""walletId"":1,""changeGameId"":1,""creditLessThan"":0.01,""displayDescriptionOnly"":""1""}",FREE,0.00,,DAILY,,,,0.24300022756739084,0
https://safeau.net,SafeAu,461642,<B>DOWNLOAD APP FREE</B>,,10.00,10,399,15,0.00,,"{""creditLessThan"":0.01,""displayDescriptionOnly"":""1"",""displayAngpaoText"":""1"",""mobileAppOnly"":""1"",""walletId"":1,""changeGameId"":1}",FREE,0.00,,DAILY,,,,0.48195993017267924,0
https://redspin88.com,RedSpin,261145,<b>New Register Free Spin 88 !!<b>,,0.10,0.1,300,30,0.00,,"{""freeRoundAPI"":{""site"":""BNG2"",""params"":{""campaign"":""BNG free spin"",""total_rounds"":88,""game_id"":""496"",""bonus_type"":""FIXED_FREEBET"",""total_bet"":0.2,""round_bet"":0.2}},""displayDescriptionOnly"":""1"",""creditLessThan"":""0.01"",""displayAngpaoText"":""0"",""startDate"":""2026-03-23"",""walletId"":1,""changeGameId"":1}",FREE,0.00,,,,,,0.0022498427552897437,0
https://redspin88.com,RedSpin,261147,<b>Hours Free Spin<b>,,0.10,0.1,50,30,0.00,,"{""freeRoundAPI"":{""site"":""BNG2"",""params"":{""campaign"":""BNG free spin"",""total_rounds"":5,""game_id"":""496"",""bonus_type"":""FIXED_FREEBET"",""total_bet"":0.2,""round_bet"":0.2}},""displayDescriptionOnly"":""1"",""creditLessThan"":""0.01"",""displayAngpaoText"":""0"",""walletId"":1,""changeGameId"":1}",FREE,0.00,,HOURLY,,,,0.021127165223361458,0
https://redspin88.com,RedSpin,261148,<b>App Daily Free Spin<b>,,0.10,0.1,100,30,0.00,,"{""freeRoundAPI"":{""site"":""BNG2"",""params"":{""campaign"":""BNG free spin"",""total_rounds"":20,""game_id"":""496"",""bonus_type"":""FIXED_FREEBET"",""total_bet"":0.2,""round_bet"":0.2}},""displayDescriptionOnly"":""1"",""creditLessThan"":""0.01"",""displayAngpaoText"":""0"",""walletId"":1,""changeGameId"":1,""mobileAppOnly"":""1""}",FREE,0.00,,DAILY,,,,0.008882878750398795,0
https://redspin88.com,RedSpin,10474,[App] Daily Free,,5.00,5,100,30,0.00,,"{""mobileAppOnly"":""1"",""creditLessThan"":""0.01"",""displayDescriptionOnly"":""1"",""changeGameId"":1,""walletId"":1}",FREE,0.00,,DAILY,,,,1.353644485871592,0
https://redspin88.com,RedSpin,261152,<b>DOWNLOAD APP GIFT FREESPIN<b>,,0.10,0.1,100,10,0.00,,"{""freeRoundAPI"":{""site"":""BNG2"",""params"":{""campaign"":""BNG free spin"",""total_rounds"":30,""game_id"":""496"",""bonus_type"":""FIXED_FREEBET"",""total_bet"":0.2,""round_bet"":0.2}},""displayDescriptionOnly"":""1"",""creditLessThan"":""0.01"",""displayAngpaoText"":""0"",""startDate"":""2026-03-23"",""walletId"":1,""changeGameId"":1,""mobileAppOnly"":""1""}",FREE,0.00,,,,,,0.006202764220146792,0
https://betus10.co,BETUS10,218233,<b>Daily Free Credit</b>,,30.00,30,700,10,0.00,,"{""creditLessThan"":0.1,""displayDescriptionOnly"":""1"",""ignoreTrxAmount"":1,""changeGameId"":1,""walletId"":1}",FREE,0.00,,DAILY,,,,0.8757891750140593,0
https://betus10.co,BETUS10,218234,<b>Download App Bonus</b>,,20.00,20,500,10,0.00,,"{""displayDescriptionOnly"":""1"",""displayAngpaoText"":""1"",""mobileAppOnly"":""1"",""ignoreTrxAmount"":1,""changeGameId"":1,""walletId"":1}",FREE,0.00,,DAILY,,,,0.7824908919849999,0
https://betus10.co,BETUS10,218243,<b>Referred Free</b>,,6,6,300,50,0.00,,"{""customBonus"":""sharebonus"",""creditLessThan"":1,""startDate"":""2023-10-25"",""displayDescriptionOnly"":""1"",""displayAngpaoText"":""1"",""changeGameId"":1,""walletId"":1}",CUSTOM,0.00,,,,,,0.49874445335064066,0
https://cyberbet77.com,CYBERBET77,822804,<b>⭐️WELCOME BACK AUD88<b>,,88.00,88,2000,10,0.00,,"{""creditLessThan"":0.1,""walletId"":1,""changeGameId"":1,""displayDescriptionOnly"":""1"",""registerBeforeDate"":""2026-05-25"",""displayAngpaoText"":""0""}",FREE,0.00,,,,,,0.9689408750939845,0
https://cyberbet77.com,CYBERBET77,127033,<B>Free 365 Days</B>,,2.00,2,100,20,0.00,,"{""creditLessThan"":1,""walletId"":1,""changeGameId"":1,""displayDescriptionOnly"":""1"",""registerDate"":""2023-10-21"",""displayAngpaoText"":""1""}",FREE,0.00,,DAILY,,,,0.36187915196815357,0
https://cyberbet77.com,CYBERBET77,823021,<b>DOWNLOAD APP FREE<b>,,10.00,10,500,10,0.00,,"{""creditLessThan"":0.5,""displayDescriptionOnly"":""1"",""walletId"":1,""changeGameId"":1,""mobileAppOnly"":""1"",""displayAngpaoText"":""0""}",FREE,0.00,,DAILY,,,,0.31438318259269477,0
https://tab968.com,TAB968,247305,<b>Day 1 (Monday),,10.00,10,1000,20.15,0.00,,"{""claimTime"":""N=1"",""creditLessThan"":0.01,""mobileAppOnly"":""0"",""walletId"":1,""changeGameId"":1}",FREE,0.00,,WEEKLY,,,,0.1682189374487242,0
https://tab968.com,TAB968,247301,<b>Tab968 Giveaway</b>,,28.00,28,600,5,0.00,,"{""displayDescriptionOnly"":""1"",""walletId"":1,""changeGameId"":1}",FREE,0.00,,WEEKLY,,,,0.7246635553978003,0
https://tab968.com,TAB968,258366,<b>Download Apps Tab968</b>,,20.00,20,500,5,0.00,,"{""creditLessThan"":0.5,""displayDescriptionOnly"":""1"",""walletId"":1,""changeGameId"":1,""mobileAppOnly"":""1""}",FREE,0.00,,DAILY,,,,0.5846942029551774,0
https://tab968.com,TAB968,13559,<b>FREE 365</b>,,5.00,5,100,0.05,0.00,,"{""creditLessThan"":0.1,""displayDescriptionOnly"":""1"",""displayAngpaoText"":""1""}",FREE,0.00,,DAILY,,,,0.019232610012774754,0
https://southern9.com,SOUTHERN9,262040,APP DOWNLOAD BONUS,,15.00,15,750,20,0.00,,"{""creditLessThan"":1,""walletId"":1,""changeGameId"":1,""displayDescriptionOnly"":""1"",""displayAngpaoText"":""0"",""mobileAppOnly"":""1""}",FREE,0.00,,DAILY,,,,0.4099127212306195,0
https://southern9.com,SOUTHERN9,21644,DOWNLINE REGISTER GET,,2,2,40,10,0.00,,"{""customBonus"":""sharebonus"",""creditLessThan"":0.01,""startDate"":""2025-01-20"",""displayAngpaoText"":""1"",""displayDescriptionOnly"":""1"",""fixRT"":1}",CUSTOM,0.00,,,,,,0.8959826648794043,0
https://vvip15au.com,VVIP15 Australia Online Casino,186269,<b>DOWNLOAD APPS BONUS</b>,,15.55,15.55,311,20,0.00,,"{""creditLessThan"":1,""displayDescriptionOnly"":""1"",""mobileAppOnly"":""1"",""walletId"":1,""changeGameId"":1,""displayAngpaoText"":""0""}",FREE,0.00,,,,,,1.2916435191820996,0
https://aus789.com,Aus789 PayID Casino Australia,157255,<b> SHARE & GET FREE</b>,,28,12,476,20,0.00,,"{""customBonus"":""sharebonus"",""creditLessThan"":1,""mobileAppOnly"":""0"",""displayAngpaoText"":""0"",""startDate"":""2023-08-20"",""maxCount"":5,""displayDescriptionOnly"":""1"",""walletId"":1,""changeGameId"":1}",CUSTOM,0.00,,,,,,0.5395267609504637,0
https://aus789.com,Aus789 PayID Casino Australia,175114,<b>APP Download Bonus $16</b>,,16.00,16,500,20,0.00,,"{""startDate"":""2023-09-17"",""creditLessThan"":0.2,""displayDescriptionOnly"":""0"",""mobileAppOnly"":""1"",""displayAngpaoText"":""0"",""walletId"":1,""changeGameId"":1}",FREE,0.00,,,,,,0.7407651230185881,0
https://mcdollar9.com,McDollar9 (AUD),808704,NEW GAME $10 FREEPLAY + MINIGAME FREEPLAY,,10.00,10,199,20,0.00,,"{""creditLessThan"":1,""displayAngpaoText"":""0"",""walletId"":1,""changeGameId"":1,""displayDescriptionOnly"":""1"",""mobileAppOnly"":""1""}",FREE,0.00,,,,,,1.2626832912521337,0
https://dd8au.com,DD8AU,469162,DAILY FREE,,500.00,500,10000,10,0.00,,"{""creditLessThan"":0.1, ""displayDescriptionOnly"":""1"",""walletId"":1,""changeGameId"":1}",FREE,0.00,,DAILY,,,,1.2595888978752612,0
https://fc8au.com,FC8AU,243987,LUCKY DAILY WIN FREE,,500.00,500,10000,10,0.00,,"{""displayDescriptionOnly"":""1"",""creditLessThan"":0.1,""walletId"":1,""changeGameId"":1}",FREE,0.00,,DAILY,,,,1.2595888978752612,0
https://1spinnwin.com,1SPIN&WIN,27547,<b>Hourly Bonus</b>,,15.00,15,200,5,0.00,,"{""displayDescriptionOnly"":""1"",""displayAngpaoText"":""1"",""walletId"":1,""changeGameId"":1,""creditLessThan"":0.1,""resetHour"":2}",FREE,0.00,,HOURLY,,,,1.2588993529486476,0
https://ausbet88.com,AUSBET88,52213,"<b style=""color:#FF00FB;"">SHARE & INVITE</b>",,10,10,200,20,0.00,,"{""customBonus"":""sharebonus"",""creditLessThan"":1,""walletId"":1,""changeGameId"":1,""startDate"":""2023-03-22"",""displayDescriptionOnly"":""1"",""mobileAppOnly"":""0""}",CUSTOM,0.00,,,,,,1.2547964592173841,0
https://vip77.club,VIP77,6217,⭐ VIP77 ⭐ DOWNLINE CONTRIBUTION $30 GET,,10,10,200,20,0.00,,"{""customBonus"":""downlinedeposit"",""creditLessThan"":0.5,""startDate"":""2023-11-21"",""displayDescriptionOnly"":""1"",""walletId"":1,""changeGameId"":1}",CUSTOM,0.00,,DAILY,30.00,,,1.2547964592173841,0
https://topcash7.com,TopCash7,845763,FREE CHIPS (BONZA),,19.00,19,400,20,0.00,,"{""displayDescriptionOnly"":""1"",""creditLessThan"":0.5,""displayAngpaoText"":""1"",""mobileAppOnly"":""0"",""walletId"":1,""changeGameId"":1}",FREE,0.00,,,,,,1.227445654742348,0
https://acehighwin.com,ACEHIGHWIN,199753,<B>Daily Free(Event),,15.00,15,600,10,0.00,,"{""creditLessThan"":0.1,""walletId"":1,""changeGameId"":1,""displayDescriptionOnly"":""1""}",FREE,0.00,,DAILY,,,,0.4267170000250283,0
https://acehighwin.com,ACEHIGHWIN,842198,<b>Mobile App Reward</b>,,20.00,20,600,20,0.00,,"{""displayDescriptionOnly"":""1"",""displayAngpaoText"":""1"",""mobileAppOnly"":""1"",""changeGameId"":1,""walletId"":1}",FREE,0.00,,,,,,0.7910277171153051,0
https://neolux.vip,NEOLUX,814615,"<b style=""color:#686A6C;"">365 DAY X2 FREE</b>",,10.00,10,150,5,0.00,,"{""creditLessThan"":0.1,""walletId"":1,""changeGameid"":1,""displayDescriptionOnly"":""1"",""changeGameId"":1}",FREE,0.00,,DAILY,,,,1.0580525410463437,0
https://neolux.vip,NEOLUX,721980,"<b style=""color:#686A6C;"">DAY 1 MONDAY</b>",,10.00,10,1000,14.88,0.00,,"{""creditLessThan"":0.1,""walletId"":1,""claimTime"":""N=1"",""displayDescriptionOnly"":""1""}",FREE,0.00,,DAILY,,,,0.1524215000014297,0
https://eebet9.com,EEBET9,79616,"<b style=""color:#b3e9ff;"">SHARE & INVITE</b>",,5,5,100,20,0.00,,"{""customBonus"":""sharebonus"",""creditLessThan"":0.1,""startDate"":""2023-03-22"",""displayDescriptionOnly"":""1"",""maxCount"":1,""mobileAppOnly"":""1"",""walletId"":1,""changeGameId"":1}",CUSTOM,0.00,,,,,,1.200121248138004,0
https://play99au.com,Play99 Aus Online Pokies,176401,<b>IOS & ANDROID APPS BONUS</b>,,18.00,18,388,18,0.00,,"{""creditLessThan"":1,""displayDescriptionOnly"":""1"",""mobileAppOnly"":""1"",""walletId"":1,""changeGameId"":1,""displayAngpaoText"":""0""}",FREE,0.00,,,,,,1.1485013436929892,0
https://bondi333.com,BONDI333,806527,<b>Daily Free $30</b>,,30.00,30,1100,20,0.00,,"{""creditLessThan"":0.1,""displayDescriptionOnly"":""1"",""displayAngpaoText"":""0"",""changeGameId"":1,""walletId"":1}",FREE,0.00,,DAILY,,,,0.6320045923749745,0
https://bondi333.com,BONDI333,839265,<b>Hourly Free</b>,,7.77,7.77,1010,10,0.00,,"{""displayDescriptionOnly"":""1"",""displayAngpaoText"":""1"",""changeGameld"":1,""creditLessThan"":0.1,""resetHour"":1,""changeGameId"":1,""walletId"":1}",FREE,0.00,,HOURLY,,,,0.09368390887022404,0
https://bondi333.com,BONDI333,839857,<b>Telegram Free </b>,,17.77,17.77,1777,30,0.00,,"{""displayAngpaoText"":""1"",""displayDescriptionOnly"":""1"",""creditLessThan"":0.1,""mustJoinTelegramChannel"":""allpokiehuboffcial"",""changeGameId"":1,""walletId"":1}",FREE,0.00,,DAILY,,,,0.1965670120890628,0
https://reef33.vip,Reef33,806508,<b>Daily Free 30 </b>,,30.00,30,1300,20,0.00,,"{""creditLessThan"":0.1,""displayDescriptionOnly"":""1"",""displayAngpaoText"":""0"",""changeGameId"":1,""walletId"":1}",FREE,0.00,,DAILY,,,,0.5128990564250854,0
https://reef33.vip,Reef33,773817,<b>Hourly Free</b>,,7.77,7.77,1010,10,0.00,,"{""displayDescriptionOnly"":""1"",""displayAngpaoText"":""1"",""walletId"":1,""changeGameld"":1,""creditLessThan"":0.1,""resetHour"":1}",FREE,0.00,,HOURLY,,,,0.09368390887022404,0
https://reef33.vip,Reef33,839855,<b>Telegram Free</b>,,17.77,17.77,1777,30,0.00,,"{""displayAngpaoText"":""1"",""displayDescriptionOnly"":""1"",""creditLessThan"":0.1,""mustJoinTelegramChannel"":""Reef33audplayergroup"",""changeGameId"":1,""walletId"":1}",FREE,0.00,,DAILY,,,,0.1965670120890628,0
https://panda95au.com,Panda95 AU,104326,Weekly Commission,,0.85,0.85,0,899,4.25,,"{""customBonus"":""commissionweek"",""creditLessThan"":0.1,""displayDescriptionOnly"":""1"",""startDate"":""2025-11-04""}",CUSTOM,5.00,,WEEKLY,,,,13.972558437398723,0
https://panda95au.com,Panda95 AU,0,Pau Pau Rescue Rebate,REBATE,,0.17,,500,,,,,,,,,,,9.92365299547909,1
https://panda95au.com,Panda95 AU,0,Pau Pau Rescue Rebate,REBATE,,0.22,,500,,,,,,,,,,,13.746537359809707,0
https://decho34.com,Decho34,795238,"<b style=""colour:white"">APP Free (Convert Deposit)",,10.00,10,390,21,0.00,,"{""creditLessThan"":0.01,""displayDescriptionOnly"":""1"",""mobileAppOnly"":""1"",""changeGameId"":1,""walletId"":1}",FREE,0.00,,DAILY,,,,0.5528608168460024,0
https://decho34.com,Decho34,198019,"<b style=""colour:white"">Daily Free",,6.00,6,390,25,0.00,,"{""creditLessThan"":0.01,""displayDescriptionOnly"":""1"",""mobileAppOnly"":""0"",""changeGameId"":1,""walletId"":1}",FREE,0.00,,DAILY,,,,0.29772725081127055,0
https://dns33.com,DNS33,126431,DOWNLINE GAIN & WITHDRAW AUD 30,,8,8,240,30,0.00,,"{""customBonus"":""sharebonus"",""creditLessThan"":0.5,""startDate"":""2023-11-21"",""displayDescriptionOnly"":""1"",""displayAngpaoText"":""1"",""walletId"":1,""changeGameId"":1}",CUSTOM,0.00,,DAILY,,,,0.8402879928088312,0
https://world99aud.com,WORLD99,835605,"<b style=""color:RED;"">MONDAY</b>",,10.00,10,777,15,0.00,,"{""claimTime"":""N=1"",""creditLessThan"":0.01,""displayDescriptionOnly"":""1"",""changeGameId"":1,""walletId"":1}",FREE,0.00,,WEEKLY,,,,0.20950808098223528,0
https://world99aud.com,WORLD99,146386,<b>Download App Bonus</b>,,20.00,20,499,10,0.00,,"{""creditLessThan"":0.1,""displayDescriptionOnly"":""1"",""displayAngpaoText"":""1"",""mobileAppOnly"":""1"",""ignoreTrxAmount"":1,""changeGameId"":1,""walletId"":1}",FREE,0.00,,DAILY,,,,0.7844515302831455,0
https://1winbet369.com,1WINBET369,478916,<b> 1Winbet Giveaway $20,,20.00,20,500,10,0.00,,"{""displayDescriptionOnly"":""1"",""walletId"":1,""changeGameId"":1}",FREE,0.00,,WEEKLY,,,,0.7824908919849999,0
https://solidluck33.com,SOLIDLUCK33,849259,<b>Welcome Back 31/8/2026</b>,,30.00,30,800,10,0.00,,"{""creditLessThan"":0.1,""walletId"":1,""changeGameId"":1,""displayDescriptionOnly"":""1"",""registerBeforeDate"":""2026-08-31"",""displayAngpaoText"":""0""}",FREE,0.00,,,,,,0.7411560177463185,0
https://auboss.co,AU BOSS,97014,<b>DAILY LOGIN</b>,,2.00,2,100,20,0.00,,"{""creditLessThan"":1,""walletId"":1,""changeGameId"":1,""displayDescriptionOnly"":""1"",""registerDate"":""2024-01-01""}",FREE,0.00,,DAILY,,,,0.36187915196815357,0
https://auboss.co,AU BOSS,826605,<b>DOWNLOAD APP FREE<b>,,10.00,10,500,10,0.00,,"{""creditLessThan"":0.5,""displayDescriptionOnly"":""1"",""walletId"":1,""changeGameId"":1,""mobileAppOnly"":""1"",""displayAngpaoText"":""1""}",FREE,0.00,,DAILY,,,,0.31438318259269477,0
https://iau9.com,BONZAWIN Australia,817240,2026 Sign Up & Get FREE I,,9.00,9,299,20,0.00,,"{""displayDescriptionOnly"":""1"",""mobileAppOnly"":""0"",""displayAngpaoText"":""0"",""walletId"":1,""changeGameId"":1,""creditLessThan"":0.1}",FREE,0.00,,,,,,0.660829033571012,0
https://play369.co,PLAY369,784768,<b>Daily Free $5,,5.00,5,150,15,0.00,,"{""creditLessThan"":0.1,""displayDescriptionOnly"":""1""}",FREE,0.00,,DAILY,,,,0.6583810534082891,0
https://zebra88.club,ZEBRA88,178979,<b>Daily Free</b>,,10.00,10,588,21,0.00,,"{""walletId"":1,""changeGameId"":1,""displayDescriptionOnly"":""1"",""creditLessThan"":0.1}",FREE,0.00,,DAILY,,,,0.3309214451684106,0
https://zebra88.club,ZEBRA88,178980,<b>Download App Bonus</b>,,5.00,5,300,20,0.00,,"{""walletId"":1,""changeGameId"":1,""displayDescriptionOnly"":""1"",""displayAngpaoText"":""1"",""mobileAppOnly"":""1""}",FREE,0.00,,,,,,0.30396498381466175,0
https://speed9.co,SPEED 9,18139,SPEED 9 APP BONUS,,3.00,3,100,20,0.00,,"{""creditLessThan"":1,""displayDescriptionOnly"":""1"",""mobileAppOnly"":""1"",""displayAngpaoText"":""1"",""ignoreTrxAmount"":1,""walletId"":1,""changeGameId"":1,""offUsernames"":[""1A297A70"",""10171192"",""22602165"",""10767105"",""25282079""]}",FREE,0.00,,DAILY,,,,0.6144308843868765,0
https://sp77aud.co,SP77AUD,773328,<b>Social Free IIII⭐,,30.00,30,2000,30,0.00,,"{""displayAngpaoText"":""0"",""displayDescriptionOnly"":""1"",""creditLessThan"":0.1,""mustJoinTelegramChannel"":""igaxspeedau33"",""walletId"":1,""changeGameId"":1}",FREE,0.00,,,,,,0.337639376332024,0
https://sp77aud.co,SP77AUD,154184,<B>DAILY FREE CHIPS,,10.00,10,600,10,0.00,,"{""creditLessThan"":0.1,""walletId"":1,""changeGameId"":1,""displayDescriptionOnly"":""1""}",FREE,0.00,,DAILY,,,,0.2503126214987163,0
https://pokies7bet.com,Pokies7bet,139882,<b>365ᴅᴀʏꜱ ꜰʀᴇᴇ ᴄʀᴇᴅɪᴛ</b>,,6.88,6.88,280,27,0.00,,"{""creditLessThan"":1,""displayAngpaoText"":""1"",""displayDescriptionOnly"":""1"",""walletId"":1,""changeGameId"":1}",FREE,0.00,,DAILY,,,,0.5515316312204653,0
https://boyabet9.com,BoyaBet9,463774,<B>SPECIAL DAILY FREE<B>,,6.99,6.99,270,20,0.00,,"{""creditLessThan"":0.1,""displayDescriptionOnly"":""1"",""mobileAppOnly"":""0"",""changeGameId"":1,""walletId"":1}",FREE,0.00,,DAILY,,,,0.5384618213435755,0
https://me99aud.com,Me99au,99833,me99 APP BONUS,,15.00,15,500,10,0.00,,"{""creditLessThan"":1,""displayDescriptionOnly"":""1"",""mobileAppOnly"":""1"",""displayAngpaoText"":""1"",""fixRT"":1,""changeGameId"":1,""walletId"":1}",FREE,0.00,,DAILY,,,,0.5359404081626119,0
https://rolex66.vip,Rolex66 AUD,213618,<b>Daily Checkin</b>,,38.00,38,1688,20,0.00,,"{""creditLessThan"":0.1,""displayDescriptionOnly"":""1"",""mobileAppOnly"":""1"",""walletId"":1,""changeGameId"":1}",FREE,0.00,,DAILY,,,,0.504885880297683,0
https://betworld168.vip,BetWorld168.vip,825238,<b>Mobile App Bonus<b>,,5.00,5,200,20,0.00,,"{""customBonus"":""manual"",""mobileAppOnly"":""1"",""displayDescriptionOnly"":""1"",""displayAngpaoText"":""1"",""fixRT"":1,""creditLessThan"":0.1,""changeGameId"":1,""walletId"":1}",FREE,0.00,,,,,,0.5045888277145305,0
https://epicpokies.com,EPICPOKIES,156193,<b>FREE 365 BONUS<b>,,12.00,12,2400,90,0.00,,"{""creditLessThan"":1,""displayDescriptionOnly"":""1"",""displayAngpaoText"":""1"",""changeGameId"":1,""walletId"":1}",FREE,0.00,,DAILY,,,,0.10580294381975293,0
https://epicpokies.com,EPICPOKIES,466842,<b>DOWNLOAD APPS FREE $50<b>,,50.00,50,10000,100,0.00,,"{""registerDate"":""2022-01-22"",""creditLessThan"":1,""displayDescriptionOnly"":""1"",""mobileAppOnly"":""1"",""walletId"":1,""changeGameId"":1}",FREE,0.00,,DAILY,,,,0.11875866626276997,0
https://epicpokies.com,EPICPOKIES,761421,<b> DAILY SOCIAL FREE<b>,,10.00,10,1000,80,0.00,,"{""displayAngpaoText"":""1"",""displayDescriptionOnly"":""1"",""creditLessThan"":0.1,""registerDate"":""2024-01-01"",""mobileAppOnly"":""0"",""mustJoinTelegramChannel"":""epicpokiesofficial"",""walletId"":1,""changeGameId"":1}",FREE,0.00,,DAILY,,,,0.2422401038015625,0
https://kingtech88.com,KINGTECH88,1647,Daily Free Chips,,2.88,2.88,100,10,0.00,,"{""creditLessThan"":0.2,""displayDescriptionOnly"":""1"",""walletId"":1,""changeGameId"":1}",FREE,0.00,,DAILY,,,,0.45877145650104084,0
https://spincrown33.com,SpinCrown33,452354,<b>Day 1 (Monday)</b>,,10.00,10,1000,10,0.00,,"{""claimTime"":""N=1"",""creditLessThan"":0.01,""showIfAmount"":1,""displayDescriptionOnly"":""1"",""changeGameId"":1,""walletId"":1}",FREE,0.00,,WEEKLY,,,,0.1321818456291255,0
https://spincrown33.com,SpinCrown33,839516,<b>Hourly Free</b>,,7.77,7.77,466.2,10,0.00,,"{""displayDescriptionOnly"":""1"",""displayAngpaoText"":""1"",""walletId"":1,""changeGameld"":1,""creditLessThan"":0.1,""resetHour"":1,""changeGameId"":1}",FREE,0.00,,HOURLY,,,,0.2462359070675602,0
https://spincrown33.com,SpinCrown33,839858,<b>Telegram Free </b>,,17.77,17.77,1777,30,0.00,,"{""displayAngpaoText"":""1"",""displayDescriptionOnly"":""1"",""creditLessThan"":0.1,""mustJoinTelegramChannel"":""spincrown3officialchannel"",""changeGameId"":1,""walletId"":1}",FREE,0.00,,DAILY,,,,0.1965670120890628,0
https://jk123au.com,Gday123 Australia,847874,"GDAY, FREE’S YOURS! (OLD/NEW)",,7.00,7,350,30,0.00,,"{""creditLessThan"":0.5,""displayDescriptionOnly"":""1"",""displayAngpaoText"":""1"",""mobileAppOnly"":""0"",""walletId"":1,""changeGameId"":1,""offUsernames"":[""392576581"",""396299827"",""A016A2116""]}",FREE,0.00,,,,,,0.43991635215688646,1
https://galaxyau.com,Galaxy AU,160283,Attend Reward,,3.00,3,138,20,0.00,,"{""creditLessThan"":0.5,""mobileAppOnly"":""0"",""displayDescriptionOnly"":""1"",""walletId"":1,""changeGameId"":1}",FREE,0.00,,DAILY,,,,0.4107940829250386,0
https://nightclubaus.com,NC88AU,240890,APP FREE CHECK IN,,18.88,18.88,1000,20,0.00,,"{""creditLessThan"":1,""mobileAppOnly"":""1"",""walletId"":1,""changeGameId"":1}",FREE,0.00,,DAILY,,,,0.38721981136454137,0
https://mrbean9.com,MrBean9,751475,MrBean9 APP BONUS,,13.00,13,630,10,0.00,,"{""creditLessThan"":1,""displayDescriptionOnly"":""1"",""mobileAppOnly"":""1"",""displayAngpaoText"":""1"",""fixRT"":1,""changeGameId"":1,""walletId"":1}",FREE,0.00,,WEEKLY,,,,0.33257519386556944,0
https://u2win.online,U2WIN,9693,<b>365 Daily Free</b>,,5.00,5,300,20,0.00,,"{""fixRT"":1,""creditLessThan"":0.5,""displayDescriptionOnly"":""1"",""walletId"":1,""changeGameId"":1}",FREE,0.00,,DAILY,,,,0.30396498381466175,0
https://skyspin96.co,SKYSPIN96,20061,CHECK-IN MONDAY,,10.00,10,600,15,0.00,,"{""walletId"":1,""changeGameId"":1,""maxWithdrawTimeDeposit"":1,""creditLessThan"":1,""displayDescriptionOnly"":""1"",""claimTime"":""N=1""}",FREE,0.00,,DAILY,,,,0.28942629783480656,0
https://play77au.com,PLAY77,16061,DAILY CHECK IN : DAY 1,,2.00,2,100,10,0.00,,"{""claimTime"":""N=1"",""creditLessThan"":0.1,""maxRoundTargetAll"":500,""displayAngpaoText"":""0"",""walletId"":1,""changeGameId"":1,""displayDescriptionOnly"":""1""}",FREE,0.00,,DAILY,,,,0.2850195147445152,0
https://aucloud9.com,Cloud9,73754,DAILY CHECK IN BONUS,,9.00,9,700,20,0.00,,"{""creditLessThan"":0.01,""mobileAppOnly"":""0"",""walletId"":1,""changeGameId"":1}",FREE,0.00,,DAILY,,,,0.22819469869028952,0
https://pokies33au.com,Pokies33,107538,Daily Free,,13.00,13,1033,20,0.00,,"{""creditLessThan"":0.1,""walletId"":1,""changeGameId"":1}",FREE,0.00,,DAILY,,,,0.22757738635714025,0
https://mrpoint.co,MRPOINT,215030,<b> Day 1 (Monday),,10.00,10,1000,20.33,0.00,,"{""claimTime"":""N=1"",""creditLessThan"":0.1,""mobileAppOnly"":""0"",""walletId"":1,""changeGameId"":1,""displayDescriptionOnly"":""1""}",FREE,0.00,,WEEKLY,,,,0.16868609372923096,0
https://mrpoint.co,MRPOINT,218874,<b>Hourly Bonus</b>,,15.00,15,200,5,0.00,,"{""displayDescriptionOnly"":""1"",""displayAngpaoText"":""1"",""walletId"":1,""changeGameld"":1,""creditLessThan"":0.1,""resetHour"":2}",FREE,0.00,,HOURLY,,,,1.2588993529486476,0
https://intensityaus.com,Intensity,55022,Free Chips 365 Days,,1.00,1,100,30,0.00,,"{""startDate"":""2023-04-11"",""creditLessThan"":1}",FREE,0.00,,DAILY,,,,0.16609764269953625,0
https://7pokies.com,7POKIES,184225,Daily Free,,5.00,5,500,20,0.00,,"{""creditLessThan"":0.1,""displayDescriptionOnly"":""1"",""mobileAppOnly"":""0""}",FREE,0.00,,DAILY,,,,0.16051388989769858,0
https://aud33.com,AUD33,456145,DAILY FREE,,5.00,5,500,20,0.00,,"{""displayDescriptionOnly"":""1"",""mobileAppOnly"":""0""}",FREE,0.00,,DAILY,,,,0.16051388989769858,0
https://aud33.com,AUD33,107025,Weekly Affiliate,,32.65,32.65,0,1000,163.25,,"{""customBonus"":""commissionweek"",""creditLessThan"":0.1,""displayDescriptionOnly"":""1"",""startDate"":""2025-11-04""}",CUSTOM,5.00,,WEEKLY,,,,0.024335286117535666,1
https://ozlotto88.com,OZLOTTO88,239919,Daily Free Chip,,4.00,4,400,20,0.00,,"{""creditLessThan"":0.1,""displayDescriptionOnly"":""1"",""mobileAppOnly"":""0""}",FREE,0.00,,DAILY,,,,0.15831427807389817,0
https://live77bet.com,LiveBet,451639,Hourly Check In Free,,3.00,3,300,20,0.00,,"{""creditLessThan"":0.1,""mobileAppOnly"":""1"",""walletId"":1,""changeGameId"":1}",FREE,0.00,,HOURLY,,,,0.15562217077453888,0
https://select777.net,SELECT777,171279,<b>MONDAY</b>,,10.00,10,1000,14.88,0.00,,"{""creditLessThan"":0.1,""walletId"":1,""claimTime"":""N=1"",""displayDescriptionOnly"":""1""}",FREE,0.00,,DAILY,,,,0.1524215000014297,0
https://goldencrown96.com,IPAY7,200115,"<b style=""color:gold"">FREE CREDIT 365DAY </b>",,2.00,2,200,20,0.00,,"{""walletId"":1,""changeGameId"":1,""displayDescriptionOnly"":""1""}",FREE,0.00,,DAILY,,,,0.15215144082253726,0
https://candymommy.co,CANDYMOMMY,28246,"<b style=""color:black;"">NEW REGISTER FREE</b>",,200.00,200,4000,20,0.00,,"{""creditLessThan"":0.1,""displayDescriptionOnly"":""1"",""registerDate"":""2022-05-06"",""walletId"":1,""changeGameId"":1}",FREE,0.00,,,,,,1.5168728522373116,0
https://candymommy.co,CANDYMOMMY,28247,"<b style=""color:black;"">HOURLY BONUS</b>",,15.00,15,200,5,0.00,,"{""displayDescriptionOnly"":""1"",""displayAngpaoText"":""1"",""walletId"":1,""changeGameId"":1,""creditLessThan"":0.1,""resetHour"":2}",FREE,0.00,,HOURLY,,,,1.2588993529486476,0
https://candymommy.co,CANDYMOMMY,239408,<b>Return Back Bonus,,10.00,10,500,10,0.00,,"{""displayDescriptionOnly"":""1""}",FREE,0.00,,MONTHLY,,,,0.31438318259269477,0
https://wildspin24.com,Wildspin24,182099,Daily Free Credit,,10.00,10,150,15,0.00,,"{""creditLessThan"":0.1,""displayDescriptionOnly"":""1"",""changeGameId"":1,""walletId"":1}",FREE,0.00,,DAILY,,,,1.6372423828216727,0
https://wildspin24.com,Wildspin24,836890,Hourly Free Credit,,5.00,5,50,10,0.00,,"{""creditLessThan"":0.1,""displayDescriptionOnly"":""1"",""changeGameId"":1,""walletId"":1}",FREE,0.00,,HOURLY,,,,2.248141548510455,0
https://rolex9.net,Rolex9,751797,Apps Daily Free,,20.00,20,300,10,0.00,,"{""creditLessThan"":1,""displayDescriptionOnly"":""1"",""mobileAppOnly"":""1"",""displayAngpaoText"":""1"",""changeGameId"":1,""walletId"":1}",FREE,0.00,,DAILY,,,,1.4818021759296418,0
https://unitedau.com,UnitedAu,198839,<b>Day 1 (Monday),,10.00,10,1000,20.33,0.00,,"{""claimTime"":""N=1"",""creditLessThan"":0.1,""mobileAppOnly"":""1"",""walletId"":1,""changeGameId"":1}",FREE,0.00,,WEEKLY,,,,0.16868609372923096,0
https://unitedau.com,UnitedAu,170972,<B>FREE 365</b>,,5.00,5,100,0.05,0.00,,"{""creditLessThan"":0.1,""displayDescriptionOnly"":""1"",""displayAngpaoText"":""1""}",FREE,0.00,,DAILY,,,,0.019232610012774754,0
https://unitedau.com,UnitedAu,785322,<b>✅ DAILY HOURLY FREE,,3.00,3,50,10,0.00,,"{""creditLessThan"":0.1,""displayDescriptionOnly"":""1"",""walletId"":1,""changeGameId"":1,""displayAngpaoText"":""1""}",FREE,0.00,,HOURLY,,,,1.1509900370660882,0
https://unitedau.com,UnitedAu,835465,<b>REFRESHING FREE</b>,,88.00,88,600,15,0.00,,"{""creditLessThan"":0.1,""displayDescriptionOnly"":""1"",""walletId"":1,""changeGameId"":1,""displayAngpaoText"":""1""}",FREE,0.00,,WEEKLY,,,,5.0460430296218215,0
https://unitedau.com,UnitedAu,186216,<b>Download App Bonus</b>,,20.00,20,500,5,0.00,,"{""creditLessThan"":0.5,""displayDescriptionOnly"":""1"",""walletId"":1,""changeGameId"":1,""mobileAppOnly"":""1""}",FREE,0.00,,DAILY,,,,0.5846942029551774,0
https://unitedau.com,UnitedAu,0,COMMISSION,COMMISSION,,2.5,,1888,,,,,,,,,,,120.67669777378858,0
https://ipay9aud.com,iPAY9,817609,iPAY9 APP BONUS,,20.00,20,300,20,0.00,,"{""creditLessThan"":1,""displayDescriptionOnly"":""1"",""mobileAppOnly"":""1"",""displayAngpaoText"":""1"",""ignoreTrxAmount"":1,""walletId"":1,""changeGameId"":1}",FREE,0.00,,MONTHLY,,,,1.8813915787157607,0
https://ijoker88au.com,IJOKER88,212732,<b>JOIN TELEGRAM<b>,,100.00,100,1000,10,0.00,,"{""displayAngpaoText"":""0"",""displayDescriptionOnly"":""1"",""mobileAppOnly"":""0"",""creditLessThan"":0.1,""registerDate"":""2023-01-01"",""mustJoinTelegramChannel"":""iJokerchannel88"",""changeGameId"":1,""walletId"":1}",FREE,0.00,,,,,,2.725215249163835,0
https://ijoker88au.com,IJOKER88,212136,<b>DAILY FREE CREDIT<b>,,88.00,88,288,15,0.00,,"{""creditLessThan"":0.1,""displayDescriptionOnly"":""1"",""mobileAppOnly"":""0"",""displayAngpaoText"":""0"",""changeGameId"":1,""walletId"":1}",FREE,0.00,,DAILY,,,,12.629885195615032,0
https://ijoker88au.com,IJOKER88,847132,<b>Download App Free</b>,,50.00,50,288,20,0.00,,"{""creditLessThan"":0.1,""displayDescriptionOnly"":""1"",""mobileAppOnly"":""1"",""displayAngpaoText"":""0"",""changeGameId"":1,""walletId"":1}",FREE,0.00,,DAILY,,,,6.603297049901292,0
https://ijoker88au.com,IJOKER88,212141,<b>FREE SHARE EVENT<b>,,1,1,0,288,0.00,,"{""customBonus"":""sharebonus"",""creditLessThan"":1,""startDate"":""2024-09-10"",""displayDescriptionOnly"":""1"",""mobileAppOnly"":""0"",""changeGameId"":1,""walletId"":1}",CUSTOM,0.00,,,,,,86.67105251051989,0
https://mkaus.co,MK Gaming,1751,Free Chips Everyday,,1.00,1,127,27,0.00,,"{""creditLessThan"":0.5,""mobileAppOnly"":""0"",""displayDescriptionOnly"":""1"",""walletId"":1,""changeGameId"":1}",FREE,0.00,,DAILY,,,,0.11954785632657886,0
https://mkaus.co,MK Gaming,0,COMMISSION,COMMISSION,,2.5,,577,,,,,,,,,,,101.7328245712813,0
https://tab9au.com,TAB9AU,7843,<b>New Register Free #C</b>,,399.00,399,400,50,0.00,,"{""startDate"":""2023-05-04"",""creditLessThan"":0.1,""displayDescriptionOnly"":""1"",""walletId"":1,""changeGameId"":1,""withdrawLessThan"":1}",FREE,0.00,,DAILY,,,,85.97480653166339,0
https://tab9au.com,TAB9AU,240579,<b>TAB9AU LUCKY #R</b>,,188.00,188,13888,10,0.00,,"{""creditLessThan"":0.1,""displayAngpaoText"":""1"",""displayDescriptionOnly"":""1"",""walletId"":1,""changeGameId"":1}",FREE,0.00,,DAILY,,,,0.2324623784030527,0
https://crown69.co,CROWN69,846346,BONUS VAULT,,250.00,250,1.2,50,0.00,,"{""displayDescriptionOnly"":""1"",""creditLessThan"":0.01,""walletId"":1,""changeGameId"":1,""displayAngpaoText"":""1""}",FREE,0.00,,HOURLY,,,,83.94819348009914,0
https://crown69.co,CROWN69,846347,BONUS VAULT,,500.00,500,1.2,100,0.00,,"{""displayDescriptionOnly"":""1"",""creditLessThan"":0.01,""walletId"":1,""changeGameId"":1,""displayAngpaoText"":""1""}",FREE,0.00,,HOURLY,,,,102.53429592338952,0
https://jackpotmate88.com,JackpotMate88,444600,Weekly Commission,,0.6,0.6,0,888,1.2,,"{""customBonus"":""commissionweek"",""startDate"":""2025-04-24"",""displayDescriptionOnly"":""1"",""displayAngpaoText"":""0""}",CUSTOM,5.00,,WEEKLY,,,,50.793837664775694,0
https://glorya77.com,GLORYA77,695301,<b>APP Bonus Free<b>,,18.00,18,68,20,0.00,,"{""walletId"":1,""changeGameId"":1,""creditLessThan"":0.01,""fixRT"":1,""displayDescriptionOnly"":""1""}",FREE,0.00,,,,,,10.472530755252265,0
https://glorya77.com,GLORYA77,162600,Sign In Day 1,,21.00,21,33,20,0.00,,"{""walletId"":1,""changeGameId"":1,""claimTime"":""N=01"",""creditLessThan"":0.01,""fixRT"":1,""displayDescriptionOnly"":""1""}",FREE,0.00,,WEEKLY,,,,31.66726736561203,0
https://cr33au.com,CR33,691058,"<b style=""color:#;"">Daily Free Points</b>",,3200.00,3200,64000,15,0.00,,"{""creditLessThan"":1,""mobileAppOnly"":""0"",""walletId"":1,""changeGameId"":1}",FREE,0.00,,DAILY,,,,1.6087605116993464,0
https://cr33au.com,CR33,691170,"<b style=""color:#;"">Daily Points Reward</b>",,198.00,198,238,10,0.00,,"{""creditLessThan"":1,""mobileAppOnly"":""1"",""walletId"":1,""changeGameId"":1}",FREE,0.00,,DAILY,,,,40.12357847203428,0
https://keno99.com,Keno99,690698,<b>Daily Free Point</b>,,3200.00,3200,0,15,64000.00,,"{""creditLessThan"":1,""mobileAppOnly"":""0"",""walletId"":1,""changeGameId"":1,""displayAngpaoText"":""1"",""displayDescriptionOnly"":""1""}",FREE,0.00,,DAILY,,,,2.0881815322696407e-08,0
https://keno99.com,Keno99,690699,<b>Earn Point Bonus</b>,,198.00,198,238,10,0.00,,"{""creditLessThan"":1,""mobileAppOnly"":""0"",""walletId"":1,""changeGameId"":1,""displayAngpaoText"":""1"",""displayDescriptionOnly"":""1""}",FREE,0.00,,DAILY,,,,40.12357847203428,0
https://onyxaud.com,OnyxAUD,737385,"<b style=""color:yellow;"">Offical Partner Free!</b>",,2.00,2,300,20,0.00,,"{""creditLessThan"":1,""displayDescriptionOnly"":""1"",""displayAngpaoText"":""0""}",FREE,0.00,,DAILY,,,,0.09165623118624627,0
https://onyxaud.com,OnyxAUD,450949,<b>Day 1 (Monday),,10.00,10,1000,20.15,0.00,,"{""claimTime"":""N=1"",""creditLessThan"":0.01,""mobileAppOnly"":""0"",""displayDescriptionOnly"":""1"",""changeGameId"":1,""walletId"":1}",FREE,0.00,,WEEKLY,,,,0.1682189374487242,0
https://onyxaud.com,OnyxAUD,133250,<B>Daily Free</b>,,4.00,4,100,0.05,0.00,,"{""changeGameId"":1,""walletId"":1}",FREE,0.00,,DAILY,,,,0.014351859507490763,0
https://ufo9.asia,UFO9,0,Weekly VIP Rebate,REBATE,,0.32,,1000,,,,,,,,,,,24.567469549873003,0
https://ufo9.asia,UFO9,0,Weekly VIP Rebate,REBATE,,0.41,,1000,,,,,,,,,,,33.676388120559345,0
https://jaws68.com,JAWS68™ The Ultimate Sports & Pokies in Australia,799601,1X2 SOCCERS,,10.99,10.99,150,20,0.00,,"{""creditLessThan"":1,""walletId"":1,""changeGameId"":1,""displayDescriptionOnly"":""1"",""displayAngpaoText"":""1""}",FREE,0.00,,WEEKLY,,,,2.035522844239181,0
https://jaws68.com,JAWS68™ The Ultimate Sports & Pokies in Australia,799599,SOCCER MANIAC BONUS,,5.99,5.99,100,10,0.00,,"{""creditLessThan"":1,""walletId"":1,""changeGameId"":1,""displayDescriptionOnly"":""1"",""displayAngpaoText"":""1""}",FREE,0.00,,WEEKLY,,,,1.1982955349478785,0
https://jaws68.com,JAWS68™ The Ultimate Sports & Pokies in Australia,0,COMMISSION,COMMISSION,,0.25,,1000,,,,,,,,,,,17.961238907697417,0
https://rtpvictory88.com,RTPVICTORY88,849160,<b>WELCOME BACK FREE<b>,,34.00,34,288,15,0.00,,"{""creditLessThan"":0.1,""displayDescriptionOnly"":""1"",""registerBeforeDate"":""2026-05-25"",""changeGameId"":1,""walletId"":1}",FREE,0.00,,,,,,3.6228122703832373,0
https://rtpvictory88.com,RTPVICTORY88,212060,<b>DAILY FREE CREDIT<b>,,40.00,40,688,15,0.00,,"{""creditLessThan"":0.1,""walletId"":1,""changeGameId"":1,""displayDescriptionOnly"":""1""}",FREE,0.00,,DAILY,,,,1.5103018559645516,0
https://rtpvictory88.com,RTPVICTORY88,221847,<b>HOURLY FREE CREDIT,,3.00,3,50,10,0.00,,"{""creditLessThan"":0.1,""walletId"":1,""changeGameId"":1,""displayDescriptionOnly"":""1""}",FREE,0.00,,HOURLY,,,,1.1509900370660882,0
https://rtpvictory88.com,RTPVICTORY88,245109,<B>Download Apps Free,,50.00,50,500,15,0.00,,"{""creditLessThan"":0.1,""displayDescriptionOnly"":""1"",""walletId"":1,""changeGameId"":1,""displayAngpaoText"":""1"",""mobileAppOnly"":""1""}",FREE,0.00,,,,,,3.0175551213073413,0
https://richspinau.com,RICHSPINAU,849038,<b>⭐OPENING FREE</b>,,88.00,88,600,15,0.00,,"{""creditLessThan"":0.1,""registerDate"":""2025-01-01"",""displayDescriptionOnly"":""1"",""walletId"":1,""changeGameId"":1,""displayAngpaoText"":""0""}",FREE,0.00,,,,,,5.0460430296218215,0
https://richspinau.com,RICHSPINAU,849009,<b>Hour Free Reward ⭐,,3.00,3,100,10,0.00,,"{""creditLessThan"":0.1,""displayAngpaoText"":""1"",""displayDescriptionOnly"":""1"",""changeGameId"":1,""walletId"":1}",FREE,0.00,,HOURLY,,,,0.4839316980808067,0
https://richspinau.com,RICHSPINAU,848992,<b>Daily Doge Free,,18.00,18,500,5,0.00,,"{""creditLessThan"":0.1,""walletId"":1,""changeGameId"":1,""displayDescriptionOnly"":""1""}",FREE,0.00,,DAILY,,,,0.5090211281604399,0
https://richspinau.com,RICHSPINAU,849037,<b>UUSLOT 30 FREE SPIN⭐<b>,,0.10,0.1,100,10,0.00,,"{""freeRoundAPI"":{""site"":""UUS2"",""params"":{""GameCode"":""10054"",""RoundType"":1,""TotalRound"":30,""BetValue"":1,""LineBet"":0.02,""MaxWinAmount"":100}},""startDate"":""2025-01-25"",""creditLessThan"":0.01,""displayAngpaoText"":""0"",""walletId"":1,""changeGameId"":1,""displayDescriptionOnly"":""1""}",CUSTOM,0.00,,,,,,0.006202764220146792,0
https://richspinau.com,RICHSPINAU,848999,<b>Download Apps Free,,18.00,18,500,5,0.00,,"{""creditLessThan"":0.5,""displayDescriptionOnly"":""1"",""walletId"":1,""changeGameId"":1,""mobileAppOnly"":""1""}",FREE,0.00,,DAILY,,,,0.5090211281604399,0
https://aus2u.com,Aus2u,845018,NEW MEMBER FREE $88,,88.00,88,880,30,0.00,,"{""creditLessThan"":1,""displayDescriptionOnly"":""1"",""displayAngpaoText"":""0"",""changeGameId"":1,""walletId"":1}",FREE,0.00,,,,,,3.8721296705117987,0
https://aus2u.com,Aus2u,845019,DAILY FREE $3,,3.00,3,188,30,0.00,,"{""creditLessThan"":1,""displayDescriptionOnly"":""1"",""displayAngpaoText"":""0"",""changeGameId"":1,""walletId"":1}",FREE,0.00,,DAILY,,,,0.31481485667994463,0
https://aus2u.com,Aus2u,845021,DAILY APP FREE $5,,5.00,5,188,30,0.00,,"{""displayDescriptionOnly"":""1"",""mobileAppOnly"":""1"",""creditLessThan"":0.1,""displayAngpaoText"":""0"",""changeGameId"":1,""walletId"":1}",FREE,0.00,,DAILY,,,,0.6149039840471789,0
https://aus2u.com,Aus2u,846367,New Register Free Spin 88 !!,,0.10,0.1,300,30,0.00,,"{""freeRoundAPI"":{""site"":""UUS2"",""params"":{""GameCode"":""15076"",""RoundType"":1,""TotalRound"":88,""BetValue"":1,""LineBet"":0.01,""MaxWinAmount"":50}},""creditLessThan"":0.1,""startDate"":""2026-01-01"",""changeGameId"":1,""walletId"":1,""displayDescriptionOnly"":""1"",""displayAngpaoText"":""0""}",CUSTOM,0.00,,,,,,0.0022498427552897437,0
https://aus2u.com,Aus2u,846369,Hours Free Spin !!,,0.10,0.1,50,30,0.00,,"{""freeRoundAPI"":{""site"":""UUS2"",""params"":{""GameCode"":""15076"",""RoundType"":1,""TotalRound"":5,""BetValue"":1,""LineBet"":0.01,""MaxWinAmount"":50}},""creditLessThan"":0.1,""startDate"":""2026-01-01"",""changeGameId"":1,""walletId"":1,""displayDescriptionOnly"":""1"",""displayAngpaoText"":""0""}",CUSTOM,0.00,,HOURLY,,,,0.021127165223361458,0
https://aus2u.com,Aus2u,846370,App Daily Free Spin !!,,0.10,0.1,100,30,0.00,,"{""freeRoundAPI"":{""site"":""UUS2"",""params"":{""GameCode"":""15076"",""RoundType"":1,""TotalRound"":20,""BetValue"":1,""LineBet"":0.01,""MaxWinAmount"":50}},""creditLessThan"":0.1,""startDate"":""2026-01-01"",""changeGameId"":1,""walletId"":1,""displayDescriptionOnly"":""1"",""displayAngpaoText"":""0"",""mobileAppOnly"":1}",CUSTOM,0.00,,DAILY,,,,0.008882878750398795,0
https://cyberpunk369.com,CYBERPUNK369,269919,<b>New 30 Free Spin⭐<b>,,0.10,0.1,100,10,0.00,,"{""freeRoundAPI"":{""site"":""UUS2"",""params"":{""GameCode"":""10054"",""RoundType"":1,""TotalRound"":30,""BetValue"":1,""LineBet"":0.02,""MaxWinAmount"":100}},""startDate"":""2025-01-25"",""creditLessThan"":0.01,""displayAngpaoText"":""0"",""walletId"":1,""changeGameId"":1,""displayDescriptionOnly"":""1""}",CUSTOM,0.00,,,,,,0.006202764220146792,0
https://cyberpunk369.com,CYBERPUNK369,267657,<b> CyberMass Free </b>,,88.00,88,600,15,0.00,,"{""creditLessThan"":0.1,""displayDescriptionOnly"":""1"",""walletId"":1,""changeGameId"":1,""displayAngpaoText"":""1""}",FREE,0.00,,WEEKLY,,,,5.0460430296218215,0
https://cyberpunk369.com,CYBERPUNK369,266828,<b>Download Apps Free</b>,,20.00,20,300,10,0.00,,"{""creditLessThan"":0.1,""displayDescriptionOnly"":""1"",""walletId"":1,""changeGameId"":1,""mobileAppOnly"":""1""}",FREE,0.00,,DAILY,,,,1.4818021759296418,0
https://cyberpunk369.com,CYBERPUNK369,23780,<b>Hourly Bonus</b>,,3.00,3,50,10,0.00,,"{""displayDescriptionOnly"":""1"",""displayAngpaoText"":""1"",""walletId"":1,""changeGameId"":1,""creditLessThan"":0.1,""resetHour"":2}",FREE,0.00,,HOURLY,,,,1.1509900370660882,0
https://cyberpunk369.com,CYBERPUNK369,16437,<b>Check-in Bonus MONDAY</b>,,10.00,10,100,9,0.00,,"{""claimTime"":""N=1"",""displayDescriptionOnly"":""1"",""displayAngpaoText"":""0"",""creditLessThan"":0.1,""walletId"":1,""changeGameId"":1}",FREE,0.00,,WEEKLY,,,,2.2571337192319896,0
https://cyberpunk369.com,CYBERPUNK369,26827,<b>AEP ALL SLOT </b>,,5.00,5,100,20,0.00,,"{""displayAngpaoText"":""1"",""displayDescriptionOnly"":""1"",""creditLessThan"":0.1,""registerDate"":""2024-01-01"",""mobileAppOnly"":""0"",""mustJoinTelegramChannel"":""auspokiesentertaintment""}",FREE,0.00,,,,,,1.200121248138004,0
https://panda95au.com,Panda95 AU,104326,Weekly Commission,,0.85,0.85,0,899,4.25,,"{""customBonus"":""commissionweek"",""creditLessThan"":0.1,""displayDescriptionOnly"":""1"",""startDate"":""2025-11-04""}",CUSTOM,5.00,,WEEKLY,,,,13.972558437398723,0
https://panda95au.com,Panda95 AU,0,Pau Pau Rescue Rebate,REBATE,,0.17,,500,,,,,,,,,,,9.92365299547909,0
https://panda95au.com,Panda95 AU,0,Pau Pau Rescue Rebate,REBATE,,0.22,,500,,,,,,,,,,,13.746537359809707,0
https://in8.one,IN8,463893,New Register Free,,18.00,18,90,18,90.00,,"{""displayDescriptionOnly"":""1"",""creditLessThan"":0.01,""walletId"":1,""changeGameId"":1}",FREE,0.00,,,,,,0.0349876446473443,0
https://in8.one,IN8,796828,FACEBOOK LIMITED BONUS,,8.00,8,80,10,0.00,,"{""displayDescriptionOnly"":""1"",""creditLessThan"":0.01,""walletId"":1,""changeGameId"":1}",FREE,0.00,,DAILY,,,,2.316654479144853,0
https://in8.one,IN8,795594,TELEGRAM LIMITED BONUS,,10.00,10,288,20,0.00,,"{""displayDescriptionOnly"":""1"",""creditLessThan"":0.01,""walletId"":1,""changeGameId"":1}",FREE,0.00,,DAILY,,,,0.7954633400358477,0
https://trust88au.com,ITRUST88,764806,<B>FREE 88 SPIN MASTER (UUSLOT)</B>,,0.10,0.1,100,10,0.00,,"{""freeRoundAPI"":{""site"":""UUS2"",""params"":{""GameCode"":""10052"",""RoundType"":1,""TotalRound"":88,""BetValue"":1,""LineBet"":0.01,""MaxWinAmount"":150}},""startDate"":""2025-11-25"",""creditLessThan"":0.1,""displayAngpaoText"":""0"",""walletId"":1,""changeGameId"":1,""displayDescriptionOnly"":""1""}",CUSTOM,0.00,,DAILY,,,,0.006202764220146792,0
https://trust88au.com,ITRUST88,849335,<B>Welcome Back Free,,100.00,100,800,20,0.00,,"{""creditLessThan"":0.1,""displayDescriptionOnly"":""1"",""registerBeforeDate"":""2026-06-01"",""changeGameId"":1,""walletId"":1}",FREE,0.00,,,,,,4.573274758747294,0
https://trust88au.com,ITRUST88,165605,<B>Daily Free Credit,,20.00,20,300,15,0.00,,"{""creditLessThan"":0.1,""displayDescriptionOnly"":""1"",""changeGameId"":1,""walletId"":1}",FREE,0.00,,DAILY,,,,1.713347554490281,0
https://trust88au.com,ITRUST88,833316,<b>Hourly Free Credit,,5.00,5,50,10,0.00,,"{""creditLessThan"":0.1,""displayDescriptionOnly"":""1"",""changeGameId"":1,""walletId"":1}",FREE,0.00,,HOURLY,,,,2.248141548510455,0
https://crn7.com,CRN7,846269,<b>DAILY LUCKY BOX FREE</b>,,18.00,18,188,10,0.00,,"{""displayDescriptionOnly"":""1"",""creditLessThan"":0.1,""registerDate"":""2023-12-1"",""fixRT"":1,""mobileAppOnly"":""0"",""displayAngpaoText"":""0"",""walletId"":1,""changeGameId"":1}",FREE,0.00,,DAILY,,,,2.313670483768583,0
https://crn7.com,CRN7,845695,<b>DOWNLOAD APP</b>,,18.00,18,188,20,0.00,,"{""displayDescriptionOnly"":""1"",""creditLessThan"":0.5,""mobileAppOnly"":""1"",""fixRT"":1,""displayAngpaoText"":""0"",""userTag"":{""offFor"":""FreeHunter""},""changeGameId"":1,""walletId"":1}",FREE,0.00,,,,,,2.937585215350713,0
https://crn7.com,CRN7,237457,<b>SHARE & GET</b>,,20,20,200,20,0.00,,"{""customBonus"":""sharebonus"",""creditLessThan"":0.1,""showIfAmount"":1,""displayDescriptionOnly"":""1"",""displayAngpaoText"":""1"",""mobileAppOnly"":""0"",""startDate"":""2025-04-14"",""walletId"":1,""changeGameId"":1,""maxWithdrawTimeAmount"":1}",CUSTOM,0.00,,,,,,3.1231530660617652,0
https://thestar.asia,TheStar,229154,FREE SPIN 365 DAYS,,377.00,377,3777,20,0.00,,"{""creditLessThan"":0.1,""displayDescriptionOnly"":""1"",""displayAngpaoText"":""1"",""walletId"":1,""changeGameId"":1,""mobileAppOnly"":""0""}",FREE,0.00,,DAILY,,,,3.7345832540718886,0
https://thestar.asia,TheStar,132292,App Free Bonus,,777.00,777,7777,20,0.00,,"{""creditLessThan"":0.1,""displayDescriptionOnly"":""1"",""displayAngpaoText"":""1"",""walletId"":1,""changeGameId"":1,""mobileAppOnly"":""1""}",FREE,0.00,,DAILY,,,,3.893729558135782,0
https://aud99.com,Aud99,0,Rollover Rebate,REBATE,,0.13,,,,,,,,,,,,,9.37437321113813,1
https://aud99.com,Aud99,0,Daily Bet Rebate,REBATE,,0.13,,599,,,,,,,,,,,7.280502246217325,1
https://g9aus.com,Gwin9,0,Rollover Rebate,REBATE,,0.12,,999,,,,,,,,,,,7.107913914228184,0
https://dolphin88.co,Dolphin88,767719,<b>365 Daily App Bonus</b>,,40.88,40.88,1588,8.8,0.00,,"{""creditLessThan"":""0.10"",""mobileAppOnly"":""1"",""displayDescriptionOnly"":""1"",""walletId"":1,""changeGameId"":1}",FREE,0.00,,DAILY,,,,0.44968462803958664,0
https://dolphin88.co,Dolphin88,156000,<b>Download App Bonus</b>,,5.00,5,300,20,0.00,,"{""creditLessThan"":""0.10"",""mobileAppOnly"":""1"",""displayDescriptionOnly"":""1"",""walletId"":1,""changeGameId"":1}",FREE,0.00,,,,,,0.30396498381466175,0
https://dolphin88.co,Dolphin88,145970,<b>Daily Free $38.88 </b>,,38.88,38.88,1088,8.8,0.00,,"{""walletId"":1,""changeGameId"":1,""creditLessThan"":0.1,""displayDescriptionOnly"":""1""}",FREE,0.00,,DAILY,,,,0.6753956605166789,0
https://mrpokies77.com,MR.POKIES77,215809,<b>Monday</b>,,10.00,10,1000,20.15,0.00,,"{""claimTime"":""N=1"",""creditLessThan"":0.01,""mobileAppOnly"":""1"",""walletId"":1,""changeGameId"":1,""displayDescriptionOnly"":""1""}",FREE,0.00,,WEEKLY,,,,0.1682189374487242,0
https://mrpokies77.com,MR.POKIES77,802837,<b>Restore Maintenance Bonus</b>,,8.00,8,500,8,0.00,,"{""displayDescriptionOnly"":""1"",""walletId"":1,""changeGameId"":1}",FREE,0.00,,,,,,0.2148104872235273,0
https://mrpokies77.com,MR.POKIES77,180941,<b>FREE 365</b>,,5.00,5,100,0.05,0.00,,"{""creditLessThan"":0.1,""displayDescriptionOnly"":""1"",""displayAngpaoText"":""1""}",FREE,0.00,,DAILY,,,,0.019232610012774754,0
https://mrpokies77.com,MR.POKIES77,213611,<b>Download Apps Daily</b>,,20.00,20,500,5,0.00,,"{""creditLessThan"":0.1,""displayDescriptionOnly"":""1"",""registerDate"":""2024-06-17"",""walletId"":1,""changeGameld"":1,""mobileAppOnly"":""1"",""displayAngpaoText"":""1""}",FREE,0.00,,DAILY,,,,0.5846942029551774,0
https://mrpokies77.com,MR.POKIES77,835455,<b>▶️REFRESHING FREE</b>,,88.00,88,600,15,0.00,,"{""creditLessThan"":0.1,""displayDescriptionOnly"":""1"",""walletId"":1,""changeGameId"":1,""displayAngpaoText"":""1""}",FREE,0.00,,WEEKLY,,,,5.0460430296218215,0
https://speedau.live,SpeedAU,222157,<B>Free 365Days</B>,,4.00,4,100,0.05,0.00,,"{""creditLessThan"":0.1,""displayDescriptionOnly"":""1"",""walletId"":1,""changeGameId"":1,""displayAngpaoText"":""1""}",FREE,0.00,,DAILY,,,,0.014351859507490763,0
https://speedau.live,SpeedAU,741762,<b>Subscribe Bonus</b>,,30.00,30,200,30,0.00,,"{""displayAngpaoText"":""0"",""displayDescriptionOnly"":""1"",""creditLessThan"":0.1,""mustJoinTelegramChannel"":""companyspeedau"",""walletId"":1,""changeGameId"":1}",FREE,0.00,,,,,,6.004171509496215,0
https://starspin996.com,StarSpin996,830994,<b>Starspin996 Download APP Free</b>,,10.00,10,800,30,0.00,,"{""creditLessThan"":0.1,""displayDescriptionOnly"":""1"",""registerDate"":""2021-04-05"",""displayAngpaoText"":""1"",""mobileAppOnly"":""1""}",FREE,0.00,,,,,,0.2501945175456468,0
https://starspin996.com,StarSpin996,786863,<b>Starspin996 APP BONUS</b>,,20.00,20,400,20,0.00,,"{""creditLessThan"":1,""displayDescriptionOnly"":""1"",""mobileAppOnly"":""1"",""displayAngpaoText"":""1"",""ignoreTrxAmount"":1,""startDate"":""2026-03-09""}",FREE,0.00,,DAILY,30.00,,,1.313124108769993,0
https://starspin996.com,StarSpin996,483191,<b>Free Credit 109.96 #C</b>,,109.96,109.96,880,15,0.00,,"{""creditLessThan"":1,""displayDescriptionOnly"":""1"",""displayAngpaoText"":""1"",""walletId"":1,""changeGameId"":1}",FREE,0.00,,DAILY,,,,4.187176992025572,0
https://skygate9au.com,SkyGate9,0,Rollover Rebate,REBATE,,0.11,,500,,,,,,,,,,,5.733076203468725,0
https://skygate9au.com,SkyGate9,0,Rollover Rebate,REBATE,,0.11,,500,,,,,,,,,,,5.733076203468725,0
https://skygate9au.com,SkyGate9,0,Rollover Rebate,REBATE,,0.14,,500,,,,,,,,,,,7.7678836462507475,0
https://skygate9au.com,SkyGate9,0,Rollover Rebate,REBATE,,0.22,,500,,,,,,,,,,,13.746537359809707,0
https://win99aud.com,WIN99AUD,796904,<b>Maintenance bonus</b>,,20.00,20,400,15,0.00,,"{""creditLessThan"":0.1,""displayDescriptionOnly"":""1"",""displayAngpaoText"":""1"",""changeGameId"":1,""walletId"":1}",FREE,0.00,,,,,,1.195837169654516,0
https://win99aud.com,WIN99AUD,180311,<b>Apps Angpao $5</b>,,5.00,5,200,20,0.00,,"{""displayDescriptionOnly"":""1"",""displayAngpaoText"":""1"",""mobileAppOnly"":""1"",""walletId"":1,""changeGameId"":1}",FREE,0.00,,,,,,0.5045888277145305,0
https://win99aud.com,WIN99AUD,122337,<b>FREE 365 DAY</b>,,20.00,20,600,15,0.00,,"{""creditLessThan"":0.1,""displayDescriptionOnly"":""1"",""displayAngpaoText"":""1"",""changeGameId"":1,""walletId"":1}",FREE,0.00,,DAILY,,,,0.7203739083272979,0
https://win99aud.com,WIN99AUD,714578,<b>Telegram Free $100<b>,,100.00,100,1000,15,0.00,,"{""displayAngpaoText"":""0"",""displayDescriptionOnly"":""1"",""creditLessThan"":0.1,""registerDate"":""2024-01-01"",""mobileAppOnly"":""0"",""mustJoinTelegramChannel"":""Aus55Channel"",""changeGameId"":1,""walletId"":1}",FREE,0.00,,,,,,3.151055490713614,0
https://mee88aus.com,MEE88 AUS,80698,HOURLY FREE CREDIT $23,,23.00,23,800,10,0.00,,"{""displayAngpaoText"":""0"",""walletId"":1,""changeGameId"":1,""mobileAppOnly"":""0"",""displayDescriptionOnly"":""1""}",FREE,0.00,,HOURLY,,,,0.522597244380408,0
https://mee88aus.com,MEE88 AUS,0,DAILY ROLLOVER REBATE,REBATE,,0.1,,388,,,,,,,,,,,4.878227648207276,0
https://jackpotau.com,JACKPOTAU,771378,WELCOME BACK FREE,,100.00,100,2000,20,0.00,,"{""displayAngpaoText"":""0"",""displayDescriptionOnly"":""1"",""changeGameId"":1,""walletId"":1}",FREE,0.00,,MONTHLY,,,,1.4547966200963671,0
https://jackpotau.com,JACKPOTAU,487171,Everyday Free Chip,,10.00,10,168,15,0.00,,"{""displayDescriptionOnly"":""1"",""displayAngpaoText"":""1"",""changeGameId"":1,""walletId"":1}",FREE,0.00,,DAILY,,,,1.4209881303431244,0
https://inskingdom8.com,INSKINGDOM8,461126,<b>Daily Free Credit,,10.00,10,150,10,0.00,,"{""creditLessThan"":0.1,""displayDescriptionOnly"":""1"",""changeGameId"":1,""walletId"":1}",FREE,0.00,,DAILY,,,,1.415982016626591,0
https://inskingdom8.com,INSKINGDOM8,237229,<B>Download Apps Free,,50.00,50,500,10,0.00,,"{""creditLessThan"":0.1,""displayDescriptionOnly"":""1"",""walletId"":1,""changeGameId"":1,""displayAngpaoText"":""1"",""mobileAppOnly"":""1""}",FREE,0.00,,,,,,2.60975639940788,0
https://riches88.live,RICHES88,197659,<b>365 Day Free </b>,,10.00,10,450,10.01,0.00,,"{""creditLessThan"":0.1,""changeGameld"":1,""displayDescriptionOnly"":""1"",""changeGameId"":1,""walletId"":1}",FREE,0.00,,DAILY,,,,0.3587737939829095,0
https://riches88.live,RICHES88,836782,<b>⭐DAILY HOUR FREE,,3.00,3,50,10,0.00,,"{""creditLessThan"":0.1,""walletId"":1,""changeGameId"":1,""displayAngpaoText"":""1"",""displayDescriptionOnly"":""1""}",FREE,0.00,,HOURLY,,,,1.1509900370660882,0
https://riches88.live,RICHES88,763676,<b>Download Apps Free</b>,,20.00,20,600,5,0.00,,"{""creditLessThan"":0.5,""displayDescriptionOnly"":""1"",""mobileAppOnly"":""1"",""changeGameId"":1,""walletId"":1}",FREE,0.00,,DAILY,,,,0.4655348848810012,0
https://riches88.live,RICHES88,712165,<b>TELEGRAM FREE</b>,,100.00,100,800,10,0.00,,"{""mustJoinTelegramChannel"":""riches88au"",""changeGameld"":1,""displayDescriptionOnly"":""1"",""changeGameId"":1,""walletId"":1}",FREE,0.00,,,,,,3.6019553639448203,0
https://audwin9.com,AUDWIN9,134746,VIP Daily Free Credit $19.99,,19.99,19.99,139,9,0.00,,"{""creditLessThan"":0.5,""displayDescriptionOnly"":""1"",""offUsernames"":[""195295275"",""185529750""],""displayAngpaoText"":""0"",""changeGameId"":1,""walletId"":1}",FREE,0.00,,DAILY,,,,3.719829734402207,0
https://9pokies.com,9POKIES,845285,<b>BONZA SCRATCHIE FREE</b>,,31.00,31,310,31,0.00,,"{""displayDescriptionOnly"":""1"",""displayAngpaoText"":""1"",""creditLessThan"":""1""}",FREE,0.00,,,,,,3.6581146593703866,0
https://pokiesbillion.com,POKIESBILLION,241382,<b>Download PokiesBillion APK</b>,,20.00,20,450,10,0.00,,"{""creditLessThan"":0.1,""displayDescriptionOnly"":""1"",""registerDate"":""2024-06-17"",""walletId"":1,""changeGameId"":1,""mobileAppOnly"":""1"",""displayAngpaoText"":""1""}",FREE,0.00,,DAILY,,,,0.8926396100823013,0
https://pokiesbillion.com,POKIESBILLION,786911,<b>✅Hourly Free,,3.00,3,100,3,0.00,,"{""creditLessThan"":0.1,""walletId"":1,""changeGameld"":1,""displayAngpaoText"":""1"",""displayDescriptionOnly"":""1""}",FREE,0.00,,HOURLY,,,,0.2797752645108979,0
https://pokiesbillion.com,POKIESBILLION,802814,<b>Restore Maintenance Bonus</b>,,8.00,8,450,10,0.00,,"{""displayDescriptionOnly"":""1"",""walletId"":1,""changeGameId"":1}",FREE,0.00,,,,,,0.2674287575537815,0
https://pokiesbillion.com,POKIESBILLION,236699,<b>Free All Slot 365Days,,3.00,3,150,10,0.00,,"{""creditLessThan"":0.1,""displayDescriptionOnly"":""1"",""displayAngpaoText"":""1""}",FREE,0.00,,DAILY,,,,0.2915211013307543,0
https://pokiesbillion.com,POKIESBILLION,838022,<b>▶️Billion Appreciate 1</b>,,38.00,38,500,10,0.00,,"{""creditLessThan"":0.1,""displayDescriptionOnly"":""1"",""walletId"":1,""changeGameId"":1,""displayAngpaoText"":""1""}",FREE,0.00,,WEEKLY,,,,1.8197314677822884,0
https://king88pokies.com,King88,176794,"<b style=""color:#FFD700"">Special Hourly Free</b>",,2.88,2.88,388,20,0.00,,"{""creditLessThan"":0.1,""mobileAppOnly"":""1"",""displayAngpaoText"":""1"",""walletId"":1,""changeGameId"":1}",FREE,0.00,,HOURLY,,,,0.10696598630563894,0
https://king88pokies.com,King88,828179,"<b style=""color:#FFD700"">Special Daily Free</b>",,8.88,8.88,588,20,0.00,,"{""creditLessThan"":0.1,""mobileAppOnly"":""1"",""displayAngpaoText"":""1"",""walletId"":1,""changeGameId"":1}",FREE,0.00,,DAILY,,,,0.27879812123321696,0
https://king88pokies.com,King88,106531,"<b style=""color:#FFD700""> Share & Free</b>",,8,8,80,20,0.00,,"{""customBonus"":""sharebonus"",""creditLessThan"":0.1,""startDate"":""2024-02-01"",""mobileAppOnly"":""1"",""maxCount"":3,""displayAngpaoText"":""1"",""walletId"":1,""changeGameId"":1}",CUSTOM,0.00,,,,,,2.941373888267406,0
https://okwin33.com,OKWIN33,847878,<b>OKWIN33 2nd Anniversary</b>,,66.00,66,1320,30,0.00,,"{""fixRT"":1,""walletId"":1,""changeGameId"":1,""displayDescriptionOnly"":""1"",""creditLessThan"":0.1,""startDate"":""2023-06-01"",""displayAngpaoText"":""0"",""mobileAppOnly"":""1""}",FREE,0.00,,,,,,1.5991409910236405,0
https://okwin33.com,OKWIN33,845640,<b>NEW IOS & ANDROID APPS BONUS</b>,,26.00,26,468,26,0.00,,"{""creditLessThan"":1,""displayDescriptionOnly"":""1"",""mobileAppOnly"":""1"",""walletId"":1,""changeGameId"":1,""displayAngpaoText"":""1""}",FREE,0.00,,,,,,1.649615333921214,0
https://luckymate88.com,Luckymate88,846592,Daily Free $5 MW 3.99,,5.00,5,100,3.99,0.00,,"{""creditLessThan"":0.1,""displayDescriptionOnly"":""1"",""claimGroup"":""dailyfree1"",""changeGameId"":1,""walletId"":1}",FREE,0.00,,DAILY,,,,0.6336356620086705,0
https://luckymate88.com,Luckymate88,846597,Daily Free $7 MW 9.99,,7.00,7,100,9.99,0.00,,"{""creditLessThan"":0.1,""displayDescriptionOnly"":""1"",""claimGroup"":""dailyfree1"",""changeGameId"":1,""walletId"":1}",FREE,0.00,,DAILY,,,,1.470015600891072,0
https://luckymate88.com,Luckymate88,847257,WELCOME BACK,,0.20,0.2,200,0.05,0.00,,"{""freeRoundAPI"":{""site"":""UUS2"",""params"":{""GameCode"":""10075"",""RoundType"":2,""TotalRound"":1,""BetValue"":1,""LineBet"":0.01,""MaxWinAmount"":100}},""creditLessThan"":0.1,""displayAngpaoText"":""1"",""walletId"":1,""changeGameId"":1,""displayDescriptionOnly"":""1""}",FREE,0.00,,,,,,0.00012715414575902538,0
https://luckymate88.com,Luckymate88,720142,(Download APP) Free $10,,10.00,10,150,3.99,0.00,,"{""creditLessThan"":0.1,""mobileAppOnly"":""1"",""displayDescriptionOnly"":""1"",""displayAngpaoText"":""1"",""changeGameId"":1,""walletId"":1}",FREE,0.00,,WEEKLY,,,,0.9492075683724848,0
https://ezspin68.vip,Ezspin68,470005,<b>EZ Free Credit</b>,,199.00,199,1990,10,0.00,,"{""creditLessThan"":1,""displayDescriptionOnly"":""1"",""mobileAppOnly"":""1"",""walletId"":1,""changeGameId"":1,""displayAngpaoText"":""0""}",FREE,0.00,,DAILY,,,,2.840657533684931,0
https://ezspin68.vip,Ezspin68,238932,<b>Free Chips</b>,,9.99,9.99,999,10,0.00,,"{""creditLessThan"":1,""displayDescriptionOnly"":""1"",""mobileAppOnly"":""1"",""walletId"":1,""changeGameId"":1}",FREE,0.00,,DAILY,,,,0.13217320343825856,0
https://luxeau777.com,LUXEAU777,230235,<b>Free Slot 365Days,,3.00,3,150,10,0.00,,"{""creditLessThan"":0.1,""displayDescriptionOnly"":""1"",""displayAngpaoText"":""1""}",FREE,0.00,,DAILY,,,,0.2915211013307543,0
https://luxeau777.com,LUXEAU777,447384,<b>Luxury Event Giveaway</b>,,18.00,18,250,10,0.00,,"{""displayDescriptionOnly"":""1"",""walletId"":1,""changeGameId"":1}",FREE,0.00,,WEEKLY,,,,1.6202193214695504,0
https://luxeau777.com,LUXEAU777,775516,<b>Download Luxeau777 APK</b>,,20.00,20,450,10,0.00,,"{""creditLessThan"":0.1,""displayDescriptionOnly"":""1"",""registerDate"":""2024-06-17"",""walletId"":1,""changeGameId"":1,""mobileAppOnly"":""1"",""displayAngpaoText"":""1""}",FREE,0.00,,DAILY,,,,0.8926396100823013,0
https://ubet96.com,Ubet AUS,704577,APP BONUS,,10.00,10,289,19,0.00,,"{""creditLessThan"":0.1,""mobileAppOnly"":""1"",""displayAngpaoText"":""0"",""changeGameId"":1,""walletId"":1}",FREE,0.00,,,,,,0.7793316153788195,0
https://ubet96.com,Ubet AUS,103789,1 Share Free $6,,6,6,108,20,0.00,,"{""customBonus"":""sharebonus"",""creditLessThan"":0.1,""startDate"":""2024-01-10"",""displayAngpaoText"":""0"",""mobileAppOnly"":""1"",""maxCount"":3,""changeGameId"":1,""walletId"":1}",CUSTOM,0.00,,,,,,1.3849206226456783,0
https://ubet96.com,Ubet AUS,847129,Daily Check In,,12.00,12,360,10,0.00,,"{""walletId"":1,""changeGameId"":1,""creditLessThan"":0.1,""displayAngpaoText"":""1"",""displayDescriptionOnly"":""0""}",FREE,0.00,,DAILY,,,,0.6024965831044992,0
https://ezaud.com,EzAud (AUD),738530,FREE CREDIT 365 DAYS,,15.00,15,250,15,0.00,,"{""walletId"":1,""changeGameId"":1,""displayDescriptionOnly"":""1"",""creditLessThan"":1}",FREE,0.00,,DAILY,,,,1.4738702003434807,0
https://ezaud.com,EzAud (AUD),185876,REFER & EARN,,10,10,200,20,0.00,,"{""walletId"":1,""changeGameId"":1,""customBonus"":""sharebonus"",""creditLessThan"":0.1,""startDate"":""2024-12-01"",""displayDescriptionOnly"":""1""}",CUSTOM,0.00,,,,,,1.2547964592173841,0
https://top1cas.com,AUSBET96 GAMING & Pokies Hub,483401,<b>NEW FREEBIE WARM-UP</b>,,89.98,89.98,1088,18,0.00,,"{""creditLessThan"":""1"",""displayDescriptionOnly"":""1"",""mobileAppOnly"":""1"",""displayAngpaoText"":""1"",""walletId"":1,""changeGameId"":1}",FREE,0.00,,,,,,2.6220859419551763,0
https://penguin88.club,PENGUIN88,129048,<b>Daily Free 365Days</b>,,10.00,10,555,23,0.00,,"{""walletId"":1,""changeGameId"":1,""creditLessThan"":0.1,""displayDescriptionOnly"":""1"",""registerDate"":""2023-10-01""}",FREE,0.00,,DAILY,,,,0.36570981837787514,0
https://penguin88.club,PENGUIN88,129046,<b>SHARE BONUS</b>,,1,1,15,20,0.00,,"{""customBonus"":""sharebonus"",""creditLessThan"":1,""startDate"":""2024-02-01"",""walletId"":1,""changeGameId"":1}",CUSTOM,0.00,,,,,,1.577501938388805,0
https://penguin88.club,PENGUIN88,140065,<b>Download APP</b>,,8.00,8,300,20,0.00,,"{""walletId"":1,""changeGameId"":1,""creditLessThan"":""0.10"",""mobileAppOnly"":""1"",""displayDescriptionOnly"":""1"",""displayAngpaoText"":""1""}",FREE,0.00,,,,,,0.563652124200173,0
https://we1winau.com,We1winAU,16642,<b>Daily Free Credit<b>,,5.00,5,50,0.05,0.00,,"{""displayDescriptionOnly"":""1"",""displayAngpaoText"":""1"",""creditLessThan"":0.1,""walletId"":1,""changeGameId"":1}",FREE,0.00,,DAILY,,,,0.04574311333452862,0
https://we1winau.com,We1winAU,16665,<b>We1winAU Download APP Free<b>,,20.00,20,200,10,0.00,,"{""mobileAppOnly"":""1"",""displayAngpaoText"":""1"",""displayDescriptionOnly"":""1"",""creditLessThan"":0.1,""walletId"":1,""changeGameId"":1}",FREE,0.00,,,,,,2.4598255150108943,0
https://u88aud.com,U88AUD,25859,<b>Daily Free Credit<b>,,5.00,5,50,0.05,0.00,,"{""displayDescriptionOnly"":""1"",""displayAngpaoText"":""1"",""creditLessThan"":0.1,""walletId"":1,""changeGameId"":1}",FREE,0.00,,DAILY,,,,0.04574311333452862,0
https://u88aud.com,U88AUD,25897,<b>U88AUD Download APP Free<b>,,20.00,20,200,10,0.00,,"{""mobileAppOnly"":""1"",""displayAngpaoText"":""1"",""displayDescriptionOnly"":""0"",""creditLessThan"":0.1,""walletId"":1,""changeGameId"":1}",FREE,0.00,,,,,,2.4598255150108943,0
https://gold77au.com,GOLD77,162187,"<b style=""color:#;"">Daily Free Chip</b>",,777.00,777,9324,10,0.00,,"{""startDate"":""2023-11-15"",""creditLessThan"":0.05,""displayDescriptionOnly"":""1"",""walletId"":1,""changeGameId"":1}",FREE,0.00,,DAILY,,,,2.4444947509897736,0
https://rubyaud.com,RUBY,483645,<b> Ruby Giveaway</b>,,18.00,18,300,10,0.00,,"{""creditLessThan"":0.1,""displayDescriptionOnly"":""1"",""walletId"":1,""changeGameId"":1}",FREE,0.00,,WEEKLY,,,,1.2900223937402764,0
https://rubyaud.com,RUBY,748034,<b> Download Apps Free </b>,,20.00,20,500,10,0.00,,"{""creditLessThan"":0.1,""displayDescriptionOnly"":""1"",""walletId"":1,""changeGameId"":1,""mobileAppOnly"":""1""}",FREE,0.00,,DAILY,,,,0.7824908919849999,0
https://rubyaud.com,RUBY,140758,<b>Free 365</b>,,2.00,2,100,10,0.00,,"{""creditLessThan"":0.1,""displayDescriptionOnly"":""1""}",FREE,0.00,,DAILY,,,,0.2850195147445152,0
https://neiro55.com,NEIRO55,838056,"<b style=""color:RED;"">MONDAY</b>",,10.00,10,777,15,0.00,,"{""claimTime"":""N=1"",""creditLessThan"":0.01,""displayDescriptionOnly"":""1"",""changeGameId"":1,""walletId"":1}",FREE,0.00,,WEEKLY,,,,0.20950808098223528,0
https://neiro55.com,NEIRO55,179616,<b>Daily Free</b>,,25.00,25,500,10,0.00,,"{""displayDescriptionOnly"":""1"",""creditLessThan"":0.1,""displayAngpaoText"":""1"",""ignoreTrxAmount"":1,""changeGameId"":1,""walletId"":1}",FREE,0.00,,DAILY,,,,1.0494025324877412,0
https://neiro55.com,NEIRO55,179540,<b>For Android Member</b>,,35.00,35,700,10,0.00,,"{""displayDescriptionOnly"":""1"",""displayAngpaoText"":""1"",""mobileAppOnly"":""1"",""ignoreTrxAmount"":1,""changeGameId"":1,""walletId"":1}",FREE,0.00,,DAILY,,,,1.0725220628137517,0
https://harbour33.com,HARBOUR33,135990,<b>⭐DAILY HOUR FREE,,4.00,4,50,10,0.00,,"{""creditLessThan"":0.1,""walletId"":1,""changeGameId"":1,""displayAngpaoText"":""1"",""displayDescriptionOnly"":""1""}",FREE,0.00,,HOURLY,,,,1.6776200232700398,0
https://harbour33.com,HARBOUR33,815675,<B>Apps Daily Free</B>,,15.00,15,500,10.01,0.00,,"{""creditLessThan"":0.1,""walletId"":1,""changeGameId"":1,""displayDescriptionOnly"":""1"",""mobileAppOnly"":""1""}",FREE,0.00,,,,,,0.536143501779564,0
https://hollywoodaus.com,HOLLYWOOD,749961,<b>VIP Free 38</b>,,38.00,38,1080,15,0.00,,"{""creditLessThan"":0.1,""changeGameid"":1,""displayDescriptionOnly"":""0"",""changeGameId"":1,""walletId"":1}",FREE,0.00,,DAILY,,,,0.803517532020747,0
https://hollywoodaus.com,HOLLYWOOD,137505,<b>FREE 365</b>,,2.00,2,100,20,0.00,,"{""creditLessThan"":0.1,""displayDescriptionOnly"":""1""}",FREE,0.00,,DAILY,,,,0.36187915196815357,0
https://hollywoodaus.com,HOLLYWOOD,464725,"<b style=""color:gold;"">Download APK</b>",,20.00,20,400,10,0.00,,"{""creditLessThan"":0.1,""displayDescriptionOnly"":""1"",""registerDate"":""2024-04-22"",""changeGameid"":1,""mobileAppOnly"":""1"",""displayAngpaoText"":""1"",""changeGameId"":1,""walletId"":1}",FREE,0.00,,DAILY,,,,1.0342292288611417,0
https://topaz33.com,TOPAZ33,142233,<b>FREE 365</b>,,5.00,5,200,20,0.00,,"{""creditLessThan"":0.1,""displayDescriptionOnly"":""1"",""walletId"":1,""changeGameid"":1}",FREE,0.00,,DAILY,,,,0.5045888277145305,0
https://topaz33.com,TOPAZ33,836390,<b>⭐DAILY HOUR FREE,,3.00,3,50,10,0.00,,"{""creditLessThan"":0.1,""walletId"":1,""changeGameId"":1,""displayAngpaoText"":""1"",""displayDescriptionOnly"":""1""}",FREE,0.00,,HOURLY,,,,1.1509900370660882,0
https://topaz33.com,TOPAZ33,763678,<b>Download Apps Free</b>,,20.00,20,600,5,0.00,,"{""creditLessThan"":0.5,""displayDescriptionOnly"":""1"",""walletId"":1,""changeGameId"":1,""mobileAppOnly"":""1""}",FREE,0.00,,DAILY,,,,0.4655348848810012,0
https://vip777au.com,VIP777AU,484053,<b>Vip777au Giveaway </b>,,18.00,18,300,10,0.00,,"{""creditLessThan"":0.1,""walletId"":1,""changeGameId"":1,""displayDescriptionOnly"":""1""}",FREE,0.00,,WEEKLY,,,,1.2900223937402764,0
https://vip777au.com,VIP777AU,175472,<b>Free All Slot 365Days</b>,,5.00,5,100,0.05,0.00,,"{""creditLessThan"":0.1,""displayDescriptionOnly"":""1""}",FREE,0.00,,DAILY,,,,0.019232610012774754,0
https://vip777au.com,VIP777AU,448901,<b>▶️Download Apps Free,,20.00,20,600,5,0.00,,"{""creditLessThan"":0.5,""displayDescriptionOnly"":""1"",""walletId"":1,""changeGameId"":1,""mobileAppOnly"":""1""}",FREE,0.00,,DAILY,,,,0.4655348848810012,0
https://vip777au.com,VIP777AU,198718,<b>VIP BONUS </b>,,2,2,200,200,0.00,,"{""customBonus"":""manual"",""displayAngpaoText"":""0"",""displayDescriptionOnly"":""1"",""creditLessThan"":0,""fixRT"":1}",CUSTOM,0.00,,DAILY,,,,0.26503515720048193,0
https://spinup77.com,SPINUP77,151143,<b>Daily Free</b>,,27.00,27,577,10,0.00,,"{""creditLessThan"":0.1,""displayDescriptionOnly"":""1"",""ignoreTrxAmount"":1,""changeGameId"":1,""walletId"":1}",FREE,0.00,,DAILY,,,,0.9708184036084225,0
https://spinup77.com,SPINUP77,151127,<b>Download App Bonus</b>,,27.00,27,577,10,0.00,,"{""creditLessThan"":0.1,""displayDescriptionOnly"":""1"",""displayAngpaoText"":""1"",""mobileAppOnly"":""1"",""ignoreTrxAmount"":1,""changeGameId"":1,""walletId"":1}",FREE,0.00,,DAILY,,,,0.9708184036084225,0
https://spinup77.com,SPINUP77,837137,"<b style=""color:RED;"">MONDAY</b>",,10.00,10,777,15,0.00,,"{""claimTime"":""N=1"",""creditLessThan"":0.01,""displayDescriptionOnly"":""1"",""changeGameId"":1,""walletId"":1}",FREE,0.00,,WEEKLY,,,,0.20950808098223528,0
https://betworld96au.com,Betworld96 Australia Online Casino,846014,<b>Welcome Back Bonus<b>,,26.96,26.96,800,8.96,0.00,,"{""creditLessThan"":1,""displayDescriptionOnly"":""1"",""walletId"":1,""changeGameId"":1,""displayAngpaoText"":""1""}",FREE,0.00,,,,,,0.6173443416167699,0
https://betworld96au.com,Betworld96 Australia Online Casino,209850,Install Betworld96 To Claim Free AUD 18.96,,18.96,18.96,379.2,20,0.00,,"{""mobileAppOnly"":""1"",""walletId"":1,""changeGameId"":1,""displayAngpaoText"":""0"",""displayDescriptionOnly"":""1""}",FREE,0.00,,,,,,1.3085425077050103,0
https://audgaming8.com,AUDGAMING,166795,<b>Daily Free Credit</b>,,10.00,10,600,10,0.00,,"{""creditLessThan"":0.1,""walletId"":1,""changeGameId"":1,""displayDescriptionOnly"":""1""}",FREE,0.00,,DAILY,,,,0.2503126214987163,0
https://audgaming8.com,AUDGAMING,773779,<b>Subscribe Bonus II</b>,,30.00,30,600,30,0.00,,"{""displayAngpaoText"":""0"",""displayDescriptionOnly"":""1"",""creditLessThan"":0.1,""mustJoinTelegramChannel"":""igaxspeedau33"",""walletId"":1,""changeGameId"":1}",FREE,0.00,,,,,,1.5207279252292714,0
https://hb88au.com,HB88 PayID Casino Australia,845356,<b>NEW IOS & ANDROID APPS BONUS</b>,,28.00,28,488,28,0.00,,"{""creditLessThan"":1,""displayDescriptionOnly"":""1"",""mobileAppOnly"":""1"",""walletId"":1,""changeGameId"":1,""displayAngpaoText"":""0""}",FREE,0.00,,,,,,1.7632028131881978,0
https://pp99au.com,PP99,16504,PP99 REBATE BALANCE REDEMPTION,,5,5,288.88,50,0.00,,"{""customBonus"":""manual"",""maxWithdrawTimeAmount"":1,""fixRT"":1,""displayDescriptionOnly"":""1"",""showIfAmount"":1}",CUSTOM,0.00,,,,,,0.41153175404209363,0
https://pp99au.com,PP99,28753,APPS DAILY FREE,,30.00,30,600,20,0.00,,"{""creditLessThan"":1,""walletId"":1,""changeGameId"":1,""displayDescriptionOnly"":""1"",""displayAngpaoText"":""1"",""mobileAppOnly"":""1""}",FREE,0.00,,DAILY,,,,1.3482549626236184,0
https://lego66.co,Lego77,150368,<b>Download App Bonus</b>,,26.00,26,466,10,0.00,,"{""creditLessThan"":0.1,""displayDescriptionOnly"":""1"",""displayAngpaoText"":""1"",""mobileAppOnly"":""1"",""ignoreTrxAmount"":1,""changeGameId"":1,""walletId"":1}",FREE,0.00,,DAILY,,,,1.2066244177657415,0
https://lego66.co,Lego77,835598,"<b style=""color:RED;"">MONDAY</b>",,10.00,10,366,15,0.00,,"{""claimTime"":""N=1"",""creditLessThan"":0.01,""displayDescriptionOnly"":""1"",""changeGameId"":1,""walletId"":1}",FREE,0.00,,WEEKLY,,,,0.5368781084052876,0
https://auwin7.com,AUWIN7,241488,App Download Free AUD3,,3.00,3,100,17,0.00,,"{""creditLessThan"":0.1,""displayDescriptionOnly"":""0"",""displayAngpaoText"":""0"",""mobileAppOnly"":""1"",""walletId"":1,""changeGameId"":1}",FREE,0.00,,,,,,0.5833209351345645,0
https://auwin7.com,AUWIN7,64301,Daily Check In Bonus,,16.88,16.88,377,17,0.00,,"{""creditLessThan"":0.1,""mobileAppOnly"":""0"",""displayAngpaoText"":""0"",""displayDescriptionOnly"":""1"",""walletId"":1,""changeGameId"":1}",FREE,0.00,,DAILY,,,,1.0739686464676557,0
https://luck77au.com,LUCK777AU,748035,<b> Download Apps Free </b>,,20.00,20,500,20,0.00,,"{""creditLessThan"":0.1,""displayDescriptionOnly"":""1"",""walletId"":1,""changeGameId"":1,""mobileAppOnly"":""1""}",FREE,0.00,,DAILY,,,,0.9935008859591955,0
https://luck77au.com,LUCK777AU,745211,<b>Luck777au Giveaway</b>,,18.00,18,600,10,0.00,,"{""displayDescriptionOnly"":""1"",""walletId"":1,""changeGameId"":1}",FREE,0.00,,WEEKLY,,,,0.5423876032466072,0
https://vv88aud.io,VV88 AUS,728560,WELCOME BACK FREEBIES,,100.00,100,2000,20,0.00,,"{""displayAngpaoText"":""0"",""walletId"":1,""changeGameId"":1,""displayDescriptionOnly"":""1""}",FREE,0.00,,MONTHLY,,,,1.4547966200963671,0
https://safeau.net,SafeAu,826325,<b>Telegram Free Premium</b>,,66.00,66,3000,66,0.00,,"{""walletId"":1,""changeGameId"":1,""displayAngpaoText"":""0"",""displayDescriptionOnly"":""1"",""creditLessThan"":0.1,""registerDate"":""2022-01-01"",""mustJoinTelegramChannel"":""SafeAuChannel""}",FREE,0.00,,,,,,0.7016785189575544,0
https://safeau.net,SafeAu,219016,<b>Daily Delights</b>,,6.66,6.66,450,15,0.00,,"{""walletId"":1,""changeGameId"":1,""creditLessThan"":0.01,""displayDescriptionOnly"":""1""}",FREE,0.00,,DAILY,,,,0.24300022756739084,0
https://safeau.net,SafeAu,461642,<B>DOWNLOAD APP FREE</B>,,10.00,10,399,15,0.00,,"{""creditLessThan"":0.01,""displayDescriptionOnly"":""1"",""displayAngpaoText"":""1"",""mobileAppOnly"":""1"",""walletId"":1,""changeGameId"":1}",FREE,0.00,,DAILY,,,,0.48195993017267924,0
https://redspin88.com,RedSpin,261145,<b>New Register Free Spin 88 !!<b>,,0.10,0.1,300,30,0.00,,"{""freeRoundAPI"":{""site"":""BNG2"",""params"":{""campaign"":""BNG free spin"",""total_rounds"":88,""game_id"":""496"",""bonus_type"":""FIXED_FREEBET"",""total_bet"":0.2,""round_bet"":0.2}},""displayDescriptionOnly"":""1"",""creditLessThan"":""0.01"",""displayAngpaoText"":""0"",""startDate"":""2026-03-23"",""walletId"":1,""changeGameId"":1}",FREE,0.00,,,,,,0.0022498427552897437,0
https://redspin88.com,RedSpin,261147,<b>Hours Free Spin<b>,,0.10,0.1,50,30,0.00,,"{""freeRoundAPI"":{""site"":""BNG2"",""params"":{""campaign"":""BNG free spin"",""total_rounds"":5,""game_id"":""496"",""bonus_type"":""FIXED_FREEBET"",""total_bet"":0.2,""round_bet"":0.2}},""displayDescriptionOnly"":""1"",""creditLessThan"":""0.01"",""displayAngpaoText"":""0"",""walletId"":1,""changeGameId"":1}",FREE,0.00,,HOURLY,,,,0.021127165223361458,0
https://redspin88.com,RedSpin,261148,<b>App Daily Free Spin<b>,,0.10,0.1,100,30,0.00,,"{""freeRoundAPI"":{""site"":""BNG2"",""params"":{""campaign"":""BNG free spin"",""total_rounds"":20,""game_id"":""496"",""bonus_type"":""FIXED_FREEBET"",""total_bet"":0.2,""round_bet"":0.2}},""displayDescriptionOnly"":""1"",""creditLessThan"":""0.01"",""displayAngpaoText"":""0"",""walletId"":1,""changeGameId"":1,""mobileAppOnly"":""1""}",FREE,0.00,,DAILY,,,,0.008882878750398795,0
https://redspin88.com,RedSpin,10474,[App] Daily Free,,5.00,5,100,30,0.00,,"{""mobileAppOnly"":""1"",""creditLessThan"":""0.01"",""displayDescriptionOnly"":""1"",""changeGameId"":1,""walletId"":1}",FREE,0.00,,DAILY,,,,1.353644485871592,0
https://redspin88.com,RedSpin,261152,<b>DOWNLOAD APP GIFT FREESPIN<b>,,0.10,0.1,100,10,0.00,,"{""freeRoundAPI"":{""site"":""BNG2"",""params"":{""campaign"":""BNG free spin"",""total_rounds"":30,""game_id"":""496"",""bonus_type"":""FIXED_FREEBET"",""total_bet"":0.2,""round_bet"":0.2}},""displayDescriptionOnly"":""1"",""creditLessThan"":""0.01"",""displayAngpaoText"":""0"",""startDate"":""2026-03-23"",""walletId"":1,""changeGameId"":1,""mobileAppOnly"":""1""}",FREE,0.00,,,,,,0.006202764220146792,0
https://betus10.co,BETUS10,218233,<b>Daily Free Credit</b>,,30.00,30,700,10,0.00,,"{""creditLessThan"":0.1,""displayDescriptionOnly"":""1"",""ignoreTrxAmount"":1,""changeGameId"":1,""walletId"":1}",FREE,0.00,,DAILY,,,,0.8757891750140593,0
https://betus10.co,BETUS10,218234,<b>Download App Bonus</b>,,20.00,20,500,10,0.00,,"{""displayDescriptionOnly"":""1"",""displayAngpaoText"":""1"",""mobileAppOnly"":""1"",""ignoreTrxAmount"":1,""changeGameId"":1,""walletId"":1}",FREE,0.00,,DAILY,,,,0.7824908919849999,0
https://betus10.co,BETUS10,218243,<b>Referred Free</b>,,6,6,300,50,0.00,,"{""customBonus"":""sharebonus"",""creditLessThan"":1,""startDate"":""2023-10-25"",""displayDescriptionOnly"":""1"",""displayAngpaoText"":""1"",""changeGameId"":1,""walletId"":1}",CUSTOM,0.00,,,,,,0.49874445335064066,0
https://cyberbet77.com,CYBERBET77,822804,<b>⭐️WELCOME BACK AUD88<b>,,88.00,88,2000,10,0.00,,"{""creditLessThan"":0.1,""walletId"":1,""changeGameId"":1,""displayDescriptionOnly"":""1"",""registerBeforeDate"":""2026-05-25"",""displayAngpaoText"":""0""}",FREE,0.00,,,,,,0.9689408750939845,0
https://cyberbet77.com,CYBERBET77,127033,<B>Free 365 Days</B>,,2.00,2,100,20,0.00,,"{""creditLessThan"":1,""walletId"":1,""changeGameId"":1,""displayDescriptionOnly"":""1"",""registerDate"":""2023-10-21"",""displayAngpaoText"":""1""}",FREE,0.00,,DAILY,,,,0.36187915196815357,0
https://cyberbet77.com,CYBERBET77,823021,<b>DOWNLOAD APP FREE<b>,,10.00,10,500,10,0.00,,"{""creditLessThan"":0.5,""displayDescriptionOnly"":""1"",""walletId"":1,""changeGameId"":1,""mobileAppOnly"":""1"",""displayAngpaoText"":""0""}",FREE,0.00,,DAILY,,,,0.31438318259269477,0
https://tab968.com,TAB968,247305,<b>Day 1 (Monday),,10.00,10,1000,20.15,0.00,,"{""claimTime"":""N=1"",""creditLessThan"":0.01,""mobileAppOnly"":""0"",""walletId"":1,""changeGameId"":1}",FREE,0.00,,WEEKLY,,,,0.1682189374487242,0
https://tab968.com,TAB968,247301,<b>Tab968 Giveaway</b>,,28.00,28,600,5,0.00,,"{""displayDescriptionOnly"":""1"",""walletId"":1,""changeGameId"":1}",FREE,0.00,,WEEKLY,,,,0.7246635553978003,0
https://tab968.com,TAB968,258366,<b>Download Apps Tab968</b>,,20.00,20,500,5,0.00,,"{""creditLessThan"":0.5,""displayDescriptionOnly"":""1"",""walletId"":1,""changeGameId"":1,""mobileAppOnly"":""1""}",FREE,0.00,,DAILY,,,,0.5846942029551774,0
https://tab968.com,TAB968,13559,<b>FREE 365</b>,,5.00,5,100,0.05,0.00,,"{""creditLessThan"":0.1,""displayDescriptionOnly"":""1"",""displayAngpaoText"":""1""}",FREE,0.00,,DAILY,,,,0.019232610012774754,0
https://southern9.com,SOUTHERN9,262040,APP DOWNLOAD BONUS,,15.00,15,750,20,0.00,,"{""creditLessThan"":1,""walletId"":1,""changeGameId"":1,""displayDescriptionOnly"":""1"",""displayAngpaoText"":""0"",""mobileAppOnly"":""1""}",FREE,0.00,,DAILY,,,,0.4099127212306195,0
https://southern9.com,SOUTHERN9,21644,DOWNLINE REGISTER GET,,2,2,40,10,0.00,,"{""customBonus"":""sharebonus"",""creditLessThan"":0.01,""startDate"":""2025-01-20"",""displayAngpaoText"":""1"",""displayDescriptionOnly"":""1"",""fixRT"":1}",CUSTOM,0.00,,,,,,0.8959826648794043,0
https://vvip15au.com,VVIP15 Australia Online Casino,186269,<b>DOWNLOAD APPS BONUS</b>,,15.55,15.55,311,20,0.00,,"{""creditLessThan"":1,""displayDescriptionOnly"":""1"",""mobileAppOnly"":""1"",""walletId"":1,""changeGameId"":1,""displayAngpaoText"":""0""}",FREE,0.00,,,,,,1.2916435191820996,0
https://aus789.com,Aus789 PayID Casino Australia,157255,<b> SHARE & GET FREE</b>,,28,12,476,20,0.00,,"{""customBonus"":""sharebonus"",""creditLessThan"":1,""mobileAppOnly"":""0"",""displayAngpaoText"":""0"",""startDate"":""2023-08-20"",""maxCount"":5,""displayDescriptionOnly"":""1"",""walletId"":1,""changeGameId"":1}",CUSTOM,0.00,,,,,,0.5395267609504637,0
https://aus789.com,Aus789 PayID Casino Australia,175114,<b>APP Download Bonus $16</b>,,16.00,16,500,20,0.00,,"{""startDate"":""2023-09-17"",""creditLessThan"":0.2,""displayDescriptionOnly"":""0"",""mobileAppOnly"":""1"",""displayAngpaoText"":""0"",""walletId"":1,""changeGameId"":1}",FREE,0.00,,,,,,0.7407651230185881,0
https://mcdollar9.com,McDollar9 (AUD),808704,NEW GAME $10 FREEPLAY + MINIGAME FREEPLAY,,10.00,10,199,20,0.00,,"{""creditLessThan"":1,""displayAngpaoText"":""0"",""walletId"":1,""changeGameId"":1,""displayDescriptionOnly"":""1"",""mobileAppOnly"":""1""}",FREE,0.00,,,,,,1.2626832912521337,0
https://dd8au.com,DD8AU,469162,DAILY FREE,,500.00,500,10000,10,0.00,,"{""creditLessThan"":0.1, ""displayDescriptionOnly"":""1"",""walletId"":1,""changeGameId"":1}",FREE,0.00,,DAILY,,,,1.2595888978752612,0
https://fc8au.com,FC8AU,243987,LUCKY DAILY WIN FREE,,500.00,500,10000,10,0.00,,"{""displayDescriptionOnly"":""1"",""creditLessThan"":0.1,""walletId"":1,""changeGameId"":1}",FREE,0.00,,DAILY,,,,1.2595888978752612,0
https://1spinnwin.com,1SPIN&WIN,27547,<b>Hourly Bonus</b>,,15.00,15,200,5,0.00,,"{""displayDescriptionOnly"":""1"",""displayAngpaoText"":""1"",""walletId"":1,""changeGameId"":1,""creditLessThan"":0.1,""resetHour"":2}",FREE,0.00,,HOURLY,,,,1.2588993529486476,0
https://ausbet88.com,AUSBET88,52213,"<b style=""color:#FF00FB;"">SHARE & INVITE</b>",,10,10,200,20,0.00,,"{""customBonus"":""sharebonus"",""creditLessThan"":1,""walletId"":1,""changeGameId"":1,""startDate"":""2023-03-22"",""displayDescriptionOnly"":""1"",""mobileAppOnly"":""0""}",CUSTOM,0.00,,,,,,1.2547964592173841,0
https://vip77.club,VIP77,6217,⭐ VIP77 ⭐ DOWNLINE CONTRIBUTION $30 GET,,10,10,200,20,0.00,,"{""customBonus"":""downlinedeposit"",""creditLessThan"":0.5,""startDate"":""2023-11-21"",""displayDescriptionOnly"":""1"",""walletId"":1,""changeGameId"":1}",CUSTOM,0.00,,DAILY,30.00,,,1.2547964592173841,0
https://topcash7.com,TopCash7,845763,FREE CHIPS (BONZA),,19.00,19,400,20,0.00,,"{""displayDescriptionOnly"":""1"",""creditLessThan"":0.5,""displayAngpaoText"":""1"",""mobileAppOnly"":""0"",""walletId"":1,""changeGameId"":1}",FREE,0.00,,,,,,1.227445654742348,0
https://acehighwin.com,ACEHIGHWIN,199753,<B>Daily Free(Event),,15.00,15,600,10,0.00,,"{""creditLessThan"":0.1,""walletId"":1,""changeGameId"":1,""displayDescriptionOnly"":""1""}",FREE,0.00,,DAILY,,,,0.4267170000250283,0
https://acehighwin.com,ACEHIGHWIN,842198,<b>Mobile App Reward</b>,,20.00,20,600,20,0.00,,"{""displayDescriptionOnly"":""1"",""displayAngpaoText"":""1"",""mobileAppOnly"":""1"",""changeGameId"":1,""walletId"":1}",FREE,0.00,,,,,,0.7910277171153051,0
https://neolux.vip,NEOLUX,814615,"<b style=""color:#686A6C;"">365 DAY X2 FREE</b>",,10.00,10,150,5,0.00,,"{""creditLessThan"":0.1,""walletId"":1,""changeGameid"":1,""displayDescriptionOnly"":""1"",""changeGameId"":1}",FREE,0.00,,DAILY,,,,1.0580525410463437,0
https://neolux.vip,NEOLUX,721980,"<b style=""color:#686A6C;"">DAY 1 MONDAY</b>",,10.00,10,1000,14.88,0.00,,"{""creditLessThan"":0.1,""walletId"":1,""claimTime"":""N=1"",""displayDescriptionOnly"":""1""}",FREE,0.00,,DAILY,,,,0.1524215000014297,0
https://eebet9.com,EEBET9,79616,"<b style=""color:#b3e9ff;"">SHARE & INVITE</b>",,5,5,100,20,0.00,,"{""customBonus"":""sharebonus"",""creditLessThan"":0.1,""startDate"":""2023-03-22"",""displayDescriptionOnly"":""1"",""maxCount"":1,""mobileAppOnly"":""1"",""walletId"":1,""changeGameId"":1}",CUSTOM,0.00,,,,,,1.200121248138004,0
https://play99au.com,Play99 Aus Online Pokies,176401,<b>IOS & ANDROID APPS BONUS</b>,,18.00,18,388,18,0.00,,"{""creditLessThan"":1,""displayDescriptionOnly"":""1"",""mobileAppOnly"":""1"",""walletId"":1,""changeGameId"":1,""displayAngpaoText"":""0""}",FREE,0.00,,,,,,1.1485013436929892,0
https://bondi333.com,BONDI333,806527,<b>Daily Free $30</b>,,30.00,30,1100,20,0.00,,"{""creditLessThan"":0.1,""displayDescriptionOnly"":""1"",""displayAngpaoText"":""0"",""changeGameId"":1,""walletId"":1}",FREE,0.00,,DAILY,,,,0.6320045923749745,0
https://bondi333.com,BONDI333,839265,<b>Hourly Free</b>,,7.77,7.77,1010,10,0.00,,"{""displayDescriptionOnly"":""1"",""displayAngpaoText"":""1"",""changeGameld"":1,""creditLessThan"":0.1,""resetHour"":1,""changeGameId"":1,""walletId"":1}",FREE,0.00,,HOURLY,,,,0.09368390887022404,0
https://bondi333.com,BONDI333,839857,<b>Telegram Free </b>,,17.77,17.77,1777,30,0.00,,"{""displayAngpaoText"":""1"",""displayDescriptionOnly"":""1"",""creditLessThan"":0.1,""mustJoinTelegramChannel"":""allpokiehuboffcial"",""changeGameId"":1,""walletId"":1}",FREE,0.00,,DAILY,,,,0.1965670120890628,0
https://reef33.vip,Reef33,806508,<b>Daily Free 30 </b>,,30.00,30,1300,20,0.00,,"{""creditLessThan"":0.1,""displayDescriptionOnly"":""1"",""displayAngpaoText"":""0"",""changeGameId"":1,""walletId"":1}",FREE,0.00,,DAILY,,,,0.5128990564250854,0
https://reef33.vip,Reef33,773817,<b>Hourly Free</b>,,7.77,7.77,1010,10,0.00,,"{""displayDescriptionOnly"":""1"",""displayAngpaoText"":""1"",""walletId"":1,""changeGameld"":1,""creditLessThan"":0.1,""resetHour"":1}",FREE,0.00,,HOURLY,,,,0.09368390887022404,0
https://reef33.vip,Reef33,839855,<b>Telegram Free</b>,,17.77,17.77,1777,30,0.00,,"{""displayAngpaoText"":""1"",""displayDescriptionOnly"":""1"",""creditLessThan"":0.1,""mustJoinTelegramChannel"":""Reef33audplayergroup"",""changeGameId"":1,""walletId"":1}",FREE,0.00,,DAILY,,,,0.1965670120890628,0
https://jk123au.com,Gday123 Australia,847874,"GDAY, FREE’S YOURS! (OLD/NEW)",,7.00,7,350,30,0.00,,"{""creditLessThan"":0.5,""displayDescriptionOnly"":""1"",""displayAngpaoText"":""1"",""mobileAppOnly"":""0"",""walletId"":1,""changeGameId"":1,""offUsernames"":[""392576581"",""396299827"",""A016A2116""]}",FREE,0.00,,,,,,0.43991635215688646,0
https://decho34.com,Decho34,795238,"<b style=""colour:white"">APP Free (Convert Deposit)",,10.00,10,390,21,0.00,,"{""creditLessThan"":0.01,""displayDescriptionOnly"":""1"",""mobileAppOnly"":""1"",""changeGameId"":1,""walletId"":1}",FREE,0.00,,DAILY,,,,0.5528608168460024,0
https://decho34.com,Decho34,198019,"<b style=""colour:white"">Daily Free",,6.00,6,390,25,0.00,,"{""creditLessThan"":0.01,""displayDescriptionOnly"":""1"",""mobileAppOnly"":""0"",""changeGameId"":1,""walletId"":1}",FREE,0.00,,DAILY,,,,0.29772725081127055,0
https://dns33.com,DNS33,126431,DOWNLINE GAIN & WITHDRAW AUD 30,,8,8,240,30,0.00,,"{""customBonus"":""sharebonus"",""creditLessThan"":0.5,""startDate"":""2023-11-21"",""displayDescriptionOnly"":""1"",""displayAngpaoText"":""1"",""walletId"":1,""changeGameId"":1}",CUSTOM,0.00,,DAILY,,,,0.8402879928088312,0
https://world99aud.com,WORLD99,835605,"<b style=""color:RED;"">MONDAY</b>",,10.00,10,777,15,0.00,,"{""claimTime"":""N=1"",""creditLessThan"":0.01,""displayDescriptionOnly"":""1"",""changeGameId"":1,""walletId"":1}",FREE,0.00,,WEEKLY,,,,0.20950808098223528,0
https://world99aud.com,WORLD99,146386,<b>Download App Bonus</b>,,20.00,20,499,10,0.00,,"{""creditLessThan"":0.1,""displayDescriptionOnly"":""1"",""displayAngpaoText"":""1"",""mobileAppOnly"":""1"",""ignoreTrxAmount"":1,""changeGameId"":1,""walletId"":1}",FREE,0.00,,DAILY,,,,0.7844515302831455,0
https://1winbet369.com,1WINBET369,478916,<b> 1Winbet Giveaway $20,,20.00,20,500,10,0.00,,"{""displayDescriptionOnly"":""1"",""walletId"":1,""changeGameId"":1}",FREE,0.00,,WEEKLY,,,,0.7824908919849999,0
https://solidluck33.com,SOLIDLUCK33,849259,<b>Welcome Back 31/8/2026</b>,,30.00,30,800,10,0.00,,"{""creditLessThan"":0.1,""walletId"":1,""changeGameId"":1,""displayDescriptionOnly"":""1"",""registerBeforeDate"":""2026-08-31"",""displayAngpaoText"":""0""}",FREE,0.00,,,,,,0.7411560177463185,0
https://auboss.co,AU BOSS,97014,<b>DAILY LOGIN</b>,,2.00,2,100,20,0.00,,"{""creditLessThan"":1,""walletId"":1,""changeGameId"":1,""displayDescriptionOnly"":""1"",""registerDate"":""2024-01-01""}",FREE,0.00,,DAILY,,,,0.36187915196815357,0
https://auboss.co,AU BOSS,826605,<b>DOWNLOAD APP FREE<b>,,10.00,10,500,10,0.00,,"{""creditLessThan"":0.5,""displayDescriptionOnly"":""1"",""walletId"":1,""changeGameId"":1,""mobileAppOnly"":""1"",""displayAngpaoText"":""1""}",FREE,0.00,,DAILY,,,,0.31438318259269477,0
https://iau9.com,BONZAWIN Australia,817240,2026 Sign Up & Get FREE I,,9.00,9,299,20,0.00,,"{""displayDescriptionOnly"":""1"",""mobileAppOnly"":""0"",""displayAngpaoText"":""0"",""walletId"":1,""changeGameId"":1,""creditLessThan"":0.1}",FREE,0.00,,,,,,0.660829033571012,0
https://play369.co,PLAY369,784768,<b>Daily Free $5,,5.00,5,150,15,0.00,,"{""creditLessThan"":0.1,""displayDescriptionOnly"":""1""}",FREE,0.00,,DAILY,,,,0.6583810534082891,0
https://zebra88.club,ZEBRA88,178979,<b>Daily Free</b>,,10.00,10,588,21,0.00,,"{""walletId"":1,""changeGameId"":1,""displayDescriptionOnly"":""1"",""creditLessThan"":0.1}",FREE,0.00,,DAILY,,,,0.3309214451684106,0
https://zebra88.club,ZEBRA88,178980,<b>Download App Bonus</b>,,5.00,5,300,20,0.00,,"{""walletId"":1,""changeGameId"":1,""displayDescriptionOnly"":""1"",""displayAngpaoText"":""1"",""mobileAppOnly"":""1""}",FREE,0.00,,,,,,0.30396498381466175,0
https://bigpay77.net,BigPay77,750465,Apps Daily Free,,17.00,17,500,10,0.00,,"{""creditLessThan"":1,""displayDescriptionOnly"":""1"",""mobileAppOnly"":""1"",""displayAngpaoText"":""1"",""fixRT"":1,""walletId"":1,""changeGameId"":1}",FREE,0.00,,DAILY,,,,0.6318727500544004,0
https://speed9.co,SPEED 9,18139,SPEED 9 APP BONUS,,3.00,3,100,20,0.00,,"{""creditLessThan"":1,""displayDescriptionOnly"":""1"",""mobileAppOnly"":""1"",""displayAngpaoText"":""1"",""ignoreTrxAmount"":1,""walletId"":1,""changeGameId"":1,""offUsernames"":[""1A297A70"",""10171192"",""22602165"",""10767105"",""25282079""]}",FREE,0.00,,DAILY,,,,0.6144308843868765,0
https://sp77aud.co,SP77AUD,773328,<b>Social Free IIII⭐,,30.00,30,2000,30,0.00,,"{""displayAngpaoText"":""0"",""displayDescriptionOnly"":""1"",""creditLessThan"":0.1,""mustJoinTelegramChannel"":""igaxspeedau33"",""walletId"":1,""changeGameId"":1}",FREE,0.00,,,,,,0.337639376332024,0
https://sp77aud.co,SP77AUD,154184,<B>DAILY FREE CHIPS,,10.00,10,600,10,0.00,,"{""creditLessThan"":0.1,""walletId"":1,""changeGameId"":1,""displayDescriptionOnly"":""1""}",FREE,0.00,,DAILY,,,,0.2503126214987163,0
https://pokies7bet.com,Pokies7bet,139882,<b>365ᴅᴀʏꜱ ꜰʀᴇᴇ ᴄʀᴇᴅɪᴛ</b>,,6.88,6.88,280,27,0.00,,"{""creditLessThan"":1,""displayAngpaoText"":""1"",""displayDescriptionOnly"":""1"",""walletId"":1,""changeGameId"":1}",FREE,0.00,,DAILY,,,,0.5515316312204653,0
https://boyabet9.com,BoyaBet9,463774,<B>SPECIAL DAILY FREE<B>,,6.99,6.99,270,20,0.00,,"{""creditLessThan"":0.1,""displayDescriptionOnly"":""1"",""mobileAppOnly"":""0"",""changeGameId"":1,""walletId"":1}",FREE,0.00,,DAILY,,,,0.5384618213435755,0
https://me99aud.com,Me99au,99833,me99 APP BONUS,,15.00,15,500,10,0.00,,"{""creditLessThan"":1,""displayDescriptionOnly"":""1"",""mobileAppOnly"":""1"",""displayAngpaoText"":""1"",""fixRT"":1,""changeGameId"":1,""walletId"":1}",FREE,0.00,,DAILY,,,,0.5359404081626119,0
https://rolex66.vip,Rolex66 AUD,213618,<b>Daily Checkin</b>,,38.00,38,1688,20,0.00,,"{""creditLessThan"":0.1,""displayDescriptionOnly"":""1"",""mobileAppOnly"":""1"",""walletId"":1,""changeGameId"":1}",FREE,0.00,,DAILY,,,,0.504885880297683,0
https://betworld168.vip,BetWorld168.vip,825238,<b>Mobile App Bonus<b>,,5.00,5,200,20,0.00,,"{""customBonus"":""manual"",""mobileAppOnly"":""1"",""displayDescriptionOnly"":""1"",""displayAngpaoText"":""1"",""fixRT"":1,""creditLessThan"":0.1,""changeGameId"":1,""walletId"":1}",FREE,0.00,,,,,,0.5045888277145305,0
https://epicpokies.com,EPICPOKIES,156193,<b>FREE 365 BONUS<b>,,12.00,12,2400,90,0.00,,"{""creditLessThan"":1,""displayDescriptionOnly"":""1"",""displayAngpaoText"":""1"",""changeGameId"":1,""walletId"":1}",FREE,0.00,,DAILY,,,,0.10580294381975293,0
https://epicpokies.com,EPICPOKIES,466842,<b>DOWNLOAD APPS FREE $50<b>,,50.00,50,10000,100,0.00,,"{""registerDate"":""2022-01-22"",""creditLessThan"":1,""displayDescriptionOnly"":""1"",""mobileAppOnly"":""1"",""walletId"":1,""changeGameId"":1}",FREE,0.00,,DAILY,,,,0.11875866626276997,0
https://epicpokies.com,EPICPOKIES,761421,<b> DAILY SOCIAL FREE<b>,,10.00,10,1000,80,0.00,,"{""displayAngpaoText"":""1"",""displayDescriptionOnly"":""1"",""creditLessThan"":0.1,""registerDate"":""2024-01-01"",""mobileAppOnly"":""0"",""mustJoinTelegramChannel"":""epicpokiesofficial"",""walletId"":1,""changeGameId"":1}",FREE,0.00,,DAILY,,,,0.2422401038015625,0
https://kingtech88.com,KINGTECH88,1647,Daily Free Chips,,2.88,2.88,100,10,0.00,,"{""creditLessThan"":0.2,""displayDescriptionOnly"":""1"",""walletId"":1,""changeGameId"":1}",FREE,0.00,,DAILY,,,,0.45877145650104084,0
https://spincrown33.com,SpinCrown33,452354,<b>Day 1 (Monday)</b>,,10.00,10,1000,10,0.00,,"{""claimTime"":""N=1"",""creditLessThan"":0.01,""showIfAmount"":1,""displayDescriptionOnly"":""1"",""changeGameId"":1,""walletId"":1}",FREE,0.00,,WEEKLY,,,,0.1321818456291255,0
https://spincrown33.com,SpinCrown33,839516,<b>Hourly Free</b>,,7.77,7.77,466.2,10,0.00,,"{""displayDescriptionOnly"":""1"",""displayAngpaoText"":""1"",""walletId"":1,""changeGameld"":1,""creditLessThan"":0.1,""resetHour"":1,""changeGameId"":1}",FREE,0.00,,HOURLY,,,,0.2462359070675602,0
https://spincrown33.com,SpinCrown33,839858,<b>Telegram Free </b>,,17.77,17.77,1777,30,0.00,,"{""displayAngpaoText"":""1"",""displayDescriptionOnly"":""1"",""creditLessThan"":0.1,""mustJoinTelegramChannel"":""spincrown3officialchannel"",""changeGameId"":1,""walletId"":1}",FREE,0.00,,DAILY,,,,0.1965670120890628,0
https://galaxyau.com,Galaxy AU,160283,Attend Reward,,3.00,3,138,20,0.00,,"{""creditLessThan"":0.5,""mobileAppOnly"":""0"",""displayDescriptionOnly"":""1"",""walletId"":1,""changeGameId"":1}",FREE,0.00,,DAILY,,,,0.4107940829250386,0
https://nightclubaus.com,NC88AU,240890,APP FREE CHECK IN,,18.88,18.88,1000,20,0.00,,"{""creditLessThan"":1,""mobileAppOnly"":""1"",""walletId"":1,""changeGameId"":1}",FREE,0.00,,DAILY,,,,0.38721981136454137,0
https://mrbean9.com,MrBean9,751475,MrBean9 APP BONUS,,13.00,13,630,10,0.00,,"{""creditLessThan"":1,""displayDescriptionOnly"":""1"",""mobileAppOnly"":""1"",""displayAngpaoText"":""1"",""fixRT"":1,""changeGameId"":1,""walletId"":1}",FREE,0.00,,WEEKLY,,,,0.33257519386556944,0
https://u2win.online,U2WIN,9693,<b>365 Daily Free</b>,,5.00,5,300,20,0.00,,"{""fixRT"":1,""creditLessThan"":0.5,""displayDescriptionOnly"":""1"",""walletId"":1,""changeGameId"":1}",FREE,0.00,,DAILY,,,,0.30396498381466175,0
https://skyspin96.co,SKYSPIN96,20061,CHECK-IN MONDAY,,10.00,10,600,15,0.00,,"{""walletId"":1,""changeGameId"":1,""maxWithdrawTimeDeposit"":1,""creditLessThan"":1,""displayDescriptionOnly"":""1"",""claimTime"":""N=1""}",FREE,0.00,,DAILY,,,,0.28942629783480656,0
https://play77au.com,PLAY77,16061,DAILY CHECK IN : DAY 1,,2.00,2,100,10,0.00,,"{""claimTime"":""N=1"",""creditLessThan"":0.1,""maxRoundTargetAll"":500,""displayAngpaoText"":""0"",""walletId"":1,""changeGameId"":1,""displayDescriptionOnly"":""1""}",FREE,0.00,,DAILY,,,,0.2850195147445152,0
https://aucloud9.com,Cloud9,73754,DAILY CHECK IN BONUS,,9.00,9,700,20,0.00,,"{""creditLessThan"":0.01,""mobileAppOnly"":""0"",""walletId"":1,""changeGameId"":1}",FREE,0.00,,DAILY,,,,0.22819469869028952,0
https://pokies33au.com,Pokies33,107538,Daily Free,,13.00,13,1033,20,0.00,,"{""creditLessThan"":0.1,""walletId"":1,""changeGameId"":1}",FREE,0.00,,DAILY,,,,0.22757738635714025,0
https://mrpoint.co,MRPOINT,215030,<b> Day 1 (Monday),,10.00,10,1000,20.33,0.00,,"{""claimTime"":""N=1"",""creditLessThan"":0.1,""mobileAppOnly"":""0"",""walletId"":1,""changeGameId"":1,""displayDescriptionOnly"":""1""}",FREE,0.00,,WEEKLY,,,,0.16868609372923096,0
https://mrpoint.co,MRPOINT,218874,<b>Hourly Bonus</b>,,15.00,15,200,5,0.00,,"{""displayDescriptionOnly"":""1"",""displayAngpaoText"":""1"",""walletId"":1,""changeGameld"":1,""creditLessThan"":0.1,""resetHour"":2}",FREE,0.00,,HOURLY,,,,1.2588993529486476,0
https://intensityaus.com,Intensity,55022,Free Chips 365 Days,,1.00,1,100,30,0.00,,"{""startDate"":""2023-04-11"",""creditLessThan"":1}",FREE,0.00,,DAILY,,,,0.16609764269953625,0
https://7pokies.com,7POKIES,184225,Daily Free,,5.00,5,500,20,0.00,,"{""creditLessThan"":0.1,""displayDescriptionOnly"":""1"",""mobileAppOnly"":""0""}",FREE,0.00,,DAILY,,,,0.16051388989769858,0
https://ozlotto88.com,OZLOTTO88,239919,Daily Free Chip,,4.00,4,400,20,0.00,,"{""creditLessThan"":0.1,""displayDescriptionOnly"":""1"",""mobileAppOnly"":""0""}",FREE,0.00,,DAILY,,,,0.15831427807389817,0
https://live77bet.com,LiveBet,451639,Hourly Check In Free,,3.00,3,300,20,0.00,,"{""creditLessThan"":0.1,""mobileAppOnly"":""1"",""walletId"":1,""changeGameId"":1}",FREE,0.00,,HOURLY,,,,0.15562217077453888,0
https://select777.net,SELECT777,171279,<b>MONDAY</b>,,10.00,10,1000,14.88,0.00,,"{""creditLessThan"":0.1,""walletId"":1,""claimTime"":""N=1"",""displayDescriptionOnly"":""1""}",FREE,0.00,,DAILY,,,,0.1524215000014297,0
https://goldencrown96.com,IPAY7,200115,"<b style=""color:gold"">FREE CREDIT 365DAY </b>",,2.00,2,200,20,0.00,,"{""walletId"":1,""changeGameId"":1,""displayDescriptionOnly"":""1""}",FREE,0.00,,DAILY,,,,0.15215144082253726,0
https://gembetaus.com,GEM9BET,163051,Daily Login Free,,1.99,1.99,199,20,0.00,,"{""creditLessThan"":0.01,""mobileAppOnly"":""0"",""displayAngpaoText"":""1"",""displayDescriptionOnly"":""1"",""startDate"":""2024-05-03"",""walletId"":1,""changeGameId"":1}",FREE,0.00,,DAILY,,,,0.15211115876905285,0
https://aud2u.com,AUD2U - Your Gaming Portal,113391,Daily Super Free 365,,1.88,1.88,188,20,0.00,,"{""creditLessThan"":0.1,""displayDescriptionOnly"":""1"",""walletId"":1,""changeGameId"":1}",FREE,0.00,,DAILY,,,,0.1516589453469784,0
https://i8au.online,I8AU,153333,Daily Login Free,,3.80,3.8,400,20,0.00,,"{""creditLessThan"":0.1,""displayDescriptionOnly"":""1""}",FREE,0.00,,DAILY,,,,0.14802035826969753,0
https://clubimperioaus.com,Club Imperio Aus,60807,<b>365Days FreeBonus</b>,,1.00,1,138,20,0.00,,"{""creditLessThan"":0.5,""mobileAppOnly"":""0"",""displayDescriptionOnly"":""1""}",FREE,0.00,,DAILY,,,,0.09845439717382848,0
https://enjoy2aus.com,Enjoy2AUS,49995,<b>Daily Free Chip</b>,,0.00,1,150,20,0.00,,"{""displayAngpaoText"":""1"",""displayDescriptionOnly"":""1"",""creditLessThan"":0.1,""mobileAppOnly"":""0""}",FREE,0.00,1,DAILY,,,,0.08870945305239049,0
https://ozreel88.com,OZ REEL88 l,159340,365 FREE,,10.00,10,200,10,100.00,,"{""creditLessThan"":0.1,""displayDescriptionOnly"":""1"",""walletId"":1,""changeGameId"":1,""displayAngpaoText"":""0""}",FREE,0.00,,DAILY,,,,0.02203030760485425,0
https://ozreel88.com,OZ REEL88 l,172692,DOWNLOAD APP,,18.88,18.88,888,10,188.00,,"{""creditLessThan"":0.1,""displayDescriptionOnly"":""1"",""walletId"":1,""changeGameId"":1,""mobileAppOnly"":""1""}",FREE,0.00,,,,,,0.006019154114567645,0
https://amg33.com,AMG33,702013,<b>Signup Free Gift</b>,,13.00,13,260,10,0.00,,"{""creditLessThan"":1,""displayDescriptionOnly"":""1"",""displayAngpaoText"":""0"",""walletId"":1,""changeGameId"":1}",FREE,0.00,,,,,,1.0054230899766459,1
https://amg33.com,AMG33,704487,<b>Daily Free Gift</b>,,33.33,33.33,666.6,10,0.00,,"{""creditLessThan"":1,""walletId"":1,""changeGameId"":1,""displayDescriptionOnly"":""1"",""displayAngpaoText"":""1"",""mobileAppOnly"":""1""}",FREE,0.00,,DAILY,,,,1.0691474880403462,1
https://amg33.com,AMG33,742478,<b>Earn Coins Bonus</b>,,100.33,100.33,100.33,20,0.00,,"{""creditLessThan"":1,""walletId"":1,""changeGameId"":1,""displayDescriptionOnly"":""1"",""displayAngpaoText"":""1"",""mobileAppOnly"":""1""}",FREE,0.00,,DAILY,,,,61.54285052832365,1
https://amg33.com,AMG33,742469,<b>Download APP Free</b>,,20.00,20,400,13,0.00,,"{""creditLessThan"":0.5,""displayDescriptionOnly"":""1"",""mobileAppOnly"":""1"",""displayAngpaoText"":""1"",""ignoreTrxAmount"":1,""walletId"":1,""changeGameId"":1}",FREE,0.00,,DAILY,,,,1.138244133465889,1
https://amplay8.com,ASKMEPLAY,250013,<b>Daily Free Credit<b>,,3.00,3,100,30,0.00,,"{""creditLessThan"":0.2,""mobileAppOnly"":""0"",""displayAngpaoText"":""1"",""displayDescriptionOnly"":""1"",""changeGameId"":1,""walletId"":1}",FREE,0.00,,DAILY,,,,0.6930307915887012,1
https://amplay8.com,ASKMEPLAY,251843,<b>[App] Daily Free Credit<b>,,5.00,5,100,30,0.00,,"{""mobileAppOnly"":""1"",""displayDescriptionOnly"":""1"",""changeGameId"":1,""walletId"":1}",FREE,0.00,,DAILY,,,,1.353644485871592,0
https://amplay8.com,ASKMEPLAY,262605,<b>DOWNLOAD APP GIFT FREESPIN<b>,,0.10,0.1,100,10,0.00,,"{""freeRoundAPI"":{""site"":""BNG2"",""params"":{""campaign"":""BNG free spin"",""total_rounds"":30,""game_id"":""496"",""bonus_type"":""FIXED_FREEBET"",""total_bet"":0.2,""round_bet"":0.2}},""displayDescriptionOnly"":""1"",""creditLessThan"":""0.01"",""displayAngpaoText"":""0"",""startDate"":""2026-03-23"",""walletId"":1,""changeGameId"":1,""mobileAppOnly"":""1""}",FREE,0.00,,,,,,0.006202764220146792,0
https://aud33.vip,AUD33,456145,DAILY FREE,,5.00,5,500,20,0.00,,"{""displayDescriptionOnly"":""1"",""mobileAppOnly"":""0""}",FREE,0.00,,DAILY,,,,0.16051388989769858,0
https://aud99.live,Aud99,0,Rollover Rebate,REBATE,,0.13,,,,,,,,,,,,,9.37437321113813,1
https://aud99.live,Aud99,0,Daily Bet Rebate,REBATE,,0.13,,599,,,,,,,,,,,7.280502246217325,0
https://aus88win.com,Aus88Win,481100,Special Daily Free,,11.88,11.88,260,20,0.00,,"{""creditLessThan"":0.1,""displayDescriptionOnly"":""1"",""mobileAppOnly"":""1"",""displayAngpaoText"":""1"",""walletId"":1,""changeGameId"":1}",FREE,0.00,,DAILY,,,,1.133868810775502,1
https://auspin168.com,Online Pokies & Casino Australia – Auspin168,0,COMMISSION,COMMISSION,,0.5,,500,,,,,,,,,,,39.036629707294054,1
https://aussieaces.com,Aussieaces,703690,Ace Starter Pack,,111.00,111,133,30,0.00,,"{""creditLessThan"":0.5,""walletId"":1,""changeGameId"":1,""displayDescriptionOnly"":""1""}",FREE,0.00,,,,,,55.71643525085617,1
https://aussieaces.com,Aussieaces,703706,Hourly Free Credit,,300.00,300,15000,20,0.00,,"{""creditLessThan"":0.5,""walletId"":1,""changeGameId"":1,""displayDescriptionOnly"":""1""}",FREE,0.00,,HOURLY,,,,0.49411674043748477,1
https://aussieaces.com,Aussieaces,705267,Ace Apps Free,,31.00,31,930,10,0.00,,"{""creditLessThan"":0.5,""walletId"":1,""changeGameId"":1,""displayDescriptionOnly"":""1"",""mobileAppOnly"":""1""}",FREE,0.00,,DAILY,,,,0.6410479143614011,1
https://aussieaces.com,Aussieaces,705271,Ace 365 Free Credit,,1.00,1,510,20,0.00,,"{""creditLessThan"":0.5,""walletId"":1,""changeGameId"":1,""displayDescriptionOnly"":""1""}",FREE,0.00,,DAILY,10.00,,,0.019214153471083,1
https://aussieaces.com,Aussieaces,712670,Event Daily Free,,31.00,31,930,10,0.00,,"{""creditLessThan"":0.5,""walletId"":1,""changeGameId"":1,""displayDescriptionOnly"":""1""}",FREE,0.00,,DAILY,,,,0.6410479143614011,1
https://auwin88.com,AUWIN88,112654,Weekly Commission,,2.48,2.48,0,1000,12.4,,"{""customBonus"":""commissionweek"",""creditLessThan"":0.1,""displayDescriptionOnly"":""1"",""startDate"":""2025-11-04""}",CUSTOM,8.00,,WEEKLY,,,,2.9305270848681473,1
https://auwin9.com,AUWIN9,846684,<b>BONZA SCRATCHIE FREE</b>,,31.00,31,310,31,0.00,,"{""displayDescriptionOnly"":""1"",""displayAngpaoText"":""1"",""creditLessThan"":""1""}",FREE,0.00,,,,,,3.6581146593703866,0
https://avatarr8.com,AVATARR8,252024,AVATARR8 NEW PLAYER BONUS,,20.00,20,100,10,0.00,,"{""displayDescriptionOnly"":""1"",""creditLessThan"":0.1,""displayAngpaoText"":""0"",""walletId"":1,""changeGameId"":1}",FREE,0.00,,,,,,5.850484008232376,1
https://avatarr8.com,AVATARR8,252026,DOWNLOAD APP ENERGY,,38.00,38,150,10,0.00,,"{""mobileAppOnly"":""1"",""creditLessThan"":0.5,""displayDescriptionOnly"":""1"",""displayAngpaoText"":""0"",""walletId"":1,""changeGameId"":1}",FREE,0.00,,,,,,8.196071469915534,1
https://avatarr8.com,AVATARR8,252071,APP DAILY ENERGY,,18.00,18,270,10,0.00,,"{""mobileAppOnly"":""1"",""creditLessThan"":0.5,""displayDescriptionOnly"":""1"",""displayAngpaoText"":""0"",""walletId"":1,""changeGameId"":1}",FREE,0.00,,DAILY,,,,1.4716146837499955,1
https://avatarr8.com,AVATARR8,252027,DAILY FREE ENERG,,58.00,58,888,10,0.00,,"{""displayDescriptionOnly"":""1"",""creditLessThan"":0.1,""mobileAppOnly"":""0"",""displayAngpaoText"":""0"",""walletId"":1,""changeGameId"":1}",FREE,0.00,,DAILY,,,,1.5468451947806288,1
