url,mname,id,name,transactiontype,bonusfixed,amount,minwithdraw,maxwithdraw,rollover,balance,claimconfig,claimcondition,bonus,bonusrandom,reset,mintopup,maxtopup,referlink,perceived_value,is_new
https://1winbet369.com,1WINBET369,478916,<b> 1Winbet Giveaway $20,,20.00,20.0,500,10,0.00,,"{""displayDescriptionOnly"":""1"",""walletId"":1,""changeGameId"":1}",FREE,0.00,,WEEKLY,,,,0.7824908919849999,1
https://1winbet369.com,1WINBET369,447687,<b>AEP ALL SLOTS</b>,,0.00,"{'min': 2, 'max': 2.28}",100,5,0.00,,"{""displayAngpaoText"":""1"",""displayDescriptionOnly"":""1"",""creditLessThan"":0.1,""registerDate"":""2024-01-01"",""mobileAppOnly"":""0"",""mustJoinTelegramChannel"":""auspokiesentertaintment""}",FREE,0.00,"{'min': 2, 'max': 2.28}",DAILY,,,,0.21297277668940628,1
https://1spinnwin.com,1SPIN&WIN,27547,<b>Hourly Bonus</b>,,15.00,15.0,200,5,0.00,,"{""displayDescriptionOnly"":""1"",""displayAngpaoText"":""1"",""walletId"":1,""changeGameId"":1,""creditLessThan"":0.1,""resetHour"":2}",FREE,0.00,,HOURLY,,,,1.2588993529486476,0
https://1bigwin.com,1BIGWIN,763525,Apps User Daily Free,,10.00,10.0,100,10,0.00,,"{""displayDescriptionOnly"":""1"",""mobileAppOnly"":""1"",""displayAngpaoText"":""1"",""creditLessThan"":0.1,""ignoreTrxAmount"":1,""startDate"":""2025-09-23"",""walletId"":1,""changeGameId"":1}",FREE,0.00,,DAILY,,,,2.3505625446321727,1
https://19rich.com,19RICH,194795,365 DAILY FREE,,0.00,"{'min': 2, 'max': 3.8}",100,20,0.00,,"{""creditLessThan"":0.5,""displayDescriptionOnly"":""1"",""walletId"":1,""changeGameId"":1,""mobileAppOnly"":""0"",""ignoreTrxAmount"":1}",FREE,0.00,"{'min': 2, 'max': 3.8}",DAILY,,,,0.36187915196815357,1
https://spinking.co,SpinKing,822011,ARISTOVA FREE CREDIT 10$,,10.00,10.0,300,12,0.00,,"{""creditLessThan"":0.1,""mobileAppOnly"":""0"",""walletId"":1,""changeGameId"":1,""displayAngpaoText"":""1"",""displayDescriptionOnly"":""1""}",FREE,0.00,,DAILY,,,,0.6368231262225733,0
https://spinking.co,SpinKing,145293,Daily Free Coins,,0.00,"{'min': 3, 'max': 5}",200,20,0.00,,"{""creditLessThan"":0.1,""walletId"":1,""changeGameId"":1,""displayDescriptionOnly"":""1"",""max_round"":""1"",""initial_free_limit"":""0"",""deposit_free_limit"":""0"",""min_withdraw"":""250"",""max_withdraw"":""20"",""reset"":""DAILY""}",FREE,0.00,"{'min': 3, 'max': 5}",DAILY,,,,0.258336364051047,0
https://ff96au.com,FF96,116790,<b>FREE CREDIT 365 days</b>,,0.00,"{'min': 0.1, 'max': 1}",100,20,0.00,,"{""creditLessThan"":3,""displayDescriptionOnly"":""1"",""mobileAppOnly"":""0"",""walletId"":1,""changeGameId"":1,""displayAngpaoText"":""0""}",FREE,0.00,"{'min': 0.1, 'max': 1}",DAILY,,,,0.007875429364396957,1
https://spaceman369.com,SPACEMAN369,701378,<b>Welcome Back▶️</b>,,28.00,28.0,600,20,0.00,,"{""creditLessThan"":0.5,""displayAngpaoText"":""1"",""displayDescriptionOnly"":""1"",""walletId"":1,""changeGameld"":1}",FREE,0.00,,WEEKLY,,,,1.231334055770084,1
https://spaceman369.com,SPACEMAN369,199141,<b>Download Apps Spaceman369</b>,,20.00,20.0,500,20,0.00,,"{""creditLessThan"":0.5,""displayDescriptionOnly"":""1"",""walletId"":1,""changeGameId"":1,""mobileAppOnly"":""1""}",FREE,0.00,,DAILY,,,,0.9935008859591955,1
https://spaceman369.com,SPACEMAN369,130912,<B>Lucky Box Bonus</b>,,10.00,10.0,600,20,0.00,,"{""fixRT"":1,""creditLessThan"":0.1,""walletId"":1,""changeGameld"":1,""displayDescriptionOnly"":""1""}",FREE,0.00,,DAILY,,,,0.3178130426475439,1
https://enjoy33.vip,Enjoy33,9776,365Day Random Free $10 ~ $33,,0.00,"{'min': 10, 'max': 33}",1888,10,0.00,,"{""displayDescriptionOnly"":1,""walletId"":1,""changeGameId"":1,""creditLessThan"":0.01,""displayAngpaoText"":""0""}",FREE,0.00,"{'min': 10, 'max': 33}",DAILY,,,,0.05972681059542937,1
https://efa777.com,EFA777,696080,<b>365 Days Free</b>,,0.00,"{'min': 1.37, 'max': 5.37}",137,20,0.00,,"{""walletId"":1,""changeGameId"":1,""displayDescriptionOnly"":""1"",""creditLessThan"":0.01}",FREE,0.00,"{'min': 1.37, 'max': 5.37}",DAILY,,,,0.14930757726046417,1
https://avg88.com,AVG88 (AUD),163664,HOURLY BONUS UP TO $5,,0.00,"{'min': 1.88, 'max': 3.88}",388,10,0.00,,"{""displayAngpaoText"":""1"",""displayDescriptionOnly"":""1"",""creditLessThan"":0.1,""walletId"":1,""changeGameId"":1}",FREE,0.00,"{'min': 1.88, 'max': 3.88}",HOURLY,,,,0.048287722082758194,1
https://avg88.com,AVG88 (AUD),166490,DAILY APP FREE CREDIT,,5.00,5.0,388,10,0.00,,"{""mobileAppOnly"":""1"",""changeGameId"":1,""displayDescriptionOnly"":""1"",""displayAngpaoText"":""1"",""creditLessThan"":0.1,""walletId"":1}",FREE,0.00,,DAILY,,,,0.17357872757482712,1
https://avg88.com,AVG88 (AUD),142140,SHARE BONUS,,36,36.0,720,20,0.00,,"{""customBonus"":""sharebonus"",""creditLessThan"":0.5,""minCount"":1,""displayDescriptionOnly"":""1"",""startDate"":""2023-09-13"",""displayAngpaoText"":""1"",""walletId"":1}",CUSTOM,0.00,,DAILY,,,,1.3642146267088628,1
https://astar77au.com,ASIASTAR777AU,823891,Daily Free Coins,,0.00,"{'min': 3, 'max': 3.8}",200,20,0.00,,"{""creditLessThan"":0.1,""mobileAppOnly"":""0"",""walletId"":1,""changeGameId"":1}",FREE,0.00,"{'min': 3, 'max': 3.8}",DAILY,,,,0.258336364051047,0
https://v8au.com,V8,15691,365 FREE CREDIT,,0.00,"{'min': 0.88, 'max': 2.88}",88,20,0.00,,"{""creditLessThan"":0.01,""changeGameId"":1,""walletId"":1}",FREE,0.00,"{'min': 0.88, 'max': 2.88}",DAILY,,,,0.14651322813046547,1
https://spade69.co,SPADE69,490882,APK Daily Check In Bonus,,0.00,"{'min': 1, 'max': 3}",150,21,0.00,,"{""displayDescriptionOnly"":""1"",""creditLessThan"":0.01,""mobileAppOnly"":""1"",""walletId"":1,""changeGameId"":1}",FREE,0.00,"{'min': 1, 'max': 3}",DAILY,,,,0.09006492512637718,1
https://spade69.co,SPADE69,143828,365 Days Free Credit,,10.00,10.0,3000,20.88,30.00,,"{""displayDescriptionOnly"":""1"",""creditLessThan"":0.01,""walletId"":1,""changeGameId"":1}",FREE,0.00,,DAILY,,,,0.017232006327094044,1
https://spade69.co,SPADE69,488020,Clover Spark,,350.00,350.0,420,25,0.00,,"{""displayDescriptionOnly"":""1"",""creditLessThan"":0.01,""walletId"":1,""changeGameId"":1,""startDate"":""2025-10-23"",""displayAngpaoText"":""1""}",FREE,0.00,,HOURLY,,,,56.47663947216554,1
https://spade69.co,SPADE69,716764,Emerald Rise,,430.00,430.0,516,50,0.00,,"{""displayDescriptionOnly"":""1"",""creditLessThan"":0.01,""walletId"":1,""changeGameId"":1,""startDate"":""2025-10-23"",""displayAngpaoText"":""1""}",FREE,0.00,,HOURLY,,,,68.96067965817517,1
https://spade69.co,SPADE69,719403,Golden Surge,,530.00,530.0,624,100,0.00,,"{""displayDescriptionOnly"":""1"",""creditLessThan"":0.01,""walletId"":1,""changeGameId"":1,""startDate"":""2025-10-27"",""displayAngpaoText"":""1""}",FREE,0.00,,HOURLY,,,,83.87943239005126,1
https://spade69.co,SPADE69,722731,Gold Frenzy,,700.00,700.0,840,200,0.00,,"{""displayDescriptionOnly"":""1"",""creditLessThan"":0.01,""walletId"":1,""changeGameId"":1,""startDate"":""2025-11-04"",""displayAngpaoText"":""1""}",FREE,0.00,,HOURLY,,,,95.58885717127997,1
https://audgo.net,AUDGO,129586,<b>FREE SPIN 365 DAY</b>,,0.00,"{'min': 0.91, 'max': 0.99}",88,20,0.00,,"{""startDate"":""2024-06-01"",""creditLessThan"":1,""displayDescriptionOnly"":""1"",""walletId"":1,""changeGameId"":1,""displayAngpaoText"":""1"",""offUsernames"":[""28A5A6353""]}",FREE,0.00,"{'min': 0.91, 'max': 0.99}",DAILY,,,,0.152982243439982,1
https://audgo.net,AUDGO,442148,<b>   Application Chips   </b>,,20.00,20.0,500,20,0.00,,"{""startDate"":""2024-06-01"",""creditLessThan"":1,""displayDescriptionOnly"":""1"",""displayAngpaoText"":""1"",""walletId"":1,""changeGameId"":1,""mobileAppOnly"":""1""}",FREE,0.00,,DAILY,,,,0.9935008859591955,1
https://mee88aus.com,MEE88 AUS,80698,HOURLY FREE CREDIT $23,,23.00,23.0,800,10,0.00,,"{""displayAngpaoText"":""0"",""walletId"":1,""changeGameId"":1,""mobileAppOnly"":""0"",""displayDescriptionOnly"":""1""}",FREE,0.00,,HOURLY,,,,0.522597244380408,1
https://betus10.co,BETUS10,218233,<b>Daily Free Credit</b>,,30.00,30.0,700,10,0.00,,"{""creditLessThan"":0.1,""displayDescriptionOnly"":""1"",""ignoreTrxAmount"":1,""changeGameId"":1,""walletId"":1}",FREE,0.00,,DAILY,,,,0.8757891750140593,1
https://betus10.co,BETUS10,218234,<b>Download App Bonus</b>,,20.00,20.0,500,10,0.00,,"{""displayDescriptionOnly"":""1"",""displayAngpaoText"":""1"",""mobileAppOnly"":""1"",""ignoreTrxAmount"":1,""changeGameId"":1,""walletId"":1}",FREE,0.00,,DAILY,,,,0.7824908919849999,0
https://betus10.co,BETUS10,218243,<b>Referred Free</b>,,6,6.0,300,50,0.00,,"{""customBonus"":""sharebonus"",""creditLessThan"":1,""startDate"":""2023-10-25"",""displayDescriptionOnly"":""1"",""displayAngpaoText"":""1"",""changeGameId"":1,""walletId"":1}",CUSTOM,0.00,,,,,,0.49874445335064066,1
https://dolphin88.co,Dolphin88,767719,<b>365 Daily App Bonus</b>,,40.88,40.88,1588,8.8,0.00,,"{""creditLessThan"":""0.10"",""mobileAppOnly"":""1"",""displayDescriptionOnly"":""1"",""walletId"":1,""changeGameId"":1}",FREE,0.00,,DAILY,,,,0.44968462803958664,0
https://dolphin88.co,Dolphin88,156000,<b>Download App Bonus</b>,,5.00,5.0,300,20,0.00,,"{""creditLessThan"":""0.10"",""mobileAppOnly"":""1"",""displayDescriptionOnly"":""1"",""walletId"":1,""changeGameId"":1}",FREE,0.00,,,,,,0.30396498381466175,0
https://dolphin88.co,Dolphin88,145970,<b>Daily Free $38.88 </b>,,38.88,38.88,1088,8.8,0.00,,"{""walletId"":1,""changeGameId"":1,""creditLessThan"":0.1,""displayDescriptionOnly"":""1""}",FREE,0.00,,DAILY,,,,0.6753956605166789,1
https://rubyaud.com,RUBY,483645,<b> Ruby Giveaway</b>,,18.00,18.0,300,10,0.00,,"{""creditLessThan"":0.1,""displayDescriptionOnly"":""1"",""walletId"":1,""changeGameId"":1}",FREE,0.00,,WEEKLY,,,,1.2900223937402764,1
https://rubyaud.com,RUBY,748034,<b> Download Apps Free </b>,,20.00,20.0,500,20,0.00,,"{""creditLessThan"":0.1,""displayDescriptionOnly"":""1"",""walletId"":1,""changeGameId"":1,""mobileAppOnly"":""1""}",FREE,0.00,,DAILY,,,,0.9935008859591955,0
https://rubyaud.com,RUBY,140758,<b>Free 365</b>,,2.00,2.0,100,10,0.00,,"{""creditLessThan"":0.1,""displayDescriptionOnly"":""1""}",FREE,0.00,,DAILY,,,,0.2850195147445152,1
https://crown69.co,CROWN69,706616,Season Kickoff,,360.00,360.0,432,20,0.00,,"{""displayDescriptionOnly"":""1"",""creditLessThan"":0.01,""walletId"":1,""changeGameId"":1,""displayAngpaoText"":""1""}",FREE,0.00,,HOURLY,,,,52.85982559147609,1
https://crown69.co,CROWN69,715976,Matchday Multiplier,,460.00,460.0,552,40,0.00,,"{""displayDescriptionOnly"":""1"",""creditLessThan"":0.01,""walletId"":1,""changeGameId"":1,""displayAngpaoText"":""1""}",FREE,0.00,,HOURLY,,,,65.38202714313287,1
https://crown69.co,CROWN69,719425,Semi-Final Surge,,580.00,580.0,696,80,0.00,,"{""displayDescriptionOnly"":""1"",""creditLessThan"":0.01,""walletId"":1,""changeGameId"":1,""displayAngpaoText"":""1""}",FREE,0.00,,HOURLY,,,,78.38406817986434,1
https://crown69.co,CROWN69,763533,Grand Final Glory,,740.00,740.0,888,160,0.00,,"{""displayDescriptionOnly"":""1"",""creditLessThan"":0.01,""walletId"":1,""changeGameId"":1,""displayAngpaoText"":""1""}",FREE,0.00,,HOURLY,,,,91.87057481826628,1
https://crown69.co,CROWN69,751188,365 Days Free Credit,,10.00,10.0,1500,20.88,0.00,,"{""displayDescriptionOnly"":""1"",""creditLessThan"":0.01,""walletId"":1,""changeGameId"":1}",FREE,0.00,,DAILY,,,,0.1024621226497607,1
https://crown69.co,CROWN69,704964,Apps Daily Free,,0.00,"{'min': 1, 'max': 3}",150,21,0.00,,"{""displayDescriptionOnly"":""1"",""creditLessThan"":0.01,""mobileAppOnly"":""1"",""walletId"":1,""changeGameId"":1}",FREE,0.00,"{'min': 1, 'max': 3}",DAILY,,,,0.09006492512637718,1
https://jaws68.com,JAWS68™ The Ultimate Sports & Pokies in Australia,799601,1X2 SOCCERS,,10.99,10.99,150,20,0.00,,"{""creditLessThan"":1,""walletId"":1,""changeGameId"":1,""displayDescriptionOnly"":""1"",""displayAngpaoText"":""1""}",FREE,0.00,,WEEKLY,,,,2.035522844239181,1
https://jaws68.com,JAWS68™ The Ultimate Sports & Pokies in Australia,799599,SOCCER MANIAC BONUS,,5.99,5.99,100,10,0.00,,"{""creditLessThan"":1,""walletId"":1,""changeGameId"":1,""displayDescriptionOnly"":""1"",""displayAngpaoText"":""1""}",FREE,0.00,,WEEKLY,,,,1.1982955349478785,1
https://jaws68.com,JAWS68™ The Ultimate Sports & Pokies in Australia,161811,<b>HOURLY NIGHT REWARDS<b>,,0.00,"{'min': 0.2, 'max': 1.8}",120,14,0.00,,"{""creditLessThan"":0.1,""claimTime"":""H=18,H=19,H=20,H=21"",""displayAngpaoText"":""1"",""mobileAppOnly"":""1"",""displayDescriptionOnly"":""1""}",FREE,0.00,"{'min': 0.2, 'max': 1.8}",HOURLY,,,,0.013364905523509637,1
https://jaws68.com,JAWS68™ The Ultimate Sports & Pokies in Australia,161574,<b>FREE CREDIT 365 DAYS<b>,,0.00,"{'min': 0.2, 'max': 2}",168,8.8,0.00,,"{""creditLessThan"":1,""displayDescriptionOnly"":""1"",""mobileAppOnly"":""1""}",FREE,0.00,"{'min': 0.2, 'max': 2}",,,,,0.00739669216334687,1
https://jaws68.com,JAWS68™ The Ultimate Sports & Pokies in Australia,,COMMISSION,COMMISSION,,0.25,,1000,,,,,,,,,,,101.60411064115601,1
https://ezaud.com,EzAud (AUD),738530,FREE CREDIT 365 DAYS,,15.00,15.0,250,15,0.00,,"{""walletId"":1,""changeGameId"":1,""displayDescriptionOnly"":""1"",""creditLessThan"":1}",FREE,0.00,,DAILY,,,,1.4738702003434807,1
https://ezaud.com,EzAud (AUD),190463,HOURLY FREE BONUS,,0.00,"{'min': 0.88, 'max': 1.88}",108,18,0.00,,"{""walletId"":1,""changeGameId"":1,""displayDescriptionOnly"":""1"",""creditLessThan"":0.1,""displayAngpaoText"":""0""}",FREE,0.00,"{'min': 0.88, 'max': 1.88}",HOURLY,,,,0.1096942498149464,1
https://ezaud.com,EzAud (AUD),185876,REFER & EARN,,10,10.0,200,20,0.00,,"{""walletId"":1,""changeGameId"":1,""customBonus"":""sharebonus"",""creditLessThan"":0.1,""startDate"":""2024-12-01"",""displayDescriptionOnly"":""1""}",CUSTOM,0.00,,,,,,1.2547964592173841,1
https://starspin996.com,StarSpin996,746776,<b>Starspin996 JILI Free #C</b>,,0.00,"{'min': 2, 'max': 5.99}",150,10,0.00,,"{""creditLessThan"":0.1,""displayAngpaoText"":""1"",""displayDescriptionOnly"":""1"",""mobileAppOnly"":""0"",""walletId"":1,""changeGameId"":1}",FREE,0.00,"{'min': 2, 'max': 5.99}",DAILY,,,,0.1716961363940331,1
https://starspin996.com,StarSpin996,805685,<b>KISSH5 DAILY FREE #C</b>,,0.00,"{'min': 5, 'max': 12.96}",100,20,0.00,,"{""creditLessThan"":0.1,""displayAngpaoText"":""1"",""displayDescriptionOnly"":""1"",""walletId"":1,""changeGameId"":1}",FREE,0.00,"{'min': 5, 'max': 12.96}",DAILY,,,,1.200121248138004,1
https://starspin996.com,StarSpin996,38560,<b>StarSpin996 Free Credit #R</b>,,0.00,"{'min': 1, 'max': 12.88}",200,10,0.00,,"{""creditLessThan"":0.1,""displayAngpaoText"":""1"",""displayDescriptionOnly"":""1"",""walletId"":1,""changeGameId"":1}",FREE,0.00,"{'min': 1, 'max': 12.88}",DAILY,,,,0.048764919680194,1
https://ispeed88au.com,ISPEED88,264591,<b>WELCOME BACK FREE</b>,,100.00,100.0,500,20,0.00,,"{""displayDescriptionOnly"":""1"",""displayAngpaoText"":""1"",""walletId"":1,""changeGameId"":1}",FREE,0.00,,,,,,8.229572442539286,0
https://ispeed88au.com,ISPEED88,15444,<b>FREE 365 Days<b>,,88.00,88.0,288,15,0.00,,"{""creditLessThan"":0.1,""displayDescriptionOnly"":""1"",""mobileAppOnly"":""0"",""displayAngpaoText"":""0"",""walletId"":1,""changeGameId"":1}",FREE,0.00,,DAILY,,,,12.629885195615032,1
https://ispeed88au.com,ISPEED88,23517,<b>JOIN TELEGRAM<b>,,100.00,100.0,888,10,0.00,,"{""displayAngpaoText"":""0"",""displayDescriptionOnly"":""1"",""mobileAppOnly"":""0"",""creditLessThan"":0.1,""registerDate"":""2023-01-01"",""mustJoinTelegramChannel"":""ispeedchannel88"",""walletId"":1,""changeGameId"":1}",FREE,0.00,,,,,,3.161437519846701,0
https://play99au.com,Play99 Aus Online Pokies,176401,<b>IOS & ANDROID APPS BONUS</b>,,18.00,18.0,388,18,0.00,,"{""creditLessThan"":1,""displayDescriptionOnly"":""1"",""mobileAppOnly"":""1"",""walletId"":1,""changeGameId"":1,""displayAngpaoText"":""0""}",FREE,0.00,,,,,,1.1485013436929892,0
https://aus2u.com,Aus2u,160303,1+1 X AUS2U 579$,,579.00,579.0,11580,18,0.00,,"{""displayAngpaoText"":""0"",""displayDescriptionOnly"":""1"",""walletId"":1,""changeGameId"":1,""creditLessThan"":0.1}",FREE,0.00,,DAILY,,,,1.559456007211032,1
https://aus2u.com,Aus2u,160307,EVERY HOUR UP TO 108$,,0.00,"{'min': 28, 'max': 60}",1888,18,0.00,,"{""displayAngpaoText"":""1"",""displayDescriptionOnly"":""1"",""walletId"":1,""changeGameId"":1,""creditLessThan"":0.1}",FREE,0.00,"{'min': 28, 'max': 60}",HOURLY,,,,0.2841488128974302,1
https://aus2u.com,Aus2u,192871,Daily Free Credit $99,,99.00,99.0,4000,20,0.00,,"{""displayAngpaoText"":""1"",""displayDescriptionOnly"":""1"",""walletId"":1,""changeGameId"":1,""creditLessThan"":0.1}",FREE,0.00,,DAILY,,,,0.6036577182586934,0
https://aus2u.com,Aus2u,160320,FRIDAY FREE $$$,,8.00,8.0,320,15,0.00,,"{""mobileAppOnly"":""1"",""claimTime"":""N=05"",""displayAngpaoText"":""0"",""displayDescriptionOnly"":""1"",""walletId"":1,""changeGameId"":1,""creditLessThan"":0.1}",FREE,0.00,,WEEKLY,,,,0.47352347797375643,0
https://aus2u.com,Aus2u,160323,EVERY DAY FREE $$$,,0.00,"{'min': 3, 'max': 10}",200,18,0.00,,"{""displayAngpaoText"":""1"",""displayDescriptionOnly"":""1"",""walletId"":1,""changeGameId"":1,""creditLessThan"":0.1}",FREE,0.00,"{'min': 3, 'max': 10}",DAILY,,,,0.249843998724747,0
https://aus2u.com,Aus2u,160324,ANDROID FREE 25$,,25.00,25.0,600,15,0.00,,"{""displayDescriptionOnly"":""1"",""mobileAppOnly"":""1"",""walletId"":1,""changeGameId"":1,""creditLessThan"":0.1}",FREE,0.00,,DAILY,,,,0.9660971283883643,1
https://ezspin68.vip,Ezspin68,470005,<b>EZ Free Credit</b>,,199.00,199.0,1990,10,0.00,,"{""creditLessThan"":1,""displayDescriptionOnly"":""1"",""mobileAppOnly"":""1"",""walletId"":1,""changeGameId"":1,""displayAngpaoText"":""0""}",FREE,0.00,,DAILY,,,,2.840657533684931,1
https://ezspin68.vip,Ezspin68,238932,<b>Free Chips</b>,,9.99,9.99,999,10,0.00,,"{""creditLessThan"":1,""displayDescriptionOnly"":""1"",""mobileAppOnly"":""1"",""walletId"":1,""changeGameId"":1}",FREE,0.00,,DAILY,,,,0.13217320343825856,1
https://7pokies.com,7POKIES,184225,Daily Free,,5.00,5.0,500,20,0.00,,"{""creditLessThan"":0.1,""displayDescriptionOnly"":""1"",""mobileAppOnly"":""0""}",FREE,0.00,,DAILY,,,,0.16051388989769858,1
https://kingdom9aus.com,Kingdom9,165998,"<b style=""color:#f1e1a0;"">365 Daily Random</b>",,0.00,"{'min': 3, 'max': 4.5}",100,20,0.00,,"{""creditLessThan"":0.1,""walletId"":1,""changeGameId"":1,""mobileAppOnly"":""1"",""displayDescriptionOnly"":""1"",""displayAngpaoText"":""1""}",FREE,0.00,"{'min': 3, 'max': 4.5}",DAILY,,,,0.6144308843868765,1
https://fatchoy66.club,Fatchoy66 Online Pokies | AtmosGroup Partnership,134969,DAILY BOUNTY REWARD,,0.00,"{'min': 6, 'max': 10}",1066,16,0.00,,"{""creditLessThan"":1,""displayDescriptionOnly"":""1"",""mobileAppOnly"":""0"",""displayAngpaoText"":""0"",""walletId"":1,""changeGameId"":1}",FREE,0.00,"{'min': 6, 'max': 10}",DAILY,,,,0.07366618347186515,1
https://ijoker88au.com,IJOKER88,212732,<b>JOIN TELEGRAM<b>,,100.00,100.0,1000,10,0.00,,"{""displayAngpaoText"":""0"",""displayDescriptionOnly"":""1"",""mobileAppOnly"":""0"",""creditLessThan"":0.1,""registerDate"":""2023-01-01"",""mustJoinTelegramChannel"":""iJokerchannel88"",""walletId"":1,""changeGameId"":1}",FREE,0.00,,,,,,2.725215249163835,1
https://ijoker88au.com,IJOKER88,212136,<b>DAILY FREE CREDIT<b>,,88.00,88.0,288,15,0.00,,"{""creditLessThan"":0.1,""displayDescriptionOnly"":""1"",""mobileAppOnly"":""0"",""displayAngpaoText"":""0"",""walletId"":1,""changeGameId"":1}",FREE,0.00,,DAILY,,,,12.629885195615032,1
https://ijoker88au.com,IJOKER88,212141,<b>FREE SHARE EVENT<b>,,1,1.0,0,288,0.00,,"{""customBonus"":""sharebonus"",""creditLessThan"":1,""startDate"":""2024-09-10"",""displayDescriptionOnly"":""1"",""mobileAppOnly"":""0"",""walletId"":1,""changeGameId"":1}",CUSTOM,0.00,,,,,,86.67105251051989,1
https://candymommy.co,CANDYMOMMY,28246,"<b style=""color:black;"">NEW REGISTER FREE</b>",,200.00,200.0,4000,20,0.00,,"{""creditLessThan"":0.1,""displayDescriptionOnly"":""1"",""registerDate"":""2022-05-06"",""walletId"":1,""changeGameId"":1}",FREE,0.00,,,,,,1.5168728522373116,1
https://candymommy.co,CANDYMOMMY,28247,"<b style=""color:black;"">HOURLY BONUS</b>",,15.00,15.0,200,5,0.00,,"{""displayDescriptionOnly"":""1"",""displayAngpaoText"":""1"",""walletId"":1,""changeGameId"":1,""creditLessThan"":0.1,""resetHour"":2}",FREE,0.00,,HOURLY,,,,1.2588993529486476,1
https://candymommy.co,CANDYMOMMY,239408,<b>Return Back Bonus,,10.00,10.0,500,10,0.00,,"{""displayDescriptionOnly"":""1""}",FREE,0.00,,MONTHLY,,,,0.31438318259269477,1
https://mb9au.net,MB9AU Online Slots,166207,<b>Daily LuckyChips</b>,,0.00,"{'min': 1.88, 'max': 3}",188,18,0.00,,"{""displayAngpaoText"":""1"",""displayDescriptionOnly"":""1"",""creditLessThan"":0.09,""walletId"":1,""changeGameId"":1,""mobileAppOnly"":""1"",""offUsernames"":[""3A1191999""]}",FREE,0.00,"{'min': 1.88, 'max': 3}",DAILY,,,,0.14667341737603662,0
https://auboss.co,AU BOSS,97014,<b>DAILY LOGIN</b>,,2.00,2.0,100,20,0.00,,"{""creditLessThan"":1,""walletId"":1,""changeGameId"":1,""displayDescriptionOnly"":""1"",""registerDate"":""2024-01-01""}",FREE,0.00,,DAILY,,,,0.36187915196815357,1
https://auboss.co,AU BOSS,826605,<b>DOWNLOAD APP FREE<b>,,10.00,10.0,500,10,0.00,,"{""creditLessThan"":0.5,""displayDescriptionOnly"":""1"",""walletId"":1,""changeGameId"":1,""mobileAppOnly"":""1"",""displayAngpaoText"":""0""}",FREE,0.00,,DAILY,,,,0.31438318259269477,0
https://bigboss88.vip,BIGBOSS,4327,RANDOM DAILY FREE CHIPS,,0.00,"{'min': 0.5, 'max': 2.08}",108,10,0.00,,"{""creditLessThan"":0.1,""displayDescriptionOnly"":""1"",""walletId"":1,""changeGameId"":1}",FREE,0.00,"{'min': 0.5, 'max': 2.08}",DAILY,,,,0.04324834391571049,1
https://kangaroo88.com,Kangaroo88,154503,Download App Bonus,,10.88,10.88,400,18,0.00,,"{""walletId"":1,""changeGameId"":1,""creditLessThan"":0.1,""displayDescriptionOnly"":""1"",""mobileAppOnly"":""0""}",FREE,0.00,,,,,,0.5701004485243653,1
https://kangaroo88.com,Kangaroo88,156359,<B>Daily Free Up To $10</B>,,0.00,"{'min': 1, 'max': 3}",200,10,0.00,,"{""walletId"":1,""changeGameId"":1,""creditLessThan"":""0.10"",""displayDescriptionOnly"":""1"",""mobileAppOnly"":""0""}",FREE,0.00,"{'min': 1, 'max': 3}",DAILY,,,,0.048764919680194,1
https://kangaroo88.com,Kangaroo88,96408,<b>SHARE BONUS</b>,,3,3.0,0,50,30,,"{""customBonus"":""sharebonus"",""creditLessThan"":0.1,""startDate"":""2023-10-01"",""displayDescriptionOnly"":""1"",""displayAngpaoText"":""1"",""walletId"":1,""changeGameId"":1}",CUSTOM,0.00,,,,,,0.36208035505062475,0
https://onewin9.com,ONEWIN9,826374,365 DAILY FREE (VPOWER),,0.00,"{'min': 2.2, 'max': 4}",80,10,0.00,,"{""creditLessThan"":0.1,""displayDescriptionOnly"":""1"",""mobileAppOnly"":""0"",""walletId"":1,""changeGameId"":1,""displayAngpaoText"":""1""}",FREE,0.00,"{'min': 2.2, 'max': 4}",DAILY,,,,0.42654982538215225,1
https://sapphireaud.com,SAPPHIRE,133076,<b>Bonza Free 365</b>,,3.00,3.0,100,10,0.00,,"{""creditLessThan"":0.1,""displayDescriptionOnly"":""1"",""displayAngpaoText"":""1""}",FREE,0.00,,DAILY,,,,0.4839316980808067,1
https://sapphireaud.com,SAPPHIRE,711479,<b>TLG Daily Free 5</b>,,5.00,5.0,150,10,0.00,,"{""displayAngpaoText"":""1"",""displayDescriptionOnly"":""1"",""creditLessThan"":0.1,""registerDate"":""2024-01-01"",""mobileAppOnly"":""0"",""mustJoinTelegramChannel"":""SapphireAUFreebieGroupA1""}",FREE,0.00,,DAILY,,,,0.5694060583180915,1
https://sapphireaud.com,SAPPHIRE,225709,<b>App Free Spin Bonza </b>,,0.00,"{'min': 10, 'max': 10.99}",600,10,0.00,,"{""creditLessThan"":0.1,""displayDescriptionOnly"":""1"",""walletId"":1,""changeGameId"":1,""mobileAppOnly"":""1"",""displayAngpaoText"":""1""}",FREE,0.00,"{'min': 10, 'max': 10.99}",DAILY,,,,0.2503126214987163,1
https://jk123au.com,Gday123 Australia,797058,"GDAY, FREE’S YOURS!",,7.00,7.0,350,30,0.00,,"{""creditLessThan"":0.5,""displayDescriptionOnly"":""1"",""displayAngpaoText"":""1"",""mobileAppOnly"":""0"",""walletId"":1,""changeGameId"":1,""offUsernames"":[""392576581"",""396299827"",""A016A2116""]}",FREE,0.00,,,,,,0.43991635215688646,0
https://win29.club,WIN29,3916,WIN29 ➖➖➖➖ EVERYDAY FREE CREDIT,,0.00,"{'min': 1, 'max': 2}",88,10,0.00,,"{""creditLessThan"":0.5,""displayDescriptionOnly"":""1"",""walletId"":1,""changeGameId"":1}",FREE,0.00,"{'min': 1, 'max': 2}",DAILY,,,,0.13607917499618158,1
https://eq9au.com,EQ9,7931,ꜰʀᴇᴇ ᴇᴠᴇʀʏᴅᴀʏ 365 ᴅᴀʏ ꜱᴘɪɴ,,0.00,"{'min': 1.88, 'max': 2.33}",288,20,0.00,,"{""displayDescriptionOnly"":""1"",""creditLessThan"":0.5,""mobileAppOnly"":""0"",""walletId"":1,""changeGameId"":1}",FREE,0.00,"{'min': 1.88, 'max': 2.33}",DAILY,,,,0.08898662455633911,1
https://eq9au.com,EQ9,264859,ᴅᴀɪʟʏ ᴘʟᴀʏᴇʀ ꜱᴘᴇᴄɪᴀʟꜱ,,0.00,"{'min': 10, 'max': 11.99}",500,20,0.00,,"{""depositTarget"":0,""depositTargetReset"":""DAILY"",""startDate"":""2025-05-11"",""displayDescriptionOnly"":""1"",""creditLessThan"":0.5,""mobileAppOnly"":""1"",""displayAngpaoText"":""1"",""walletId"":1,""changeGameId"":1}",FREE,0.00,"{'min': 10, 'max': 11.99}",DAILY,,,,0.39916115783044953,1
https://mrbet9au.info,MrBet9au,231927,<b>Ultra Daily FREE</b> <b>#R</b>,,888.00,888.0,8888,10,0.00,,"{""creditLessThan"":0.1,""startDate"":""2025-04-03"",""displayDescriptionOnly"":""1"",""walletId"":1,""changeGameId"":1,""mobileAppOnly"":""1""}",FREE,0.00,,DAILY,,,,3.0892497883969123,0
https://mrbet9au.info,MrBet9au,77230,<B>Daily Random Free</b>,,0.00,"{'min': 1, 'max': 3}",80,10,0.00,,"{""creditLessThan"":0.1,""displayDescriptionOnly"":""1"",""startDate"":""2023-05-19"",""walletId"":1,""changeGameId"":1}",FREE,0.00,"{'min': 1, 'max': 3}",DAILY,,,,0.15329660050419805,1
https://aucloud9.com,Cloud9,73754,DAILY CHECK IN BONUS,,9.00,9.0,700,20,0.00,,"{""creditLessThan"":0.01,""mobileAppOnly"":""0"",""walletId"":1,""changeGameId"":1}",FREE,0.00,,DAILY,,,,0.22819469869028952,1
https://unitedau.com,UnitedAu,448369,<B>REUNION DATE,,28.00,28.0,600,15,0.00,,"{""creditLessThan"":0.5,""displayAngpaoText"":""1"",""displayDescriptionOnly"":""1"",""walletId"":1,""changeGameld"":1}",FREE,0.00,,WEEKLY,,,,1.1213525228248111,1
https://unitedau.com,UnitedAu,186216,<b>Download App Bonus</b>,,20.00,20.0,500,5,0.00,,"{""creditLessThan"":0.5,""displayDescriptionOnly"":""1"",""walletId"":1,""changeGameId"":1,""mobileAppOnly"":""1""}",FREE,0.00,,DAILY,,,,0.5846942029551774,1
https://unitedau.com,UnitedAu,170972,<B>FREE 365</b>,,5.00,5.0,100,0.05,0.00,,"{""creditLessThan"":0.1,""displayDescriptionOnly"":""1"",""displayAngpaoText"":""1""}",FREE,0.00,,DAILY,,,,0.019232610012774754,1
https://unitedau.com,UnitedAu,127107,<b>SHARE BONUS</b>,,30,30.0,600,30,0.00,,"{""customBonus"":""sharebonus"",""creditLessThan"":0.1,""startDate"":""2024-05-05"",""displayDescriptionOnly"":""1"",""displayAngpaoText"":""1"",""walletId"":1,""changeGameId"":1}",CUSTOM,0.00,,,,,,1.5207279252292714,1
https://unitedau.com,UnitedAu,,COMMISSION,COMMISSION,,0.5,,1888,,,,,,,,,,,112.66701554198075,1
https://iau9.com,BonzaWin (AUD),817240,2026 Sign Up & Get FREE I,,9.00,9.0,299,20,0.00,,"{""displayDescriptionOnly"":""1"",""mobileAppOnly"":""0"",""displayAngpaoText"":""0"",""walletId"":1,""changeGameId"":1,""creditLessThan"":0.1}",FREE,0.00,,,,,,0.660829033571012,1
https://iau9.com,BonzaWin (AUD),485680,EXCLUSIVE APP FREE,,10.00,10.0,199,10,0.00,,"{""startDate"":""2025-08-09"",""creditLessThan"":0.1,""displayDescriptionOnly"":""1"",""mobileAppOnly"":""1"",""walletId"":1,""changeGameId"":1}",FREE,0.00,,DAILY,,,,0.9945015538788535,1
https://efa99aus.com,EFA99AUS,231928,<b>Ultra Daily FREE</b> <b>#R </b>,,888.00,888.0,8888,10,0.00,,"{""creditLessThan"":0.1,""startDate"":""2025-04-03"",""displayDescriptionOnly"":""1"",""walletId"":1,""changeGameId"":1,""mobileAppOnly"":""1""}",FREE,0.00,,DAILY,,,,3.0892497883969123,1
https://efa99aus.com,EFA99AUS,91167,<B>Daily Random Free </b>,,0.00,"{'min': 1, 'max': 8.88}",88,10,0.00,,"{""creditLessThan"":0.1,""displayDescriptionOnly"":""1"",""startDate"":""2023-05-19"",""walletId"":1,""changeGameId"":1}",FREE,0.00,"{'min': 1, 'max': 8.88}",DAILY,,,,0.13607917499618158,1
https://efa99aus.com,EFA99AUS,,COMMISSION,COMMISSION,,0.5,,1000,,,,,,,,,,,103.1825454307825,1
https://thestar.asia,TheStar,229154,FREE SPIN 365 DAYS,,388.00,388.0,3888,20,0.00,,"{""creditLessThan"":0.1,""displayDescriptionOnly"":""1"",""displayAngpaoText"":""1"",""walletId"":1,""changeGameId"":1,""mobileAppOnly"":""0""}",FREE,0.00,,DAILY,,,,3.7397661169615306,1
https://decho34.com,Decho34,795238,"<b style=""colour:white"">APP Free (Convert Deposit)",,10.00,10.0,390,21,0.00,,"{""creditLessThan"":0.01,""displayDescriptionOnly"":""1"",""mobileAppOnly"":""1"",""walletId"":1,""changeGameId"":1}",FREE,0.00,,DAILY,,,,0.5528608168460024,1
https://decho34.com,Decho34,198019,"<b style=""colour:white"">Daily Free",,6.00,6.0,390,25,0.00,,"{""creditLessThan"":0.01,""displayDescriptionOnly"":""1"",""mobileAppOnly"":""0"",""walletId"":1,""changeGameId"":1}",FREE,0.00,,DAILY,,,,0.29772725081127055,1
https://ssv96.com,SSV96,807106,SSV Daily FREE,,0.00,"{'min': 1.2, 'max': 7.5}",200,30,0.00,,"{""displayDescriptionOnly"":""1"",""mobileAppOnly"":""0"",""startDate"":""2026-04-11"",""creditLessThan"":0.1,""displayAngpaoText"":""0""}",FREE,0.00,"{'min': 1.2, 'max': 7.5}",DAILY,,,,0.0883955730623284,1
https://mkaus.co,MK Gaming,1751,Free Chips Everyday,,1.00,1.0,127,27,0.00,,"{""creditLessThan"":0.5,""mobileAppOnly"":""0"",""displayDescriptionOnly"":""1"",""walletId"":1,""changeGameId"":1}",FREE,0.00,,DAILY,,,,0.11954785632657886,1
https://inskingdom8.com,INSKINGDOM8,823234,<b>Welcome Back Free,,100.00,100.0,300,20,0.00,,"{""creditLessThan"":0.1,""displayDescriptionOnly"":""1"",""registerBeforeDate"":""2026-03-01"",""changeGameId"":1,""walletId"":1}",FREE,0.00,,,,,,15.584332644933966,1
https://inskingdom8.com,INSKINGDOM8,461126,<b>Daily Free Credit,,10.00,10.0,150,15,0.00,,"{""creditLessThan"":0.1,""displayDescriptionOnly"":""1"",""walletId"":1,""changeGameId"":1}",FREE,0.00,,DAILY,,,,1.6372423828216727,0
https://inskingdom8.com,INSKINGDOM8,237229,<B>Download Apps Free,,50.00,50.0,500,10,0.00,,"{""creditLessThan"":0.1,""displayDescriptionOnly"":""1"",""walletId"":1,""changeGameId"":1,""displayAngpaoText"":""1"",""mobileAppOnly"":""1""}",FREE,0.00,,,,,,2.60975639940788,1
https://tab9au.com,TAB9AU,7843,<b>New Register Free #C</b>,,399.00,399.0,400,50,0.00,,"{""startDate"":""2023-05-04"",""creditLessThan"":0.1,""displayDescriptionOnly"":""1"",""walletId"":1,""changeGameId"":1,""withdrawLessThan"":1}",FREE,0.00,,DAILY,,,,85.97480653166339,1
https://tab9au.com,TAB9AU,7845,<b>TAB9AU DAILY FREE #R</b>,,0.00,"{'min': 1.1, 'max': 8.8}",200,10,0.00,,"{""creditLessThan"":0.1,""displayDescriptionOnly"":""1"",""walletId"":1,""changeGameId"":1}",FREE,0.00,"{'min': 1.1, 'max': 8.8}",DAILY,,,,0.05515448999659068,1
https://tab9au.com,TAB9AU,240579,<b>TAB9AU LUCKY #R</b>,,777.00,777.0,7777,10,0.00,,"{""creditLessThan"":0.1,""displayAngpaoText"":""1"",""displayDescriptionOnly"":""1"",""walletId"":1,""changeGameId"":1}",FREE,0.00,,DAILY,,,,3.066739001598801,1
https://harbour33.com,HARBOUR33,815239,<b>⭐Harbour33 Mega Event </b>,,88.00,88.0,1000,15,0.00,,"{""creditLessThan"":0.1,""walletId"":1,""changeGameId"":1,""displayDescriptionOnly"":""1"",""registerBeforeDate"":""2026-04-30"",""displayAngpaoText"":""1""}",FREE,0.00,,,,,,2.6646490168407952,1
https://harbour33.com,HARBOUR33,135990,<b>⭐DAILY HOUR FREE,,4.00,4.0,50,10,0.00,,"{""creditLessThan"":0.1,""walletId"":1,""changeGameId"":1,""displayAngpaoText"":""1"",""displayDescriptionOnly"":""1""}",FREE,0.00,,HOURLY,,,,1.6776200232700398,1
https://harbour33.com,HARBOUR33,815675,<B>Apps Daily Free</B>,,15.00,15.0,500,10.01,0.00,,"{""creditLessThan"":0.1,""walletId"":1,""changeGameId"":1,""displayDescriptionOnly"":""1"",""mobileAppOnly"":""1""}",FREE,0.00,,,,,,0.536143501779564,1
https://luckymate88.com,Luckymate88,720141,Daily Free $5,,5.00,5.0,100,3.99,0.00,,"{""creditLessThan"":0.1,""mobileAppOnly"":""0"",""displayDescriptionOnly"":""1"",""displayAngpaoText"":""1"",""changeGameId"":1,""walletId"":1}",FREE,0.00,,DAILY,,,,0.6336356620086705,0
https://luckymate88.com,Luckymate88,720142,(Download APP) Free $10,,10.00,10.0,150,3.99,0.00,,"{""creditLessThan"":0.1,""mobileAppOnly"":""1"",""displayDescriptionOnly"":""1"",""displayAngpaoText"":""1"",""changeGameId"":1,""walletId"":1}",FREE,0.00,,WEEKLY,,,,0.9492075683724848,0
https://spinfortune777.com,SpinFortune777,149535,<b>DAILY FREE $4</b>,,4.00,4.0,150,10,0.00,,"{""creditLessThan"":0.1,""displayDescriptionOnly"":""1""}",FREE,0.00,,DAILY,,,,0.42490518688141043,1
https://spinfortune777.com,SpinFortune777,812013,<b>DAILY FREE $3</b>,,3.00,3.0,100,10,0.00,,"{""creditLessThan"":0.1,""displayDescriptionOnly"":""1""}",FREE,0.00,,DAILY,,,,0.4839316980808067,1
https://tiger88.games,TIGER88,731123,<b>Daily Telegram Task</b>,,0.00,"{'min': 2.3, 'max': 4.1}",120,20,0.00,,"{""mustJoinTelegramChannel"":""tiger88aus_channel"",""walletId"":1,""changeGameId"":1,""creditLessThan"":0.1}",FREE,0.00,"{'min': 2.3, 'max': 4.1}",DAILY,,,,0.34572365450265113,1
https://tiger88.games,TIGER88,137568,<b>Daily Free</b>,,20.00,20.0,1000,20.08,0.00,,"{""displayDescriptionOnly"":""1"",""walletId"":1,""changeGameId"":1,""creditLessThan"":0.1}",FREE,0.00,,DAILY,,,,0.4182373493869946,1
https://tiger88.games,TIGER88,141551,<b>Daily APP Free</b>,,0.00,"{'min': 2, 'max': 4.9}",300,20.03,0.00,,"{""displayDescriptionOnly"":""1"",""displayAngpaoText"":""1"",""mobileAppOnly"":""1"",""walletId"":1,""changeGameId"":1,""creditLessThan"":0.1}",FREE,0.00,"{'min': 2, 'max': 4.9}",DAILY,,,,0.0916992080530656,1
https://neolux.vip,NEOLUX,814615,"<b style=""color:#686A6C;"">365 DAY X2 FREE</b>",,10.00,10.0,150,5,0.00,,"{""creditLessThan"":0.1,""walletId"":1,""changeGameid"":1,""displayDescriptionOnly"":""1"",""changeGameId"":1}",FREE,0.00,,DAILY,,,,1.0580525410463437,1
https://neolux.vip,NEOLUX,721984,"<b style=""color:#686A6C;"">DAY5 FRIDAY</b>",,40.00,40.0,3520,15.01,0.00,,"{""creditLessThan"":0.1,""walletId"":1,""claimTime"":""N=5"",""displayDescriptionOnly"":""1""}",FREE,0.00,,DAILY,,,,0.19632193777721482,1
https://rec99au.com,REC99AU,86362,365DAYS FREE CREDIT,,0.00,"{'min': 0.5, 'max': 2}",100,10,0.00,,"{""creditLessThan"":0.1,""displayDescriptionOnly"":""1"",""displayAngpaoText"":""0""}",FREE,0.00,"{'min': 0.5, 'max': 2}",DAILY,,,,0.04761559068929372,1
https://king88pokies.com,King88,106531,"<b style=""color:#FFD700""> Share & Free</b>",,8,8.0,80,20,0.00,,"{""customBonus"":""sharebonus"",""creditLessThan"":0.1,""startDate"":""2024-02-01"",""mobileAppOnly"":""1"",""maxCount"":3,""displayAngpaoText"":""1"",""walletId"":1,""changeGameId"":1}",CUSTOM,0.00,,,,,,2.941373888267406,1
https://gembetaus.com,GEM9BET,163051,Daily Login Free,,1.99,1.99,199,20,0.00,,"{""creditLessThan"":0.01,""mobileAppOnly"":""0"",""displayAngpaoText"":""1"",""displayDescriptionOnly"":""1"",""startDate"":""2024-05-03"",""walletId"":1,""changeGameId"":1}",FREE,0.00,,DAILY,,,,0.15211115876905285,1
https://gembetaus.com,GEM9BET,163052,Download App Free,,8.88,8.88,150,20,0.00,,"{""creditLessThan"":0.1,""displayDescriptionOnly"":""1"",""mobileAppOnly"":""0"",""ignoreTrxAmount"":1,""walletId"":1,""changeGameId"":1}",FREE,0.00,,WEEKLY,,,,1.5377913956590343,1
https://mmd9.net,MMD9WIN,125041,<b>FREE CREDIT 365 days</b>,,0.00,"{'min': 0.2, 'max': 0.6}",100,20,0.00,,"{""creditLessThan"":0.1,""displayDescriptionOnly"":""1""}",FREE,0.00,"{'min': 0.2, 'max': 0.6}",DAILY,,,,0.018871434707397928,1
https://ubet66aus.com,UBET66AUS,117733,FREE 365,,0.00,"{'min': 6, 'max': 7}",366,20,0.00,,"{""creditLessThan"":0.1,""mobileAppOnly"":""1"",""displayAngpaoText"":""0""}",FREE,0.00,"{'min': 6, 'max': 7}",DAILY,,,,0.3011987879849868,1
https://aus789.com,Aus789 PayID Casino Australia,157255,<b> SHARE & GET FREE</b>,,28,12.0,476,20,0.00,,"{""customBonus"":""sharebonus"",""creditLessThan"":1,""mobileAppOnly"":""0"",""displayAngpaoText"":""0"",""startDate"":""2023-08-20"",""maxCount"":5,""displayDescriptionOnly"":""1"",""walletId"":1,""changeGameId"":1}",CUSTOM,0.00,,,,,,0.5395267609504637,1
https://aus789.com,Aus789 PayID Casino Australia,175114,<b>APP Download Bonus $16</b>,,16.00,16.0,500,20,0.00,,"{""startDate"":""2023-09-17"",""creditLessThan"":0.2,""displayDescriptionOnly"":""0"",""mobileAppOnly"":""1"",""displayAngpaoText"":""0"",""walletId"":1,""changeGameId"":1}",FREE,0.00,,,,,,0.7407651230185881,1
https://kaboom77.com,Kaboom77,100598,Daily Check In Chip,,0.00,"{'min': 3, 'max': 5}",200,17,0.00,,"{""creditLessThan"":0.1,""mobileAppOnly"":""1"",""walletId"":1,""changeGameId"":1,""displayDescriptionOnly"":""1"",""max_round"":""1"",""initial_free_limit"":""0"",""deposit_free_limit"":""0"",""min_withdraw"":""230"",""max_withdraw"":""17"",""reset"":""DAILY""}",FREE,0.00,"{'min': 3, 'max': 5}",DAILY,,,,0.24525624164854992,1
https://nextpokies.com,NextPokies,174796,Daily Free Coins,,0.00,"{'min': 3, 'max': 6}",200,20,0.00,,"{""creditLessThan"":0.1,""mobileAppOnly"":""0"",""walletId"":1,""changeGameId"":1,""displayDescriptionOnly"":""1"",""max_round"":""1"",""initial_free_limit"":""0"",""deposit_free_limit"":""0"",""min_withdraw"":""100"",""max_withdraw"":""20"",""reset"":""DAILY""}",FREE,0.00,"{'min': 3, 'max': 6}",DAILY,,,,0.258336364051047,1
https://space9au.com,SPACE9,1015,ꜰʀᴇᴇ ꜱᴘɪɴ 365 ᴅᴀʏ,,0.00,"{'min': 1.88, 'max': 2.18}",200,20,0.00,,"{""displayDescriptionOnly"":""1"",""creditLessThan"":0.5,""mobileAppOnly"":""0"",""walletId"":1,""changeGameId"":1}",FREE,0.00,"{'min': 1.88, 'max': 2.18}",DAILY,,,,0.1403711469669602,1
https://space9au.com,SPACE9,264860,Dᴀɪʟʏ ᴀᴜꜱꜱɪᴇ ʀᴇᴡᴀʀᴅꜱ,,0.00,"{'min': 10, 'max': 11.99}",500,20,0.00,,"{""depositTarget"":0,""depositTargetReset"":""DAILY"",""startDate"":""2025-05-11"",""displayDescriptionOnly"":""1"",""creditLessThan"":0.5,""mobileAppOnly"":""1"",""displayAngpaoText"":""1"",""walletId"":1,""changeGameId"":1,""max_round"":""1"",""initial_free_limit"":""0"",""deposit_free_limit"":""0"",""rollover"":""0.00"",""min_withdraw"":""500.00"",""max_withdraw"":""20.00"",""reset"":""DAILY""}",FREE,0.00,"{'min': 10, 'max': 11.99}",DAILY,,,,0.39916115783044953,1
https://cyberbet77.com,CYBERBET77,822980,<B>⭐️Daily Hour Free </b>,,3.00,3.0,50,10,0.00,,"{""creditLessThan"":0.1,""walletId"":1,""changeGameId"":1,""displayAngpaoText"":""1"",""displayDescriptionOnly"":""1""}",FREE,0.00,,HOURLY,,,,1.1509900370660882,1
https://cyberbet77.com,CYBERBET77,822804,<b>⭐️WELCOME BACK AUD88<b>,,88.00,88.0,2000,10,0.00,,"{""creditLessThan"":0.1,""walletId"":1,""changeGameId"":1,""displayDescriptionOnly"":""1"",""registerBeforeDate"":""2026-05-25"",""displayAngpaoText"":""0""}",FREE,0.00,,,,,,0.9689408750939845,1
https://cyberbet77.com,CYBERBET77,127033,<B>Free 365 Days</B>,,2.00,2.0,100,20,0.00,,"{""creditLessThan"":1,""walletId"":1,""changeGameId"":1,""displayDescriptionOnly"":""1"",""registerDate"":""2023-10-21""}",FREE,0.00,,DAILY,,,,0.36187915196815357,1
https://glbet9.com,GLBET9,698755,<b>365 DAILY FREE</b>,,0.00,"{'min': 1, 'max': 2.5}",200,20,0.00,,"{""displayDescriptionOnly"":""1"",""mobileAppOnly"":""1"",""startDate"":""2025-09-30"",""creditLessThan"":0.1,""displayAngpaoText"":""1""}",FREE,0.00,"{'min': 1, 'max': 2.5}",DAILY,,,,0.06191508604413313,1
https://glbet9.com,GLBET9,698799,<b>TGIF FORTUNE FREE BONUS</b>,,8.88,8.88,800,20,0.00,,"{""displayDescriptionOnly"":""1"",""mobileAppOnly"":""1"",""startDate"":""2025-01-01"",""creditLessThan"":0.1,""displayAngpaoText"":""1"",""walletId"":1,""changeGameId"":1,""claimTime"":""N=05""}",FREE,0.00,,WEEKLY,,,,0.18973568373457492,1
https://we1winau.com,We1winAU,264418,<b>Review Bonus<b>,,38.00,38.0,380,10,0.00,,"{""creditLessThan"":0.1,""walletId"":1,""changeGameId"":1,""displayAngpaoText"":""0"",""displayDescriptionOnly"":""1""}",FREE,0.00,,WEEKLY,,,,2.5644268469069895,0
https://we1winau.com,We1winAU,16642,<b>Daily Free Credit<b>,,5.00,5.0,50,0.05,0.00,,"{""displayDescriptionOnly"":""1"",""displayAngpaoText"":""1"",""creditLessThan"":0.1,""walletId"":1,""changeGameId"":1}",FREE,0.00,,DAILY,,,,0.04574311333452862,0
https://we1winau.com,We1winAU,16665,<b>We1winAU Download APP Free<b>,,20.00,20.0,200,10,0.00,,"{""mobileAppOnly"":""1"",""displayAngpaoText"":""1"",""displayDescriptionOnly"":""1"",""creditLessThan"":0.1,""walletId"":1,""changeGameId"":1}",FREE,0.00,,,,,,2.4598255150108943,1
https://southern9.com,SOUTHERN9,262040,APP DOWNLOAD BONUS,,15.00,15.0,750,20,0.00,,"{""creditLessThan"":1,""walletId"":1,""changeGameId"":1,""displayDescriptionOnly"":""1"",""displayAngpaoText"":""0"",""mobileAppOnly"":""1""}",FREE,0.00,,DAILY,,,,0.4099127212306195,1
https://southern9.com,SOUTHERN9,15629,DAILY FREE CREDIT,,0.00,"{'min': 0.5, 'max': 15}",188,30,0.00,,"{""creditLessThan"":0.1,""displayDescriptionOnly"":""1"",""displayAngpaoText"":""0"",""walletId"":1,""changeGameId"":1}",FREE,0.00,"{'min': 0.5, 'max': 15}",DAILY,,,,0.030975642674429368,1
https://southern9.com,SOUTHERN9,21644,DOWNLINE REGISTER GET,,2,2.0,40,10,0.00,,"{""customBonus"":""sharebonus"",""creditLessThan"":0.01,""startDate"":""2025-01-20"",""displayAngpaoText"":""1"",""displayDescriptionOnly"":""1"",""fixRT"":1}",CUSTOM,0.00,,,,,,0.8959826648794043,1
https://super996.com,SUPER996,96553,"<b style=""color:#00FFFF;"">SHARE & INVITE</b>",,10,10.0,200,20,0.00,,"{""customBonus"":""sharebonus"",""creditLessThan"":0.1,""startDate"":""2023-03-22"",""displayDescriptionOnly"":""1"",""walletId"":1,""changeGameId"":1,""mobileAppOnly"":""1"",""maxCount"":2}",CUSTOM,0.00,,,,,,1.2547964592173841,1
https://audwin9.com,AUDWIN9,134746,VIP Daily Free Credit $19.99,,19.99,19.99,139,9,0.00,,"{""creditLessThan"":0.5,""displayDescriptionOnly"":""1"",""offUsernames"":[""195295275"",""185529750""],""displayAngpaoText"":""0"",""changeGameId"":1,""walletId"":1}",FREE,0.00,,DAILY,,,,3.719829734402207,1
https://audwin9.com,AUDWIN9,137085,DOWNLINE DEPOSIT FREE AUD 9,,9,9.0,27,9,0.00,,"{""customBonus"":""downlinedeposit"",""creditLessThan"":0.1,""startDate"":""2024-06-24"",""displayDescriptionOnly"":""1"",""walletId"":1,""changeGameId"":1}",CUSTOM,0.00,,,10.00,,,10.09647804665611,1
https://audwin9.com,AUDWIN9,137677,SHARE 1 MEMBER GET AUD 9,,9,9.0,27,9,0.00,,"{""customBonus"":""sharebonus"",""creditLessThan"":0.1,""startDate"":""2024-06-28"",""mobileAppOnly"":""0"",""displayDescriptionOnly"":""1"",""walletId"":1,""changeGameId"":1,""maxCount"":1}",CUSTOM,0.00,,,,,,10.09647804665611,1
https://audwin9.com,AUDWIN9,,COMMISSION,COMMISSION,,0.5,,500,,,,,,,,,,,92.84527558728135,1
https://umi999.com,UMI999,451987,DAILY GET FREE,,28.00,28.0,40,20,0.00,,"{""walletId"":1,""changeGameId"":1,""creditLessThan"":0.01,""fixRT"":1,""displayDescriptionOnly"":""1""}",FREE,0.00,,DAILY,,,,36.34879055449345,1
https://umi999.com,UMI999,200992,DAILY RANDOM,,0.00,"{'min': 1.88, 'max': 8.88}",30,20,0.00,,"{""walletId"":1,""changeGameId"":1,""creditLessThan"":0.01,""fixRT"":1,""displayDescriptionOnly"":""1""}",FREE,0.00,"{'min': 1.88, 'max': 8.88}",DAILY,,,,1.503708915641496,1
https://umi999.com,UMI999,695731,APP BONUS,,18.00,18.0,68,20,0.00,,"{""walletId"":1,""changeGameId"":1,""creditLessThan"":0.01,""fixRT"":1,""displayDescriptionOnly"":""1"",""mobileAppOnly"":""1""}",FREE,0.00,,,,,,10.472530755252265,1
https://umi999.com,UMI999,169087,Sign In Day 5,,24.00,24.0,35,20,0.00,,"{""walletId"":1,""changeGameId"":1,""claimTime"":""N=05"",""creditLessThan"":0.01,""fixRT"":1,""displayDescriptionOnly"":""1""}",FREE,0.00,,WEEKLY,,,,35.070573992962686,1
https://vip777au.com,VIP777AU,484053,<b>Vip777au Giveaway </b>,,18.00,18.0,300,10,0.00,,"{""creditLessThan"":0.1,""walletId"":1,""changeGameId"":1,""displayDescriptionOnly"":""1""}",FREE,0.00,,WEEKLY,,,,1.2900223937402764,1
https://vip777au.com,VIP777AU,175472,<b>Free All Slot 365Days</b>,,5.00,5.0,100,0.05,0.00,,"{""creditLessThan"":0.1,""displayDescriptionOnly"":""1""}",FREE,0.00,,DAILY,,,,0.019232610012774754,1
https://vip777au.com,VIP777AU,448902,<b>Daily Social Free,,0.00,"{'min': 2, 'max': 2.28}",100,0.05,0.00,,"{""displayAngpaoText"":""1"",""displayDescriptionOnly"":""1"",""creditLessThan"":0.1,""registerDate"":""2024-01-01"",""mobileAppOnly"":""0"",""mustJoinTelegramChannel"":""VIP777AUOFFICIALCHANNEL""}",FREE,0.00,"{'min': 2, 'max': 2.28}",DAILY,,,,0.005799314537889773,1
https://vip777au.com,VIP777AU,448901,<b>▶️Download Apps Free,,20.00,20.0,600,5,0.00,,"{""creditLessThan"":0.5,""displayDescriptionOnly"":""1"",""walletId"":1,""changeGameId"":1,""mobileAppOnly"":""1""}",FREE,0.00,,DAILY,,,,0.4655348848810012,1
https://vip777au.com,VIP777AU,198718,<b>VIP BONUS </b>,,2,2.0,200,200,0.00,,"{""customBonus"":""manual"",""displayAngpaoText"":""0"",""displayDescriptionOnly"":""1"",""creditLessThan"":0,""fixRT"":1}",CUSTOM,0.00,,DAILY,,,,0.26503515720048193,1
https://magicspin77aus.com,MagicSpin77,225027,DAILY LUCKY FREE 0.01～9.99,,0.00,"{'min': 1, 'max': 6.66}",100,30,0.00,,"{""creditLessThan"":0.01,""displayDescriptionOnly"":""1"",""mobileAppOnly"":""1"",""walletId"":1,""changeGameId"":1}",FREE,0.00,"{'min': 1, 'max': 6.66}",DAILY,,,,0.16609764269953625,1
https://thepokies33.com,ThePokies33,,Daily Rollover Rebate 0.6%,REBATE,,0.11,,3000,,,,,,,,,,,116.55934812325836,1
https://richman96.com,Richman96 Official Site - Online Gaming Australia,124299,Daily Check In Free,,6.00,6.0,500,20,0.00,,"{""creditLessThan"":0.01,""mobileAppOnly"":""0"",""walletId"":1,""changeGameId"":1}",FREE,0.00,,DAILY,,,,0.2039351427681441,1
https://sp77aud.co,SP77AUD,773328,<b>Social Free IIII⭐,,30.00,30.0,2000,30,0.00,,"{""displayAngpaoText"":""0"",""displayDescriptionOnly"":""1"",""creditLessThan"":0.1,""mustJoinTelegramChannel"":""igaxspeedau33"",""walletId"":1,""changeGameId"":1}",FREE,0.00,,,,,,0.337639376332024,1
https://sp77aud.co,SP77AUD,822724,<b>Top Tier Rewards</b>,,10,10.0,500,50,0.00,,"{""startDate"":""2026-05-25"",""userTag"":{""bonusFixed"":{""VVIP"":{""BRONZE"":10,""SILVER"":10,""GOLD"":30,""PLATINUM"":40,""DIAMOND"":50,""ELITE"":60,""MASTER"":70}},""onlyFor"":""VVIP""},""creditLessThan"":0.1,""displayAngpaoText"":""1"",""walletId"":1,""changeGameId"":1,""displayDescriptionOnly"":""1""}",FREE,0.00,,,,,,0.5154936789098663,1
https://sp77aud.co,SP77AUD,154184,<B>DAILY FREE CHIPS,,10.00,10.0,600,10,0.00,,"{""creditLessThan"":0.1,""walletId"":1,""changeGameId"":1,""displayDescriptionOnly"":""1""}",FREE,0.00,,DAILY,,,,0.2503126214987163,1
https://diamondaud.com,DIAMONDAUD,122637,<b>Daily Free </b>,,10.00,10.0,600,10,0.00,,"{""creditLessThan"":0.1,""walletId"":1,""changeGameId"":1,""displayDescriptionOnly"":""1""}",FREE,0.00,,DAILY,,,,0.2503126214987163,1
https://rolex9.net,Rolex9,751797,Apps Daily Free,,20.00,20.0,300,10,0.00,,"{""creditLessThan"":1,""displayDescriptionOnly"":""1"",""mobileAppOnly"":""1"",""displayAngpaoText"":""1""}",FREE,0.00,,DAILY,,,,1.4818021759296418,1
https://rolex9.net,Rolex9,124167,Free 365 Days Bonus up to 99AUD,,0.00,"{'min': 1, 'max': 2}",100,30,0.00,,"{""lastWeekTotalDepositTarget"":10,""creditLessThan"":0.1,""startDate"":""2025-02-09"",""displayDescriptionOnly"":""1"",""mobileAppOnly"":""0""}",FREE,0.00,"{'min': 1, 'max': 2}",DAILY,,,,0.16609764269953625,1
https://won96.com,WON96,140842,365 DAYS RANDOM JACKPOT,,0.00,"{'min': 2, 'max': 5.36}",669.6,20,36.96,,"{""creditLessThan"":0.1,""walletId"":1,""changeGameId"":1,""displayDescriptionOnly"":""1""}",FREE,0.00,"{'min': 2, 'max': 5.36}",DAILY,,,,0.01179652989720825,1
https://keno99.com,Keno99,690698,<b>Daily Free Point</b>,,3200.00,3200.0,0,15,64000.00,,"{""creditLessThan"":1,""mobileAppOnly"":""0"",""walletId"":1,""changeGameId"":1,""displayAngpaoText"":""1"",""displayDescriptionOnly"":""1""}",FREE,0.00,,DAILY,,,,2.0881815322696407e-08,1
https://keno99.com,Keno99,690699,<b>Earn Point Bonus</b>,,198.00,198.0,238,10,0.00,,"{""creditLessThan"":1,""mobileAppOnly"":""0"",""walletId"":1,""changeGameId"":1,""displayAngpaoText"":""1"",""displayDescriptionOnly"":""1""}",FREE,0.00,,DAILY,,,,40.12357847203428,1
https://keno99.com,Keno99,215423,<b>Free Credit 365 Days</b>,,0.00,"{'min': 1, 'max': 4.99}",200,10,0.00,,"{""mobileAppOnly"":""1"",""displayAngpaoText"":""1"",""creditLessThan"":0.1,""walletId"":1,""changeGameId"":1,""displayDescriptionOnly"":""1""}",FREE,0.00,"{'min': 1, 'max': 4.99}",DAILY,,,,0.048764919680194,1
https://goldencrown96.com,IPAY7,200115,"<b style=""color:gold"">FREE CREDIT 365DAY </b>",,2.00,2.0,200,20,0.00,,"{""walletId"":1,""changeGameId"":1,""displayDescriptionOnly"":""1""}",FREE,0.00,,DAILY,,,,0.15215144082253726,1
https://slotmate88.com,SlotMate88,125755,Daily Check In Bonus,,0.00,"{'min': 3, 'max': 5}",200,20,0.00,,"{""displayDescriptionOnly"":""1"",""creditLessThan"":""0.1"",""mobileAppOnly"":""0"",""walletId"":1,""changeGameId"":1}",FREE,0.00,"{'min': 3, 'max': 5}",DAILY,,,,0.258336364051047,0
https://dns33.com,DNS33,126430,☘️DNS33☘️ DAILY GIVEAWAY CHIP,,0.00,"{'min': 1, 'max': 2.5}",100,10,0.00,,"{""displayDescriptionOnly"":""1"",""creditLessThan"":0.5,""mobileAppOnly"":""0"",""walletId"":1,""changeGameId"":1}",FREE,0.00,"{'min': 1, 'max': 2.5}",DAILY,,,,0.11598317889244583,1
https://dns33.com,DNS33,126431,DOWNLINE GAIN & WITHDRAW AUD 30,,8,8.0,240,30,0.00,,"{""customBonus"":""sharebonus"",""creditLessThan"":0.5,""startDate"":""2023-11-21"",""displayDescriptionOnly"":""1"",""displayAngpaoText"":""1"",""walletId"":1,""changeGameId"":1}",CUSTOM,0.00,,DAILY,,,,0.8402879928088312,1
https://ss9au.net,SS9AU,762318,Daily No Deposit Boost,,10.00,10.0,199,10,0.00,,"{""displayDescriptionOnly"":""1"",""mobileAppOnly"":""1"",""displayAngpaoText"":""1"",""creditLessThan"":0.1,""ignoreTrxAmount"":1,""startDate"":""2026-01-23"",""changeGameId"":1,""walletId"":1}",FREE,0.00,,DAILY,,,,0.9945015538788535,0
https://pp99au.com,PP99,16504,PP99 REBATE BALANCE REDEMPTION,,5,5.0,288.88,50,0.00,,"{""customBonus"":""manual"",""maxWithdrawTimeAmount"":1,""fixRT"":1,""displayDescriptionOnly"":""1"",""showIfAmount"":1}",CUSTOM,0.00,,,,,,0.41153175404209363,1
https://pp99au.com,PP99,28753,APPS DAILY FREE,,30.00,30.0,600,20,0.00,,"{""creditLessThan"":1,""walletId"":1,""changeGameId"":1,""displayDescriptionOnly"":""1"",""displayAngpaoText"":""1"",""mobileAppOnly"":""1""}",FREE,0.00,,DAILY,,,,1.3482549626236184,1
https://cr33au.com,CR33,691058,"<b style=""color:#;"">Daily Free Points</b>",,3200.00,3200.0,64000,15,0.00,,"{""creditLessThan"":1,""mobileAppOnly"":""0"",""walletId"":1,""changeGameId"":1}",FREE,0.00,,DAILY,,,,1.6087605116993464,1
https://cr33au.com,CR33,691170,"<b style=""color:#;"">Daily Points Reward</b>",,198.00,198.0,238,10,0.00,,"{""creditLessThan"":1,""mobileAppOnly"":""1"",""walletId"":1,""changeGameId"":1}",FREE,0.00,,DAILY,,,,40.12357847203428,1
https://fc8au.com,FC8AU,243987,LUCKY DAILY WIN FREE,,500.00,500.0,10000,10,0.00,,"{""displayDescriptionOnly"":""1"",""creditLessThan"":0.1,""walletId"":1,""changeGameId"":1}",FREE,0.00,,DAILY,,,,1.2595888978752612,1
https://fc8au.com,FC8AU,113347,365 DAYS FREE CREDIT,,0.00,"{'min': 0.5, 'max': 2}",100,10,0.00,,"{""creditLessThan"":0.1,""displayDescriptionOnly"":""1"",""displayAngpaoText"":""0""}",FREE,0.00,"{'min': 0.5, 'max': 2}",DAILY,,,,0.04761559068929372,1
https://play77au.com,PLAY77,16726,Mobile Hourly Free Credit,,0.00,"{'min': 1.77, 'max': 97.77}",777,10,0.00,,"{""walletId"":1,""changeGameId"":1,""displayDescriptionOnly"":""1"",""mobileAppOnly"":""1"",""displayAngpaoText"":""0""}",FREE,0.00,"{'min': 1.77, 'max': 97.77}",HOURLY,,,,0.018740098917771862,1
https://play77au.com,PLAY77,16066,DAILY CHECK IN : DAY 5,,4.00,4.0,100,10,0.00,,"{""claimTime"":""N=5"",""creditLessThan"":0.1,""maxRoundTargetAll"":500,""displayAngpaoText"":""0"",""walletId"":1,""changeGameId"":1,""displayDescriptionOnly"":""1""}",FREE,0.00,,DAILY,,,,0.7053523318628149,1
https://world99aud.com,WORLD99,140160,<b>Daily Free</b>,,20.00,20.0,499,10,0.00,,"{""creditLessThan"":""0.10"",""displayDescriptionOnly"":""1"",""changeGameId"":1,""walletId"":1}",FREE,0.00,,DAILY,,,,0.7844515302831455,1
https://world99aud.com,WORLD99,146386,<b>Download App Bonus</b>,,20.00,20.0,499,10,0.00,,"{""creditLessThan"":0.1,""displayDescriptionOnly"":""1"",""displayAngpaoText"":""1"",""mobileAppOnly"":""1"",""ignoreTrxAmount"":1,""changeGameId"":1,""walletId"":1}",FREE,0.00,,DAILY,,,,0.7844515302831455,1
https://vip77.club,VIP77,6205,⭐ VIP77 ⭐ DAILY FREEBIE,,0.00,"{'min': 1, 'max': 2.5}",100,10,0.00,,"{""displayDescriptionOnly"":""1"",""creditLessThan"":0.5,""mobileAppOnly"":""0"",""walletId"":1,""changeGameId"":1}",FREE,0.00,"{'min': 1, 'max': 2.5}",DAILY,,,,0.11598317889244583,1
https://vip77.club,VIP77,6217,⭐ VIP77 ⭐ DOWNLINE CONTRIBUTION $30 GET,,10,10.0,200,20,0.00,,"{""customBonus"":""downlinedeposit"",""creditLessThan"":0.5,""startDate"":""2023-11-21"",""displayDescriptionOnly"":""1"",""walletId"":1,""changeGameId"":1}",CUSTOM,0.00,,DAILY,30.00,,,1.2547964592173841,1
https://riches88.live,RICHES88,197659,<b>365 Day Free </b>,,10.00,10.0,450,10.01,0.00,,"{""creditLessThan"":0.1,""walletId"":1,""changeGameld"":1,""displayDescriptionOnly"":""1""}",FREE,0.00,,DAILY,,,,0.3587737939829095,1
https://riches88.live,RICHES88,763676,<b>Download Apps Free</b>,,20.00,20.0,600,5,0.00,,"{""creditLessThan"":0.5,""displayDescriptionOnly"":""1"",""walletId"":1,""changeGameId"":1,""mobileAppOnly"":""1""}",FREE,0.00,,DAILY,,,,0.4655348848810012,0
https://riches88.live,RICHES88,712165,<b>TELEGRAM FREE</b>,,100.00,100.0,800,10,0.00,,"{""mustJoinTelegramChannel"":""riches88au"",""walletId"":1,""changeGameld"":1,""displayDescriptionOnly"":""1""}",FREE,0.00,,,,,,3.6019553639448203,1
https://pokiesbillion.com,POKIESBILLION,786911,<b>✅Hourly Free,,3.00,3.0,100,10,0.00,,"{""creditLessThan"":0.1,""walletId"":1,""changeGameld"":1,""displayAngpaoText"":""1"",""displayDescriptionOnly"":""1""}",FREE,0.00,,HOURLY,,,,0.4839316980808067,1
https://pokiesbillion.com,POKIESBILLION,236699,<b>Free All Slot 365Days,,3.00,3.0,150,5,0.00,,"{""creditLessThan"":0.1,""displayDescriptionOnly"":""1"",""displayAngpaoText"":""1""}",FREE,0.00,,DAILY,,,,0.21783090350714057,1
https://pokiesbillion.com,POKIESBILLION,236710,<b>Daily Social Free,,0.00,"{'min': 2, 'max': 2.28}",100,5,0.00,,"{""displayAngpaoText"":""1"",""displayDescriptionOnly"":""1"",""creditLessThan"":0.1,""registerDate"":""2024-01-01"",""mobileAppOnly"":""0"",""mustJoinTelegramChannel"":""Pokiesbillionofficialchannel""}",FREE,0.00,"{'min': 2, 'max': 2.28}",DAILY,,,,0.21297277668940628,1
https://pokiesbillion.com,POKIESBILLION,241382,<b>Download PokiesBillion APK</b>,,20.00,20.0,250,8,0.00,,"{""creditLessThan"":0.1,""displayDescriptionOnly"":""1"",""registerDate"":""2024-06-17"",""walletId"":1,""changeGameId"":1,""mobileAppOnly"":""1"",""displayAngpaoText"":""1""}",FREE,0.00,,DAILY,,,,1.7053401711079323,1
https://pokiesbillion.com,POKIESBILLION,802814,<b>Restore Maintenance Bonus</b>,,8.00,8.0,500,8,0.00,,"{""displayDescriptionOnly"":""1"",""walletId"":1,""changeGameId"":1}",FREE,0.00,,,,,,0.2148104872235273,0
https://pokiesbillion.com,POKIESBILLION,453201,<b>Back with Us !</b>,,15.00,15.0,180,15,0.00,,"{""creditLessThan"":0.1,""displayDescriptionOnly"":""1"",""walletId"":1,""changeGameId"":1}",FREE,0.00,,WEEKLY,,,,2.222253595595884,1
https://redspin88.com,RedSpin,261145,<b>New Register Free Spin 88 !!<b>,,0.10,0.1,300,10,0.00,,"{""freeRoundAPI"":{""site"":""BNG2"",""params"":{""campaign"":""BNG free spin"",""total_rounds"":88,""game_id"":""496"",""bonus_type"":""FIXED_FREEBET"",""total_bet"":0.2,""round_bet"":0.2}},""displayDescriptionOnly"":""1"",""creditLessThan"":""0.01"",""displayAngpaoText"":""0"",""startDate"":""2026-03-23"",""walletId"":1,""changeGameId"":1}",FREE,0.00,,,,,,0.0015710272013834679,0
https://redspin88.com,RedSpin,261147,<b>Hours Free Spin<b>,,0.10,0.1,50,10,0.00,,"{""freeRoundAPI"":{""site"":""BNG2"",""params"":{""campaign"":""BNG free spin"",""total_rounds"":5,""game_id"":""496"",""bonus_type"":""FIXED_FREEBET"",""total_bet"":0.2,""round_bet"":0.2}},""displayDescriptionOnly"":""1"",""creditLessThan"":""0.01"",""displayAngpaoText"":""0"",""walletId"":1,""changeGameId"":1}",FREE,0.00,,HOURLY,,,,0.01475274268656574,1
https://redspin88.com,RedSpin,261148,<b>Daily Free Spin<b>,,0.10,0.1,50,10,0.00,,"{""freeRoundAPI"":{""site"":""BNG2"",""params"":{""campaign"":""BNG free spin"",""total_rounds"":10,""game_id"":""496"",""bonus_type"":""FIXED_FREEBET"",""total_bet"":0.2,""round_bet"":0.2}},""displayDescriptionOnly"":""1"",""creditLessThan"":""0.01"",""displayAngpaoText"":""0"",""walletId"":1,""changeGameId"":1}",FREE,0.00,,DAILY,,,,0.01475274268656574,1
https://redspin88.com,RedSpin,13376,Hours Free,,0.00,"{'min': 1, 'max': 3}",50,15,0.00,,"{""displayAngpaoText"":""1"",""displayDescriptionOnly"":""1"",""walletId"":1,""changeGameId"":1,""creditLessThan"":""0.01""}",FREE,0.00,"{'min': 1, 'max': 3}",HOURLY,,,,0.3189611167718035,1
https://redspin88.com,RedSpin,10474,[App] Daily Free,,20.00,20.0,500,10,0.00,,"{""mobileAppOnly"":""1"",""walletId"":1,""changeGameId"":1,""creditLessThan"":""0.01"",""displayDescriptionOnly"":""1""}",FREE,0.00,,DAILY,,,,0.7824908919849999,1
https://redspin88.com,RedSpin,9866,Daily Free Credit,,3.00,3.0,50,15,50.00,,"{""displayAngpaoText"":""1"",""displayDescriptionOnly"":""1"",""walletId"":1,""changeGameId"":1,""creditLessThan"":0.1}",FREE,0.00,,DAILY,,,,0.09630685317048444,1
https://redspin88.com,RedSpin,261152,<b>DOWNLOAD APP GIFT FREESPIN<b>,,0.10,0.1,100,10,0.00,,"{""freeRoundAPI"":{""site"":""BNG2"",""params"":{""campaign"":""BNG free spin"",""total_rounds"":30,""game_id"":""496"",""bonus_type"":""FIXED_FREEBET"",""total_bet"":0.2,""round_bet"":0.2}},""displayDescriptionOnly"":""1"",""creditLessThan"":""0.01"",""displayAngpaoText"":""0"",""startDate"":""2026-03-23"",""walletId"":1,""changeGameId"":1,""mobileAppOnly"":""1""}",FREE,0.00,,,,,,0.006202764220146792,1
https://kingpower365.com,EclBetAu,165434,Free Spin Everyday,,0.00,"{'min': 10, 'max': 30.18}",388,20,0.00,,"{""walletId"":1,""changeGameId"":1,""displayDescriptionOnly"":""1"",""creditLessThan"":0.1}",FREE,0.00,"{'min': 10, 'max': 30.18}",DAILY,,,,0.5480511862644672,1
https://kingpower365.com,EclBetAu,165435,Free Spin Every Hour,,0.00,"{'min': 10, 'max': 13.99}",388,18,0.00,,"{""walletId"":1,""changeGameId"":1,""displayDescriptionOnly"":""1"",""creditLessThan"":0.1}",FREE,0.00,"{'min': 10, 'max': 13.99}",HOURLY,,,,0.530034942564644,1
https://rolex66.vip,Rolex66 AUD,213618,<b>Daily Checkin</b>,,38.00,38.0,1688,20,0.00,,"{""creditLessThan"":0.1,""displayDescriptionOnly"":""1"",""mobileAppOnly"":""1"",""walletId"":1,""changeGameId"":1}",FREE,0.00,,DAILY,,,,0.504885880297683,1
https://solidluck33.com,SOLIDLUCK33,202791,<b>EVERY HOUR FREE,,0.00,"{'min': 3, 'max': 9}",450,10,0.00,,"{""resetCustom"":""1 hour"",""creditLessThan"":0.01,""walletId"":1,""changeGameId"":1,""displayDescriptionOnly"":""1""}",FREE,0.00,"{'min': 3, 'max': 9}",,,,,0.0738360453038537,1
https://epicpokies.com,EPICPOKIES,156193,<b>FREE 365 BONUS<b>,,3.00,3.0,800,5.88,0.00,,"{""creditLessThan"":1,""displayDescriptionOnly"":""1"",""displayAngpaoText"":""1""}",FREE,0.00,,DAILY,,,,0.028929287473351824,1
https://epicpokies.com,EPICPOKIES,466842,<b>DOWNLOAD APPS FREE $10<b>,,10.00,10.0,1200,7.88,0.00,,"{""registerDate"":""2022-01-22"",""creditLessThan"":1,""displayDescriptionOnly"":""1"",""mobileAppOnly"":""1"",""walletId"":1,""changeGameId"":1}",FREE,0.00,,DAILY,,,,0.09584693151797527,1
https://epicpokies.com,EPICPOKIES,761421,<b> DAILY SOCIAL FREE<b>,,10.00,10.0,2000,10.88,0.00,,"{""displayAngpaoText"":""1"",""displayDescriptionOnly"":""1"",""creditLessThan"":0.1,""registerDate"":""2024-01-01"",""mobileAppOnly"":""0"",""mustJoinTelegramChannel"":""epicpokiesofficial"",""walletId"":1,""changeGameId"":1}",FREE,0.00,,DAILY,,,,0.05735933333083013,1
https://onya88.com,ONYA88,181325,DOWNLOAD APP,,18.88,18.88,888,10,888.00,,"{""creditLessThan"":0.1,""displayDescriptionOnly"":""1"",""walletId"":1,""changeGameId"":1,""mobileAppOnly"":""1""}",FREE,0.00,,,,,,0.0001980131597355911,1
https://onya88.com,ONYA88,168312,365 FREE,,10.00,10.0,200,10,200.00,,"{""creditLessThan"":0.1,""displayDescriptionOnly"":""1"",""walletId"":1,""changeGameId"":1}",FREE,0.00,,DAILY,,,,0.005052329097779615,1
https://pokies4bet.com,POKIES4BET,768051,"<a style=""color:#CBFB66"">DAILY RANDOM FREE</a>",,0.00,"{'min': 2, 'max': 8}",999,10,0.00,,"{""creditLessThan"":0.1,""startDate"":""2026-01-01"",""displayAngpaoText"":""1"",""walletId"":1,""changeGameId"":1,""mobileAppOnly"":""0""}",FREE,0.00,"{'min': 2, 'max': 8}",DAILY,,,,0.016047882507679904,1
https://pokies4bet.com,POKIES4BET,,COMMISSION,COMMISSION,,0.08,,,,,,,,,,,,,119.62460133306742,1
https://betworld96au.com,Betworld96 Australia Online Casino,209850,Install Betworld96 To Claim Free AUD 18.96,,18.96,18.96,379.2,20,0.00,,"{""mobileAppOnly"":""1"",""walletId"":1,""changeGameId"":1,""displayAngpaoText"":""0"",""displayDescriptionOnly"":""1""}",FREE,0.00,,,,,,1.3085425077050103,1
https://jackpotau.com,JACKPOTAU,771378,WELCOME BACK FREE,,100.00,100.0,2000,20,0.00,,"{""displayAngpaoText"":""0"",""walletId"":1,""changeGameId"":1,""displayDescriptionOnly"":""1""}",FREE,0.00,,MONTHLY,,,,1.4547966200963671,1
https://jackpotau.com,JACKPOTAU,487171,Everyday Free Chip,,10.00,10.0,100,15,0.00,,"{""displayDescriptionOnly"":""1"",""walletId"":1,""changeGameId"":1,""displayAngpaoText"":""1""}",FREE,0.00,,DAILY,,,,2.717859814853726,1
https://jackpotau.com,JACKPOTAU,153171,Daily App Free Credit,,0.00,"{'min': 5, 'max': 15.99}",188,15,0.00,,"{""walletId"":1,""changeGameId"":1,""creditLessThan"":0.5,""displayDescriptionOnly"":""1"",""mobileAppOnly"":""1""}",FREE,0.00,"{'min': 5, 'max': 15.99}",DAILY,,,,0.4964712300624686,1
https://jackpotau.com,JACKPOTAU,151824,App Hours Free Up To 88,,0.00,"{'min': 5, 'max': 19.99}",388,10,0.00,,"{""walletId"":1,""changeGameId"":1,""displayDescriptionOnly"":""1"",""creditLessThan"":0.50,""mobileAppOnly"":""1""}",FREE,0.00,"{'min': 5, 'max': 19.99}",HOURLY,,,,0.17357872757482712,1
https://live77bet.com,LiveBet,451639,Hourly Check In Free,,3.00,3.0,300,20,0.00,,"{""creditLessThan"":0.1,""mobileAppOnly"":""1"",""walletId"":1,""changeGameId"":1}",FREE,0.00,,HOURLY,,,,0.15562217077453888,1
https://dd8au.com,DD8AU,469162,DAILY FREE,,500.00,500.0,10000,10,0.00,,"{""creditLessThan"":0.1, ""displayDescriptionOnly"":""1"",""walletId"":1,""changeGameId"":1}",FREE,0.00,,DAILY,,,,1.2595888978752612,1
https://dd8au.com,DD8AU,126511,365 DAYS FREE,,0.00,"{'min': 0.5, 'max': 2}",100,10,0.00,,"{""creditLessThan"":0.1,""displayDescriptionOnly"":""1"",""displayAngpaoText"":""0""}",FREE,0.00,"{'min': 0.5, 'max': 2}",DAILY,,,,0.04761559068929372,1
https://aus88win.com,Aus88Win,481100,Special Daily Free,,11.88,11.88,260,20,0.00,,"{""creditLessThan"":0.1,""displayDescriptionOnly"":""1"",""mobileAppOnly"":""1"",""displayAngpaoText"":""1"",""walletId"":1,""changeGameId"":1}",FREE,0.00,,DAILY,,,,1.133868810775502,1
https://aus88win.com,Aus88Win,91147,365Days Free Credit,,0.00,"{'min': 0.4, 'max': 1.7}",150,20,0.00,,"{""creditLessThan"":0.1,""displayDescriptionOnly"":""1"",""mobileAppOnly"":""1"",""displayAngpaoText"":""1""}",FREE,0.00,"{'min': 0.4, 'max': 1.7}",DAILY,,,,0.02739461594675941,1
https://richspinau.com,RICHSPINAU,210265,<b>FREE 365</b>,,5.00,5.0,50,15,0.00,,"{""creditLessThan"":""0.01"",""displayDescriptionOnly"":""1"",""walletId"":1,""changeGameId"":1}",FREE,0.00,,DAILY,,,,2.5994345850328084,1
https://richspinau.com,RICHSPINAU,710814,<b>Download App Bonus</b>,,20.00,20.0,300,15,0.00,,"{""displayDescriptionOnly"":""1"",""displayAngpaoText"":""1"",""mobileAppOnly"":""1"",""walletId"":1,""changeGameId"":1}",FREE,0.00,,DAILY,,,,1.713347554490281,1
https://pokiesking1.com,PokiesKing,783650,<b>DAILY FREE UP TO 569$</b>,,0.00,"{'min': 10, 'max': 569}",1888,18,0.00,,"{""displayAngpaoText"":""1"",""displayDescriptionOnly"":""1"",""walletId"":1,""changeGameId"":1,""creditLessThan"":0.1}",FREE,0.00,"{'min': 10, 'max': 569}",DAILY,,,,0.07334012924310933,1
https://pokiesking1.com,PokiesKing,86258,<b>FREE FOR EVERYONE</b>,,28.88,28.88,577.6,28,0.00,,"{""displayAngpaoText"":""1"",""displayDescriptionOnly"":""1"",""walletId"":1,""changeGameId"":1,""creditLessThan"":0.1}",FREE,0.00,,DAILY,,,,1.4875227342262929,1
https://clubimperioaus.com,Club Imperio Aus,60807,<b>365Days FreeBonus</b>,,1.00,1.0,138,20,0.00,,"{""creditLessThan"":0.5,""mobileAppOnly"":""0"",""displayDescriptionOnly"":""1""}",FREE,0.00,,DAILY,,,,0.09845439717382848,1
https://luxeau777.com,LUXEAU777,230235,<b>Free Slot 365Days,,3.00,3.0,150,5,0.00,,"{""creditLessThan"":0.1,""displayDescriptionOnly"":""1"",""displayAngpaoText"":""1""}",FREE,0.00,,DAILY,,,,0.21783090350714057,1
https://luxeau777.com,LUXEAU777,447384,<b>Luxury Event Giveaway</b>,,18.00,18.0,250,5,0.00,,"{""displayDescriptionOnly"":""1"",""walletId"":1,""changeGameId"":1}",FREE,0.00,,WEEKLY,,,,1.2106630945902142,1
https://luxeau777.com,LUXEAU777,775516,<b>Download Luxeau777 APK</b>,,20.00,20.0,300,15,0.00,,"{""creditLessThan"":0.1,""displayDescriptionOnly"":""1"",""registerDate"":""2024-06-17"",""walletId"":1,""changeGameId"":1,""mobileAppOnly"":""1"",""displayAngpaoText"":""1""}",FREE,0.00,,DAILY,,,,1.713347554490281,1
https://all117.com,ALL117,477629,<b>⭐ALL117⭐ DAILY BOOST MODE: ON</b>,,0.00,"{'min': 1, 'max': 1.2}",117,17,0.00,,"{""displayDescriptionOnly"":""1"",""creditLessThan"":0.5,""mobileAppOnly"":""0"",""displayAngpaoText"":""1"",""walletId"":1,""changeGameId"":1}",FREE,0.00,"{'min': 1, 'max': 1.2}",DAILY,,,,0.11489104355568931,1
https://wombats88.com,Wombats88,159928,<b>Download APP</b>,,5.00,5.0,250,20,0.00,,"{""walletId"":1,""changeGameId"":1,""creditLessThan"":""0.10"",""mobileAppOnly"":""1"",""displayDescriptionOnly"":""1"",""displayAngpaoText"":""1""}",FREE,0.00,,,,,,0.38176851984621313,1
https://wombats88.com,Wombats88,102199,<B>Daily Free</B>,,5.00,5.0,488,25,0.00,,"{""walletId"":1,""changeGameId"":1,""creditLessThan"":0.1,""displayDescriptionOnly"":""1"",""registerDate"":""2023-10-01""}",FREE,0.00,,DAILY,,,,0.1770700527999645,1
https://wombats88.com,Wombats88,102164,<b>SHARE BONUS</b>,,32,32.0,640,0.1,0.00,,"{""customBonus"":""sharebonus"",""creditLessThan"":0.1,""startDate"":""2024-02-01"",""displayDescriptionOnly"":""1"",""displayAngpaoText"":""1"",""walletId"":1,""changeGameId"":1}",CUSTOM,0.00,,,,,,0.04238429146588324,1
https://on88aud.io,On88aud,94420,365DAYS FREE CREDIT,,0.00,"{'min': 0.1, 'max': 0.4}",20,20,0.00,,"{""displayDescriptionOnly"":""1"",""walletId"":1,""changeGameId"":1,""creditLessThan"":0.1}",FREE,0.00,"{'min': 0.1, 'max': 0.4}",DAILY,,,,0.058882568508224,1
https://wildngo.net,WILD'N GO,698818,<b>DOWNLOAD APP FREE</b>,,0.00,"{'min': 1, 'max': 1.5}",100,5,0.00,,"{""creditLessThan"":0.5,""displayDescriptionOnly"":""1"",""walletId"":1,""changeGameId"":1,""mobileAppOnly"":""1""}",FREE,0.00,"{'min': 1, 'max': 1.5}",DAILY,,,,0.08666515231467559,1
https://wildngo.net,WILD'N GO,725093,<b>DAY5 FRIDAY</b>,,40.00,40.0,3520,14.85,0.00,,"{""creditLessThan"":0.1,""walletId"":1,""claimTime"":""N=5"",""displayDescriptionOnly"":""1""}",FREE,0.00,,DAILY,,,,0.1956108988461168,1
https://mrpokies77.com,MR.POKIES77,700744,<b>Welcome Back</b>,,18.00,18.0,540,18,0.00,,"{""displayDescriptionOnly"":""1""}",FREE,0.00,,WEEKLY,,,,0.7597644432639724,1
https://mrpokies77.com,MR.POKIES77,180941,<b>FREE 365</b>,,5.00,5.0,100,0.05,0.00,,"{""creditLessThan"":0.1,""displayDescriptionOnly"":""1"",""displayAngpaoText"":""1""}",FREE,0.00,,DAILY,,,,0.019232610012774754,0
https://mrpokies77.com,MR.POKIES77,213611,<b>Download Apps Daily</b>,,20.00,20.0,500,5,0.00,,"{""creditLessThan"":0.1,""displayDescriptionOnly"":""1"",""registerDate"":""2024-06-17"",""walletId"":1,""changeGameld"":1,""mobileAppOnly"":""1"",""displayAngpaoText"":""1""}",FREE,0.00,,DAILY,,,,0.5846942029551774,1
https://glorya77.com,GLORYA77,194932,Daily Bonus,,0.00,"{'min': 5, 'max': 11.77}",30,20,0.00,,"{""walletId"":1,""changeGameId"":1,""creditLessThan"":0.01,""fixRT"":1,""displayDescriptionOnly"":""1""}",FREE,0.00,"{'min': 5, 'max': 11.77}",DAILY,,,,5.405346720904275,1
https://glorya77.com,GLORYA77,695301,<b>APP Bonus Free<b>,,18.00,18.0,68,20,0.00,,"{""walletId"":1,""changeGameId"":1,""creditLessThan"":0.01,""fixRT"":1,""displayDescriptionOnly"":""1""}",FREE,0.00,,,,,,10.472530755252265,1
https://glorya77.com,GLORYA77,162604,Sign In Day 5,,25.00,25.0,37,20,0.00,,"{""walletId"":1,""changeGameId"":1,""claimTime"":""N=05"",""creditLessThan"":0.01,""fixRT"":1,""displayDescriptionOnly"":""1""}",FREE,0.00,,WEEKLY,,,,34.52164051855226,1
https://lego66.co,Lego77,138302,<b>Daily Free</b>,,30.00,30.0,666,10,0.00,,"{""creditLessThan"":""0.10"",""displayDescriptionOnly"":""1"",""changeGameId"":1,""walletId"":1}",FREE,0.00,,DAILY,,,,0.9320288086791834,1
https://lego66.co,Lego77,150368,<b>Download App Bonus</b>,,20.00,20.0,666,10,0.00,,"{""creditLessThan"":0.1,""displayDescriptionOnly"":""1"",""displayAngpaoText"":""1"",""mobileAppOnly"":""1"",""ignoreTrxAmount"":1,""changeGameId"":1,""walletId"":1}",FREE,0.00,,DAILY,,,,0.5468258165210306,1
https://22pokies.com,22pokies,57885,"<b style=""color:#000000;"">Daily Random Free</b>",,0.00,"{'min': 0.15, 'max': 1}",100,22.22,0.00,,"{""creditLessThan"":0.5,""displayDescriptionOnly"":""1""}",FREE,0.00,"{'min': 0.15, 'max': 1}",DAILY,,,,0.013556625404185547,1
https://me99aud.com,Me99,463295,New Free 365 Days Bonus,,0.00,"{'min': 1, 'max': 2.99}",100,30,0.00,,"{""creditLessThan"":1,""displayDescriptionOnly"":""1"",""mobileAppOnly"":""0"",""displayAngpaoText"":""1"",""walletId"":1,""changeGameId"":1}",FREE,0.00,"{'min': 1, 'max': 2.99}",DAILY,,,,0.16609764269953625,1
https://me99aud.com,Me99,99833,me99 APP BONUS,,15.00,15.0,500,10,0.00,,"{""creditLessThan"":1,""displayDescriptionOnly"":""1"",""mobileAppOnly"":""1"",""displayAngpaoText"":""1"",""fixRT"":1,""walletId"":1,""changeGameId"":1}",FREE,0.00,,DAILY,,,,0.5359404081626119,1
https://penguin88.club,PENGUIN88,129048,<b>Daily Free 365Days</b>,,10.00,10.0,555,23,0.00,,"{""walletId"":1,""changeGameId"":1,""creditLessThan"":0.1,""displayDescriptionOnly"":""1"",""registerDate"":""2023-10-01""}",FREE,0.00,,DAILY,,,,0.36570981837787514,1
https://penguin88.club,PENGUIN88,129046,<b>SHARE BONUS</b>,,1,1.0,15,20,0.00,,"{""customBonus"":""sharebonus"",""creditLessThan"":1,""startDate"":""2024-02-01"",""walletId"":1,""changeGameId"":1}",CUSTOM,0.00,,,,,,1.577501938388805,1
https://penguin88.club,PENGUIN88,140065,<b>Download APP</b>,,8.00,8.0,300,20,0.00,,"{""walletId"":1,""changeGameId"":1,""creditLessThan"":""0.10"",""mobileAppOnly"":""1"",""displayDescriptionOnly"":""1"",""displayAngpaoText"":""1""}",FREE,0.00,,,,,,0.563652124200173,1
https://luck77au.com,LUCK777AU,805371,<b>Super Daily Free</b>,,0.00,"{'min': 1.88, 'max': 2}",150,20,0.00,,"{""creditLessThan"":0.1,""displayDescriptionOnly"":""1"",""mobileAppOnly"":""0"",""walletId"":1,""changeGameId"":1}",FREE,0.00,"{'min': 1.88, 'max': 2}",DAILY,,,,0.20111815176837178,1
https://luck77au.com,LUCK777AU,745211,<b>Luck777au Giveaway</b>,,18.00,18.0,300,15,0.00,,"{""displayDescriptionOnly"":""1"",""walletId"":1,""changeGameId"":1}",FREE,0.00,,WEEKLY,,,,1.4916003967708757,1
https://aud33.com,AUD33,456145,DAILY FREE,,5.00,5.0,500,20,0.00,,"{""displayDescriptionOnly"":""1"",""mobileAppOnly"":""0""}",FREE,0.00,,DAILY,,,,0.16051388989769858,1
https://bs22au.com,BS22AU,92187,365 DAYS FREE CREDIT,,0.00,"{'min': 0.2, 'max': 2.3}",100,20,0.00,,"{""customBonus"":""manual"",""creditLessThan"":0.1,""walletId"":1,""changeGameId"":1,""showIfAmount"":1,""fixRT"":1,""displayDescriptionOnly"":""1""}",FREE,0.00,"{'min': 0.2, 'max': 2.3}",DAILY,,,,0.018871434707397928,1
https://ipay9aud.com,iPAY9,817609,iPAY9 APP BONUS,,10.00,10.0,500,15,0.00,,"{""creditLessThan"":1,""displayDescriptionOnly"":""1"",""mobileAppOnly"":""1"",""displayAngpaoText"":""1"",""ignoreTrxAmount"":1,""walletId"":1,""changeGameId"":1}",FREE,0.00,,MONTHLY,,,,0.36350848029368854,1
https://ipay9aud.com,iPAY9,45251,FREE 365 DAYS BONUS,,0.00,"{'min': 1, 'max': 1.5}",100,30,0.00,,"{""creditLessThan"":0.1,""startDate"":""2025-02-09"",""displayDescriptionOnly"":""1"",""mobileAppOnly"":""0"",""changeGameId"":1,""walletId"":1}",FREE,0.00,"{'min': 1, 'max': 1.5}",DAILY,,,,0.16609764269953625,1
https://tab99au.com,TAB99AU,163342,365 Days Random Free AUD10,,0.00,"{'min': 1.1, 'max': 2}",99,10,0.00,,"{""creditLessThan"":0.1,""displayDescriptionOnly"":""1"",""displayAngpaoText"":""1""}",FREE,0.00,"{'min': 1.1, 'max': 2}",DAILY,,,,0.13283862586452513,1
https://aus33.com,AUS33,807529,<b>EXCLUSIVE DAILY TREAT</b>,,0.00,"{'min': 0.5, 'max': 1.11}",100,10,0.00,,"{""creditLessThan"":0.5,""displayDescriptionOnly"":""1"",""displayAngpaoText"":""1"",""walletId"":1,""changeGameId"":1}",FREE,0.00,"{'min': 0.5, 'max': 1.11}",DAILY,,,,0.04761559068929372,1
https://u2win.online,U2WIN,9693,<b>365 Daily Free</b>,,5.00,5.0,300,20,0.00,,"{""fixRT"":1,""creditLessThan"":0.5,""displayDescriptionOnly"":""1"",""walletId"":1,""changeGameId"":1}",FREE,0.00,,DAILY,,,,0.30396498381466175,1
https://bonus96.com,Bonus96,812307,<b>Limited TwoJ Event</b>,,0.00,"{'min': 39, 'max': 96}",2000,20,0.00,,"{""walletId"":1,""changeGameId"":1,""creditLessThan"":0.1,""displayDescriptionOnly"":""1"",""displayAngpaoText"":""1"",""mobileAppOnly"":""0"",""startDate"":""2026-05-01"",""endDate"":""2026-06-30""}",FREE,0.00,"{'min': 39, 'max': 96}",DAILY,,,,0.4226164954004325,1
https://pokies33au.com,Pokies33,107538,Daily Free,,13.00,13.0,1033,20,0.00,,"{""creditLessThan"":0.1,""walletId"":1,""changeGameId"":1}",FREE,0.00,,DAILY,,,,0.22757738635714025,1
https://bigpay77.net,BigPay77,66662,Free 365 Days Bonus,,0.00,"{'min': 1, 'max': 2}",100,30,0.00,,"{""creditLessThan"":0.1,""startDate"":""2025-02-09"",""displayDescriptionOnly"":""1"",""mobileAppOnly"":""0""}",FREE,0.00,"{'min': 1, 'max': 2}",DAILY,,,,0.16609764269953625,0
https://bigpay77.net,BigPay77,750465,Apps Daily Free,,17.00,17.0,500,10,0.00,,"{""creditLessThan"":1,""displayDescriptionOnly"":""1"",""mobileAppOnly"":""1"",""displayAngpaoText"":""1"",""fixRT"":1,""walletId"":1,""changeGameId"":1}",FREE,0.00,,DAILY,,,,0.6318727500544004,1
https://royale9au.com,Royale9 Jernice,146402,365 Days Free Chips,,0.00,"{'min': 1.99, 'max': 3.99}",39,10,0.00,,"{""displayDescriptionOnly"":""1"",""mobileAppOnly"":""1"",""creditLessThan"":0.1,""displayAngpaoText"":""1"",""walletId"":1,""changeGameId"":1}",FREE,0.00,"{'min': 1.99, 'max': 3.99}",DAILY,,,,0.9187718784013765,1
https://royale9au.com,Royale9 Jernice,753506,Checkin Friday,,8.00,8.0,290,15,0.00,,"{""displayDescriptionOnly"":""1"",""displayAngpaoText"":""0"",""claimTime"":""N=05"",""walletId"":1,""changeGameId"":1}",FREE,0.00,,WEEKLY,,,,0.5355271486208287,1
https://eebet9.com,EEBET9,821277,"<b style=""color:#b3e9ff;"">DAILY FREE $1 - $100</b>",,0.00,"{'min': 1.02, 'max': 2.2}",488,30,0.00,,"{""creditLessThan"":0.1,""mobileAppOnly"":""0"",""displayDescriptionOnly"":""1"",""displayAngpaoText"":""1"",""walletId"":1,""changeGameId"":1}",FREE,0.00,"{'min': 1.02, 'max': 2.2}",DAILY,,,,0.023493233576637896,1
https://eebet9.com,EEBET9,79616,"<b style=""color:#b3e9ff;"">SHARE & INVITE</b>",,5,5.0,100,20,0.00,,"{""customBonus"":""sharebonus"",""creditLessThan"":0.1,""startDate"":""2023-03-22"",""displayDescriptionOnly"":""1"",""maxCount"":1,""mobileAppOnly"":""1"",""walletId"":1,""changeGameId"":1}",CUSTOM,0.00,,,,,,1.200121248138004,1
https://aud365.co,AUDBET365,824563,<b>SITE UPGRADE REWARDS</b> #R,,38.00,38.0,388,20,0.00,,"{""creditLessThan"":0.1,""displayAngpaoText"":""1"",""displayDescriptionOnly"":""1"",""walletId"":1,""changeGameId"":1,""mobileAppOnly"":""1""}",FREE,0.00,,,,,,3.1722625280912125,1
https://aud365.co,AUDBET365,776605,<b>App Free $188</b> #C,,188.00,188.0,238,100,0.00,,"{""creditLessThan"":0.1,""displayDescriptionOnly"":""1"",""registerDate"":""2023-04-05"",""walletId"":1,""changeGameId"":1,""displayAngpaoText"":""1"",""mobileAppOnly"":""1""}",FREE,0.00,,,,,,72.15791076458724,1
https://aud365.co,AUDBET365,22400,<b>Free Credit 365 Days</b> #R,,0.00,"{'min': 1, 'max': 10}",100,10,0.00,,"{""creditLessThan"":0.1,""displayAngpaoText"":""1"",""displayDescriptionOnly"":""1"",""walletId"":1,""changeGameId"":1,""mobileAppOnly"":""1""}",FREE,0.00,"{'min': 1, 'max': 10}",DAILY,,,,0.11598317889244583,1
https://aud365.co,AUDBET365,230762,<b>Ultra Daily FREE</b> #R,,888.00,888.0,8888,10,0.00,,"{""creditLessThan"":0.1,""startDate"":""2024-12-21"",""displayDescriptionOnly"":""1"",""walletId"":1,""changeGameId"":1,""mobileAppOnly"":""1""}",FREE,0.00,,DAILY,,,,3.0892497883969123,1
https://aud365.co,AUDBET365,212420,<b>DAILY JILI GIFT</b> #R,,0.00,"{'min': 1, 'max': 2.88}",100,10,0.00,,"{""creditLessThan"":0.1,""startDate"":""2024-12-21"",""displayDescriptionOnly"":""1"",""walletId"":1,""changeGameId"":1,""mobileAppOnly"":""1""}",FREE,0.00,"{'min': 1, 'max': 2.88}",DAILY,,,,0.11598317889244583,1
https://gwin9au.com,Gwin9,,Rollover Rebate,REBATE,,0.12,,999,,,,,,,,,,,100.63883524031816,0
https://cashnet99.com,CASHNET,9874,Daily Free Credit,,5.00,5.0,50,10,0.00,,"{""displayAngpaoText"":""1"",""displayDescriptionOnly"":""1"",""walletId"":1,""changeGameId"":1,""creditLessThan"":0.1}",FREE,0.00,,DAILY,,,,2.248141548510455,1
https://cashnet99.com,CASHNET,262568,<b> Download App Gift FreeSpin<b>,,0.10,0.1,100,10,0.00,,"{""freeRoundAPI"":{""site"":""BNG2"",""params"":{""campaign"":""BNG free spin"",""total_rounds"":30,""game_id"":""496"",""bonus_type"":""FIXED_FREEBET"",""total_bet"":0.2,""round_bet"":0.2}},""displayDescriptionOnly"":""1"",""creditLessThan"":""0.01"",""displayAngpaoText"":""0"",""startDate"":""2026-03-23"",""walletId"":1,""changeGameId"":1,""mobileAppOnly"":""1""}",FREE,0.00,,,,,,0.006202764220146792,1
https://bunny96.com,Bunny96 (AUD),186021,<b>Telegram Bonus</b>,,9.60,9.6,960,19.6,0.00,,"{""claimGroup"":""tele"",""creditLessThan"":0.1,""displayAngpaoText"":""1"",""displayDescriptionOnly"":""1"",""walletId"":1,""changeGameId"":1,""mustJoinTelegramChannel"":""BUNNY96AU_96"",""showIfAmount"":0}",FREE,0.00,,,,,,0.1663224213795627,1
https://acehighwin.com,ACEHIGHWIN,199753,<B>Daily Free(Event),,15.00,15.0,600,10,0.00,,"{""creditLessThan"":0.1,""walletId"":1,""changeGameId"":1,""displayDescriptionOnly"":""1""}",FREE,0.00,,DAILY,,,,0.4267170000250283,1
https://champion9.com,Champion9 Customer Service,782908,"<b style=""color:#ffbe27;"">365 DAILY LUCKY FREE</b>",,0.00,"{'min': 0.5, 'max': 7.5}",200,20,0.00,,"{""displayDescriptionOnly"":""1"",""mobileAppOnly"":""0"",""startDate"":""2026-03-01"",""creditLessThan"":0.1,""displayAngpaoText"":""1""}",FREE,0.00,"{'min': 0.5, 'max': 7.5}",DAILY,,,,0.025418542781136515,1
https://galaxyau.com,Galaxy AU,467884,<b>App Free</b> (Convert Deposit),,10.00,10.0,288,20,0.00,,"{""creditLessThan"":0.5,""mobileAppOnly"":""1"",""displayDescriptionOnly"":""1"",""walletId"":1,""changeGameId"":1}",FREE,0.00,,DAILY,,,,0.7954633400358477,1
https://galaxyau.com,Galaxy AU,160283,Attend Reward,,3.00,3.0,138,20,0.00,,"{""creditLessThan"":0.5,""mobileAppOnly"":""0"",""displayDescriptionOnly"":""1"",""walletId"":1,""changeGameId"":1}",FREE,0.00,,DAILY,,,,0.4107940829250386,1
https://rtpvictory88.com,RTPVICTORY88,825902,<b>WELCOME BACK FREE<b>,,100.00,100.0,300,20,0.00,,"{""creditLessThan"":0.1,""displayDescriptionOnly"":""1"",""registerBeforeDate"":""2026-05-25"",""changeGameId"":1,""walletId"":1}",FREE,0.00,,,,,,15.584332644933966,1
https://rtpvictory88.com,RTPVICTORY88,212060,<b>DAILY FREE CREDIT<b>,,10.00,10.0,100,15,0.00,,"{""creditLessThan"":0.1,""walletId"":1,""changeGameId"":1,""displayDescriptionOnly"":""1""}",FREE,0.00,,DAILY,,,,2.717859814853726,1
https://rtpvictory88.com,RTPVICTORY88,221847,<b>HOURLY FREE CREDIT,,3.00,3.0,50,10,0.00,,"{""creditLessThan"":0.1,""walletId"":1,""changeGameId"":1,""displayDescriptionOnly"":""1""}",FREE,0.00,,HOURLY,,,,1.1509900370660882,1
https://rtpvictory88.com,RTPVICTORY88,245109,<B>Download Apps Free,,50.00,50.0,500,15,0.00,,"{""creditLessThan"":0.1,""displayDescriptionOnly"":""1"",""walletId"":1,""changeGameId"":1,""displayAngpaoText"":""1"",""mobileAppOnly"":""1""}",FREE,0.00,,,,,,3.0175551213073413,1
https://v6aus.com,V6Bet,63209,365Days  Free Chips,,0.00,"{'min': 0.98, 'max': 1}",88,20,0.00,,"{""startDate"":""2023-06-01"",""creditLessThan"":1,""displayDescriptionOnly"":""1"",""changeGameId"":1}",FREE,0.00,"{'min': 0.98, 'max': 1}",DAILY,,,,0.16832766133117538,1
https://v6aus.com,V6Bet,703767,Daily Random Free,,0.00,"{'min': 5, 'max': 9.99}",180,20,0.00,,"{""creditLessThan"":1,""displayDescriptionOnly"":""1"",""mobileAppOnly"":""0"",""displayAngpaoText"":""1"",""walletId"":1,""changeGameId"":1}",FREE,0.00,"{'min': 5, 'max': 9.99}",DAILY,,,,0.5756181688969978,1
https://ubet96.com,Ubet AUS,704577,APP BONUS,,10.00,10.0,289,19,0.00,,"{""creditLessThan"":0.1,""mobileAppOnly"":""1"",""displayAngpaoText"":""0""}",FREE,0.00,,,,,,0.7793316153788195,1
https://ubet96.com,Ubet AUS,103793,365 Daily Free,,0.00,"{'min': 0.1, 'max': 2.99}",128,15,0.00,,"{""creditLessThan"":0.1,""mobileAppOnly"":""0""}",FREE,0.00,"{'min': 0.1, 'max': 2.99}",DAILY,,,,0.005267785127779085,1
https://gofun33.com,GoFun333,178593,<b>Free Spin 365 Days</b>,,0.00,"{'min': 2, 'max': 3.6}",150,20,0.00,,"{""creditLessThan"":1,""displayDescriptionOnly"":""1"",""walletId"":1,""changeGameId"":1,""displayAngpaoText"":""1"",""mobileAppOnly"":""0""}",FREE,0.00,"{'min': 2, 'max': 3.6}",DAILY,,,,0.21799648452203674,1
https://betman9.com,BETMAN9,823856,BETMAN 9 x BNG,,9.00,9.0,199,20,0.00,,"{""mobileAppOnly"":""1"",""displayDescriptionOnly"":""1"",""displayAngpaoText"":""0"",""walletId"":1,""changeGameId"":1,""creditLessThan"":0.1}",FREE,0.00,,,,,,1.0992886789080416,1
https://speed9.co,SPEED 9,18139,SPEED 9 APP BONUS,,3.00,3.0,100,20,0.00,,"{""creditLessThan"":1,""displayDescriptionOnly"":""1"",""mobileAppOnly"":""1"",""displayAngpaoText"":""1"",""ignoreTrxAmount"":1,""walletId"":1,""changeGameId"":1,""offUsernames"":[""1A297A70"",""10171192""]}",FREE,0.00,,DAILY,,,,0.6144308843868765,1
https://ufo9.asia,UFO9,87760,Free Chips 365 Days,,0.00,"{'min': 1.88, 'max': 3.88}",150,20,0.00,,"{""creditLessThan"":0.1,""displayDescriptionOnly"":""1"",""mobileAppOnly"":""0"",""walletId"":1,""changeGameId"":1,""offUsernames"":[""391953656""]}",FREE,0.00,"{'min': 1.88, 'max': 3.88}",DAILY,,,,0.20111815176837178,1
https://safeau.net,SafeAu,219016,<b>Daily Delights</b>,,6.66,6.66,450,15,0.00,,"{""walletId"":1,""changeGameId"":1,""creditLessThan"":0.01,""displayDescriptionOnly"":""1""}",FREE,0.00,,DAILY,,,,0.24300022756739084,1
https://safeau.net,SafeAu,461642,<B>DOWNLOAD APP FREE</B>,,10.00,10.0,399,15,0.00,,"{""creditLessThan"":0.01,""displayDescriptionOnly"":""1"",""displayAngpaoText"":""1"",""mobileAppOnly"":""1"",""walletId"":1,""changeGameId"":1}",FREE,0.00,,DAILY,,,,0.48195993017267924,1
https://tab968.com,TAB968,247301,<b>Tab968 Giveaway</b>,,28.00,28.0,600,20,0.00,,"{""displayDescriptionOnly"":""1"",""walletId"":1,""changeGameId"":1}",FREE,0.00,,WEEKLY,,,,1.231334055770084,1
https://tab968.com,TAB968,258366,<b>Download Apps Tab968</b>,,20.00,20.0,500,20,0.00,,"{""creditLessThan"":0.5,""displayDescriptionOnly"":""1"",""walletId"":1,""changeGameId"":1,""mobileAppOnly"":""1""}",FREE,0.00,,DAILY,,,,0.9935008859591955,1
https://kingtech88.com,KINGTECH88,1647,Daily Free Chips,,2.88,2.88,100,10,0.00,,"{""creditLessThan"":0.2,""displayDescriptionOnly"":""1"",""walletId"":1,""changeGameId"":1}",FREE,0.00,,DAILY,,,,0.45877145650104084,1
https://pokies7bet.com,Pokies7bet,139882,<b>365ᴅᴀʏꜱ ꜰʀᴇᴇ ᴄʀᴇᴅɪᴛ</b>,,6.88,6.88,280,27,0.00,,"{""creditLessThan"":1,""displayAngpaoText"":""1"",""displayDescriptionOnly"":""1"",""walletId"":1,""changeGameId"":1}",FREE,0.00,,DAILY,,,,0.5515316312204653,1
https://wildspin24.com,Wildspin24,228367,<b>Daily App Free Credit<b/>,,0.00,"{'min': 5, 'max': 9.99}",188,10,0.00,,"{""displayDescriptionOnly"":""1"",""mobileAppOnly"":""1"",""walletId"":1,""changeGameId"":1}",FREE,0.00,"{'min': 5, 'max': 9.99}",DAILY,,,,0.42937706775546397,0
https://in8.one,IN8,235265,Hourly Free,,3.00,3.0,300,20,0.00,,"{""displayDescriptionOnly"":""1"",""creditLessThan"":0.01,""walletId"":1,""changeGameId"":1,""displayAngpaoText"":""0""}",FREE,0.00,,HOURLY,,,,0.15562217077453888,1
https://in8.one,IN8,463893,New Register Free,,198.00,198.0,3960,20,0.00,,"{""displayDescriptionOnly"":""1"",""creditLessThan"":0.01,""walletId"":1,""changeGameId"":1}",FREE,0.00,,,,,,1.51597081565754,1
https://in8.one,IN8,796828,FACEBOOK LIMITED BONUS,,8.00,8.0,168,10,0.00,,"{""displayDescriptionOnly"":""1"",""creditLessThan"":0.01,""walletId"":1,""changeGameId"":1}",FREE,0.00,,DAILY,,,,0.9164043598613064,1
https://in8.one,IN8,795594,TELEGRAM LIMITED BONUS,,10.00,10.0,288,20,0.00,,"{""displayDescriptionOnly"":""1"",""creditLessThan"":0.01,""walletId"":1,""changeGameId"":1}",FREE,0.00,,DAILY,,,,0.7954633400358477,1
https://in8.one,IN8,724488,365 Free Chips,,0.00,"{'min': 5, 'max': 20}",500,20,0.00,,"{""creditLessThan"":0.1,""displayDescriptionOnly"":""1"",""walletId"":1,""changeGameId"":1,""displayAngpaoText"":""1"",""websiteOnly"":""1""}",FREE,0.00,"{'min': 5, 'max': 20}",DAILY,,,,0.16051388989769858,1
https://enjoy96.com,Enjoy96,812304,<b>2J Exclusive FREE</b>,,0.00,"{'min': 39, 'max': 96}",2000,20,0.00,,"{""walletId"":1,""changeGameId"":1,""creditLessThan"":0.1,""displayDescriptionOnly"":""1"",""displayAngpaoText"":""1"",""mobileAppOnly"":""0"",""startDate"":""2026-05-01"",""endDate"":""2026-06-30""}",FREE,0.00,"{'min': 39, 'max': 96}",DAILY,,,,0.4226164954004325,1
https://mcdollar9.com,McDollar9 (AUD),808704,NEW GAME $10 FREEPLAY + MINIGAME FREEPLAY,,10.00,10.0,199,20,0.00,,"{""creditLessThan"":1,""displayAngpaoText"":""0"",""walletId"":1,""changeGameId"":1,""displayDescriptionOnly"":""1"",""mobileAppOnly"":""1""}",FREE,0.00,,,,,,1.2626832912521337,1
https://reef33.vip,Reef33,794968,<b>Telegram Airdrop Free</b>,,266.00,266.0,2660,30,0.00,,"{""displayAngpaoText"":""0"",""displayDescriptionOnly"":""1"",""creditLessThan"":0.1,""registerDate"":""2024-01-01"",""maxRoundTargetAll"":1,""playerClaimLimit"":1,""walletId"":1,""changeGameId"":1}",FREE,0.00,,DAILY,,,,4.137976797391322,1
https://reef33.vip,Reef33,806508,<b>Daily Free 30 </b>,,30.00,30.0,600,10,0.00,,"{""creditLessThan"":0.1,""displayDescriptionOnly"":""1"",""walletId"":1,""changeGameId"":1,""displayAngpaoText"":""0""}",FREE,0.00,,DAILY,,,,1.0618986286136922,1
https://reef33.vip,Reef33,139799,<b>Daily Free Lucky 365</b>,,5.00,5.0,300,10,0.00,,"{""creditLessThan"":0.1,""displayDescriptionOnly"":""1"",""displayAngpaoText"":""1""}",FREE,0.00,,DAILY,,,,0.23940575663171534,1
https://reef33.vip,Reef33,811174,<b>Daily Free </b>,,3.00,3.0,500,10,0.00,,"{""creditLessThan"":0.1,""displayDescriptionOnly"":""1"",""displayAngpaoText"":""1""}",FREE,0.00,,DAILY,,,,0.0647249262724633,1
https://reef33.vip,Reef33,226113,<b>Daily App SpinBoost Free </b>,,0.00,"{'min': 10, 'max': 13.01}",600,10,0.00,,"{""creditLessThan"":0.1,""displayDescriptionOnly"":""1"",""walletId"":1,""changeGameId"":1,""mobileAppOnly"":""1"",""displayAngpaoText"":""1""}",FREE,0.00,"{'min': 10, 'max': 13.01}",DAILY,,,,0.2503126214987163,1
https://intensityaus.com,Intensity,55022,Free Chips 365 Days,,1.00,1.0,100,30,0.00,,"{""startDate"":""2023-04-11"",""creditLessThan"":1}",FREE,0.00,,DAILY,,,,0.16609764269953625,1
https://enjoy2aus.com,Enjoy2AUS,49995,<b>Daily Free Chip</b>,,0.00,1.0,150,20,0.00,,"{""displayAngpaoText"":""1"",""displayDescriptionOnly"":""1"",""creditLessThan"":0.1,""mobileAppOnly"":""0""}",FREE,0.00,1,DAILY,,,,0.08870945305239049,1
https://jw8au.com,JW8AU,465923,<b>Welcome Back JW8</b> <b>#C</b>,,108.00,108.0,180,25,0.00,,"{""creditLessThan"":0.01,""displayDescriptionOnly"":""1"",""registerDate"":""2023-01-01"",""walletId"":1,""changeGameId"":1,""displayAngpaoText"":""1""}",FREE,0.00,,,,,,34.935858339321705,1
https://jw8au.com,JW8AU,720042,<b>App Bonus</b>,,88.00,88.0,3888,38,0.00,,"{""creditLessThan"":0.1,""displayDescriptionOnly"":""1"",""registerDate"":""2023-01-01"",""walletId"":1,""changeGameId"":1,""displayAngpaoText"":""1"",""mobileAppOnly"":""1""}",FREE,0.00,,,,,,0.6449116816413177,1
https://jw8au.com,JW8AU,58856,<b>FREE CHIPS 365 DAYS</b>,,0.00,"{'min': 1, 'max': 5.2}",228,10,0.00,,"{""creditLessThan"":0.1,""displayDescriptionOnly"":""1"",""walletId"":1,""changeGameId"":1}",FREE,0.00,"{'min': 1, 'max': 5.2}",DAILY,,,,0.041397722503928314,1
https://play369.co,PLAY369,245075,<b>Hourly Bonus</b>,,0.00,"{'min': 2.5, 'max': 5.48}",200,5,0.00,,"{""displayDescriptionOnly"":""1"",""displayAngpaoText"":""1"",""walletId"":1,""changeGameId"":1,""creditLessThan"":0.1,""resetHour"":2}",FREE,0.00,"{'min': 2.5, 'max': 5.48}",HOURLY,,,,0.11979820507483824,1
https://play369.co,PLAY369,784768,<b>Daily Free $5,,5.00,5.0,150,15,0.00,,"{""creditLessThan"":0.1,""displayDescriptionOnly"":""1""}",FREE,0.00,,DAILY,,,,0.6583810534082891,1
https://intensity2aus.com,Intensity2Aus,825742,<b>V-Power Free Trial</b>,,30.00,30.0,450,30,0.00,,"{""registerDate"":""2024-09-01"",""creditLessThan"":0.1,""displayDescriptionOnly"":""1"",""displayAngpaoText"":""1"",""walletId"":1,""changeGameId"":1}",FREE,0.00,,,,,,2.178838003914366,1
https://intensity2aus.com,Intensity2Aus,243727,<b>ꜱᴜᴘᴇʀ ᴅᴀɪʟʏ ꜰʀᴇᴇ</b>,,0.00,"{'min': 1.88, 'max': 3.88}",150,20,0.00,,"{""creditLessThan"":0.1,""displayDescriptionOnly"":""1"",""mobileAppOnly"":""0"",""walletId"":1,""changeGameId"":1}",FREE,0.00,"{'min': 1.88, 'max': 3.88}",DAILY,,,,0.20111815176837178,1
https://ii89au.com,ii89 PayID Pokies Online Casino Aus,211546,<b>APP EXCLUSIVE BONUS</b>,,0.00,"{'min': 10, 'max': 33}",400,20,0.00,,"{""creditLessThan"":0.5,""displayDescriptionOnly"":""1"",""mobileAppOnly"":""1"",""displayAngpaoText"":""1"",""walletId"":1,""changeGameId"":1}",FREE,0.00,"{'min': 10, 'max': 33}",,,,,0.527576922214476,1
https://iw99au.com,IW99,143029,<b>FREE 365 DAYS ALL SLOT<b>,,5.00,5.0,100,0.05,0.00,,"{""displayDescriptionOnly"":""1"",""displayAngpaoText"":""1"",""walletId"":1,""changeGameId"":1}",FREE,0.00,,DAILY,,,,0.019232610012774754,1
https://iw99au.com,IW99,191418,<b>MOBILE APP PREE CREDIT</b>,,10.00,10.0,150,0.05,0.00,,"{""creditLessThan"":0.1,""displayDescriptionOnly"":""1"",""walletId"":1,""changeGameId"":1,""mobileAppOnly"":""1""}",FREE,0.00,,DAILY,,,,0.02881109773053212,1
https://ausbet88.com,AUSBET88,52213,"<b style=""color:#FF00FB;"">SHARE & INVITE</b>",,10,10.0,200,20,0.00,,"{""customBonus"":""sharebonus"",""creditLessThan"":1,""walletId"":1,""changeGameId"":1,""startDate"":""2023-03-22"",""displayDescriptionOnly"":""1"",""mobileAppOnly"":""0""}",CUSTOM,0.00,,,,,,1.2547964592173841,1
https://pesi13.com,PESI13,818142,<b>New Member Free PESI<b>,,16.80,16.8,300,20,0.00,,"{""displayAngpaoText"":""1"",""displayDescriptionOnly"":""1"",""creditLessThan"":0.1,""walletId"":1,""changeGameId"":1,""mobileAppOnly"":""1""}",FREE,0.00,,,,,,1.4957807804057723,1
https://pesi13.com,PESI13,812639,<b>Website Design Upgrade BONUS</b> <b>#C</b>,,168.00,168.0,168,50,0.00,,"{""displayAngpaoText"":""1"",""displayDescriptionOnly"":""1"",""creditLessThan"":0.1,""walletId"":1,""changeGameId"":1}",FREE,0.00,,,,,,81.99929542429888,1
https://pesi13.com,PESI13,812693,<b>PESI OPENING FREE</b>,,0.00,"{'min': 28, 'max': 88}",800,10,0.00,,"{""creditLessThan"":0.1,""displayDescriptionOnly"":""1"",""mobileAppOnly"":""1"",""displayAngpaoText"":""1"",""ignoreTrxAmount"":1,""walletId"":1,""changeGameId"":1,""startDate"":""2026-01-09""}",FREE,0.00,"{'min': 28, 'max': 88}",,,,,0.6768828378826034,1
https://pesi13.com,PESI13,812644,<b>PESI APP FREE BONUS</b>,,30.00,30.0,600,30,0.00,,"{""creditLessThan"":1,""displayDescriptionOnly"":""1"",""mobileAppOnly"":""1"",""displayAngpaoText"":""1"",""ignoreTrxAmount"":1,""walletId"":1,""changeGameId"":1}",FREE,0.00,,,,,,1.5207279252292714,1
https://pesi13.com,PESI13,812654,<b>PESI Daily FREE</b> <b>#R</b>,,0.00,"{'min': 2.11, 'max': 12.88}",200,10,0.00,,"{""registerDate"":""2024-02-21"",""creditLessThan"":1,""displayDescriptionOnly"":""1"",""walletId"":1,""changeGameId"":1}",FREE,0.00,"{'min': 2.11, 'max': 12.88}",DAILY,,,,0.12849640425367712,1
https://pesi13.com,PESI13,812700,<b>DAILY FREE SPIN</b> <b>#C</b>,,333.00,333.0,350,20,0.00,,"{""registerDate"":""2024-02-21"",""creditLessThan"":1,""displayDescriptionOnly"":""1"",""walletId"":1,""changeGameId"":1}",FREE,0.00,,DAILY,,,,62.105219712457476,1
https://cbr8aus.com,CBR8,153611,<b>365 Free Credit<b>,,2.88,2.88,200,20,0.00,,"{""creditLessThan"":0.1,""displayDescriptionOnly"":""1"",""displayAngpaoText"":""1"",""mobileAppOnly"":""0"",""walletId"":1,""changeGameId"":1}",FREE,0.00,,DAILY,,,,0.24490511878618862,1
https://maxspin7.com,MaxSpin7,825237,<b>Mobile App Bonus<b>,,5.00,5.0,200,20,0.00,,"{""customBonus"":""manual"",""mobileAppOnly"":""1"",""displayDescriptionOnly"":""1"",""displayAngpaoText"":""1"",""fixRT"":1,""changeGameId"":1,""walletId"":1}",FREE,0.00,,,,,,0.5045888277145305,0
https://maxspin7.com,MaxSpin7,826447,<b>7M Download Bonus</b>,,7.00,7.0,200,20,0.00,,"{""customBonus"":""manual"",""mobileAppOnly"":""0"",""displayDescriptionOnly"":""1"",""displayAngpaoText"":""1"",""fixRT"":1,""changeGameId"":1,""walletId"":1}",FREE,0.00,,,,,,0.7850334690777706,1
https://maxspin7.com,MaxSpin7,465366,<b>365 Days Free Spins $3 - $7<b>,,0.00,"{'min': 3, 'max': 4}",200,20,0.00,,"{""creditLessThan"":0.1,""displayDescriptionOnly"":""1"",""displayAngpaoText"":""1"",""mobileAppOnly"":""0"",""startDate"":""2022-12-02"",""changeGameId"":1,""walletId"":1}",FREE,0.00,"{'min': 3, 'max': 4}",DAILY,,,,0.258336364051047,1
https://zeroaud.com,ZERO,168162,<b>Download App Bonus</b>,,30.00,30.0,700,10,0.00,,"{""creditLessThan"":0.1,""displayDescriptionOnly"":""1"",""displayAngpaoText"":""1"",""mobileAppOnly"":""1"",""ignoreTrxAmount"":1,""changeGameId"":1,""walletId"":1}",FREE,0.00,,DAILY,,,,0.8757891750140593,1
https://zeroaud.com,ZERO,168227,<b>Daily Free</b>,,20.00,20.0,500,10,0.00,,"{""creditLessThan"":""0.10"",""displayDescriptionOnly"":""1"",""changeGameId"":1,""walletId"":1}",FREE,0.00,,DAILY,,,,0.7824908919849999,1
https://zeroaud.com,ZERO,168295,<b>Share Friends Get</b>,,3,3.0,45,0.05,0.00,,"{""customBonus"":""sharebonus"",""creditLessThan"":0.1,""startDate"":""2024-02-01"",""displayDescriptionOnly"":""1"",""displayAngpaoText"":""1"",""changeGameId"":1,""walletId"":1}",CUSTOM,0.00,,,,,,0.0267159422195756,1
https://koala88.co,Koala88,164933,<b>Download App Bonus</b>,,10.00,10.0,499,10,0.00,,"{""walletId"":1,""changeGameId"":1,""creditLessThan"":0.1,""displayDescriptionOnly"":""1"",""mobileAppOnly"":""1""}",FREE,0.00,,,,,,0.3151709127942828,1
https://koala88.co,Koala88,164934,<b>Daily Free Up To $10</b>,,0.00,"{'min': 1, 'max': 3}",200,10,0.00,,"{""walletId"":1,""changeGameId"":1,""creditLessThan"":""0.10"",""displayDescriptionOnly"":""1"",""mobileAppOnly"":""0""}",FREE,0.00,"{'min': 1, 'max': 3}",DAILY,,,,0.048764919680194,1
https://truewin77.com,TRUEWIN77,768048,"<b><a style=""color:black"">RANDOM SURPRISE</a><b>",,0.00,"{'min': 2, 'max': 5}",888,10,0.00,,"{""creditLessThan"":0.1,""startDate"":""2026-01-01"",""displayAngpaoText"":""1"",""walletId"":1,""changeGameId"":1,""mobileAppOnly"":""0""}",FREE,0.00,"{'min': 2, 'max': 5}",DAILY,,,,0.01859338187921297,1
https://truewin77.com,TRUEWIN77,158415,"<b><a style=""color:black"">SHARE & GET FREE</a><b>",,5,5.0,100,10,0.00,,"{""customBonus"":""sharebonus"",""creditLessThan"":1,""displayAngpaoText"":""0"",""startDate"":""2024-09-01"",""mobileAppOnly"":""0"",""displayDescriptionOnly"":""0"",""walletId"":1,""changeGameId"":1}",CUSTOM,0.00,,,,,,0.9452270845626882,1
https://truewin77.com,TRUEWIN77,,Daily Rollover Rebate,REBATE,,0.19,0,3000,,,,,,,,,,,117.25759632759365,1
https://zebra88.club,ZEBRA88,178979,<b>Daily Free</b>,,10.00,10.0,588,21,0.00,,"{""walletId"":1,""changeGameId"":1,""displayDescriptionOnly"":""1"",""creditLessThan"":0.1}",FREE,0.00,,DAILY,,,,0.3309214451684106,1
https://nightclubaus.com,NC88AU,240890,APP FREE CHECK IN,,18.88,18.88,1000,20,0.00,,"{""creditLessThan"":1,""mobileAppOnly"":""1"",""walletId"":1,""changeGameId"":1}",FREE,0.00,,DAILY,,,,0.38721981136454137,1
https://bondi333.com,BONDI333,806527,<b>Daily Free $30</b>,,30.00,30.0,600,10,0.00,,"{""creditLessThan"":0.1,""displayDescriptionOnly"":""1"",""walletId"":1,""changeGameId"":1,""displayAngpaoText"":""0""}",FREE,0.00,,DAILY,,,,1.0618986286136922,1
https://bondi333.com,BONDI333,807206,<b>Daily Free </b>,,4.00,4.0,300,10,0.00,,"{""creditLessThan"":0.1,""displayDescriptionOnly"":""1""}",FREE,0.00,,DAILY,,,,0.17865062423564385,1
https://bondi333.com,BONDI333,166311,<b>Daily Ultra Free </b>,,5.00,5.0,300,20,0.00,,"{""creditLessThan"":0.1,""displayDescriptionOnly"":""1""}",FREE,0.00,,DAILY,,,,0.30396498381466175,1
https://auslot7.com,BngWin7,446361,<b>FREE 365 BONUS<b>,,50.00,50.0,5000,10.88,0.00,,"{""displayDescriptionOnly"":""1"",""displayAngpaoText"":""1"",""creditLessThan"":0.1,""walletId"":1,""changeGameId"":1}",FREE,0.00,,DAILY,,,,0.15146760180279867,1
https://select777.net,SELECT777,171520,<b>FRIDAY</b>,,40.00,40.0,3520,15.01,0.00,,"{""creditLessThan"":0.1,""walletId"":1,""claimTime"":""N=5"",""displayDescriptionOnly"":""1""}",FREE,0.00,,DAILY,,,,0.19632193777721482,1
https://select777.net,SELECT777,766089,<b>DAILY SOCIAL FREE</b>,,0.00,"{'min': 1, 'max': 6.89}",100,5,0.00,,"{""displayAngpaoText"":""1"",""displayDescriptionOnly"":""1"",""walletId"":1,""changeGameId"":1,""creditLessThan"":0.1,""startDate"":""2023-05-31"",""mobileAppOnly"":""0"",""mustJoinTelegramChannel"":""select777_official""}",FREE,0.00,"{'min': 1, 'max': 6.89}",,,,,0.08666515231467559,1
https://weplay88.com,WePlay88,737287,"<b style=""color:yellow;"">Offical Partner Free!</b>",,5.00,5.0,500,20,0.00,,"{""creditLessThan"":1,""displayDescriptionOnly"":""1"",""walletId"":1,""changeGameId"":1,""displayAngpaoText"":""0""}",FREE,0.00,,DAILY,,,,0.16051388989769858,0
https://weplay88.com,WePlay88,164897,<b> FREE 365 DAY </b>,,4.00,4.0,100,0.05,0.00,,"{""walletId"":1,""changeGameId"":1,""displayDescriptionOnly"":""1""}",FREE,0.00,,DAILY,,,,0.014351859507490763,1
https://weplay88.com,WePlay88,446211,<B>Download APP Free Spin</b>,,0.00,"{'min': 10, 'max': 17}",600,20,0.00,,"{""creditLessThan"":0.01,""walletId"":1,""changeGameId"":1,""mobileAppOnly"":""1"",""displayDescriptionOnly"":""1""}",FREE,0.00,"{'min': 10, 'max': 17}",DAILY,,,,0.3178130426475439,1
https://royalaud.com,ROYAL77,822444,<b>⭐Hourly Reward,,5.00,5.0,100,10,0.00,,"{""creditLessThan"":0.1,""displayAngpaoText"":""1"",""displayDescriptionOnly"":""1"",""changeGameId"":1,""walletId"":1}",FREE,0.00,,HOURLY,,,,0.9452270845626882,1
https://royalaud.com,ROYAL77,167842,<b>Daily Ultra Free</b>,,30.00,30.0,600,10,0.00,,"{""creditLessThan"":0.1,""walletId"":1,""changeGameId"":1,""displayDescriptionOnly"":""1""}",FREE,0.00,,DAILY,,,,1.0618986286136922,1
https://royalaud.com,ROYAL77,187441,<b>Android Download Free</b>,,10.00,10.0,600,10,0.00,,"{""creditLessThan"":0.5,""displayDescriptionOnly"":""1"",""walletId"":1,""changeGameId"":1,""mobileAppOnly"":""1""}",FREE,0.00,,DAILY,,,,0.2503126214987163,1
https://royalaud.com,ROYAL77,741875,<b>Subscribe Bonus</b>,,30.00,30.0,200,10,0.00,,"{""displayAngpaoText"":""0"",""displayDescriptionOnly"":""1"",""creditLessThan"":0.1,""mustJoinTelegramChannel"":""COMPANYSPEEDAU"",""walletId"":1,""changeGameId"":1}",FREE,0.00,,,,,,4.192611568525111,1
https://neiro55.com,NEIRO55,179540,<b>For Android Member</b>,,35.00,35.0,700,10,0.00,,"{""displayDescriptionOnly"":""1"",""displayAngpaoText"":""1"",""mobileAppOnly"":""1"",""ignoreTrxAmount"":1,""changeGameId"":1,""walletId"":1}",FREE,0.00,,DAILY,,,,1.0725220628137517,1
https://vv88aud.io,VV88 AUS,116733,HOURLY FREE CREDIT UP TO $100,,0.00,"{'min': 1.5, 'max': 3.5}",15,10,0.00,,"{""displayAngpaoText"":""0"",""creditLessThan"":0.05,""displayDescriptionOnly"":""1"",""walletId"":1,""changeGameId"":1}",FREE,0.00,"{'min': 1.5, 'max': 3.5}",HOURLY,,,,2.1002103759497053,1
https://audgaming8.com,AUDGAMING,166795,<b>Daily Free Credit</b>,,10.00,10.0,600,10,0.00,,"{""creditLessThan"":0.1,""walletId"":1,""changeGameId"":1,""displayDescriptionOnly"":""1""}",FREE,0.00,,DAILY,,,,0.2503126214987163,1
https://audgaming8.com,AUDGAMING,773779,<b>Subscribe Bonus II</b>,,30.00,30.0,600,30,0.00,,"{""displayAngpaoText"":""0"",""displayDescriptionOnly"":""1"",""creditLessThan"":0.1,""mustJoinTelegramChannel"":""igaxspeedau33"",""walletId"":1,""changeGameId"":1}",FREE,0.00,,,,,,1.5207279252292714,1
https://mrbean9.com,MrBean9,751475,MrBean9 APP BONUS,,13.00,13.0,630,10,0.00,,"{""creditLessThan"":1,""displayDescriptionOnly"":""1"",""mobileAppOnly"":""1"",""displayAngpaoText"":""1"",""fixRT"":1,""walletId"":1,""changeGameId"":1}",FREE,0.00,,WEEKLY,,,,0.33257519386556944,1
https://mrbean9.com,MrBean9,721922,Free Chip,,10.00,10.0,100,20,0.00,,"{""mobileAppOnly"":""0"",""registerDate"":""2024-02-21"",""creditLessThan"":1,""displayDescriptionOnly"":1}",FREE,0.00,,MONTHLY,,,,2.9844257543630697,1
https://ozreel88.com,OZ REEL88 l,159340,365 FREE,,10.00,10.0,200,10,100.00,,"{""creditLessThan"":0.1,""displayDescriptionOnly"":""1"",""walletId"":1,""changeGameId"":1,""displayAngpaoText"":""0""}",FREE,0.00,,DAILY,,,,0.02203030760485425,1
https://ozreel88.com,OZ REEL88 l,172691,APP EVERYDAY FREE,,0.00,"{'min': 5, 'max': 7}",188,10,100.00,,"{""creditLessThan"":0.1,""displayDescriptionOnly"":""1"",""walletId"":1,""changeGameId"":1,""mobileAppOnly"":""1""}",FREE,0.00,"{'min': 5, 'max': 7}",DAILY,,,,0.021070381626747542,1
https://ozreel88.com,OZ REEL88 l,172692,DOWNLOAD APP,,18.88,18.88,888,10,188.00,,"{""creditLessThan"":0.1,""displayDescriptionOnly"":""1"",""walletId"":1,""changeGameId"":1,""mobileAppOnly"":""1""}",FREE,0.00,,,,,,0.006019154114567645,1
https://hollywoodaus.com,HOLLYWOOD,137505,<b>FREE 365</b>,,2.00,2.0,100,20,0.00,,"{""creditLessThan"":0.1,""displayDescriptionOnly"":""1""}",FREE,0.00,,DAILY,,,,0.36187915196815357,0
https://hollywoodaus.com,HOLLYWOOD,464725,"<b style=""color:gold;"">Download APK</b>",,20.00,20.0,400,10,0.00,,"{""creditLessThan"":0.1,""displayDescriptionOnly"":""1"",""registerDate"":""2024-04-22"",""changeGameid"":1,""mobileAppOnly"":""1"",""displayAngpaoText"":""1"",""changeGameId"":1,""walletId"":1}",FREE,0.00,,DAILY,,,,1.0342292288611417,1
https://aud2u.com,AUD2U,113391,Daily Super Free 365,,1.88,1.88,88,10,0.00,,"{""creditLessThan"":0.10,""displayDescriptionOnly"":""1"",""walletId"":1,""changeGameId"":1}",FREE,0.00,,DAILY,,,,0.3085126920265616,1
https://bk8au.online,BK8POKIES,770111,Daily Login Free,,0.00,"{'min': 1, 'max': 2}",150,20,0.00,,"{""displayDescriptionOnly"":""1"",""mobileAppOnly"":""0"",""creditLessThan"":0.10}",FREE,0.00,"{'min': 1, 'max': 2}",DAILY,,,,0.08870945305239049,0
https://auwin7.com,AUWIN7,241488,App Download Free AUD3,,3.00,3.0,100,17,0.00,,"{""creditLessThan"":0.1,""displayDescriptionOnly"":""1"",""displayAngpaoText"":""1"",""mobileAppOnly"":""1"",""walletId"":1,""changeGameId"":1}",FREE,0.00,,,,,,0.5833209351345645,1
https://auwin7.com,AUWIN7,64301,Daily Check In Bonus,,16.88,16.88,377,17,0.00,,"{""creditLessThan"":0.1,""mobileAppOnly"":""0"",""displayAngpaoText"":""0"",""displayDescriptionOnly"":""1"",""walletId"":1,""changeGameId"":1}",FREE,0.00,,DAILY,,,,1.0739686464676557,1
https://topaz33.com,TOPAZ33,763325,<b>New Social Free,,0.00,"{'min': 2, 'max': 2.28}",100,0.05,0.00,,"{""displayAngpaoText"":""1"",""displayDescriptionOnly"":""1"",""creditLessThan"":0.1,""registerDate"":""2024-01-01"",""mustJoinTelegramChannel"":""bonuscredithub""}",FREE,0.00,"{'min': 2, 'max': 2.28}",DAILY,,,,0.005799314537889773,1
https://topaz33.com,TOPAZ33,142230,<b>2 Days Rebate </b>,,0.2,0.2,0,1888,0.00,,"{""customBonus"":""rebatedays"",""lose"":3,""win"":0.1,""days"":2,""displayDescriptionOnly"":""1"",""creditLessThan"":0.5,""startDate"":""2024-02-27""}",CUSTOM,6.00,,DAILY,,,,110.557593316735,1
https://gold77au.com,GOLD77,162187,"<b style=""color:#;"">Daily Free Chip</b>",,777.00,777.0,7770,10,0.00,,"{""startDate"":""2023-11-15"",""creditLessThan"":0.05,""displayDescriptionOnly"":""1"",""walletId"":1,""changeGameId"":1}",FREE,0.00,,DAILY,,,,3.070192925334543,1
https://thepokies96.com,ThePokies96,,VIP Weekly Rebate,REBATE,,0.11,,3000,,,,,,,,,,,116.55934812325836,1
https://top1cas.com,AUSBET96 GAMING & Pokies Hub,782756,"<b style=""color:#bf77f6;"">EVERY HOUR FREEBIES</b>",,0.00,"{'min': 1, 'max': 2}",80.88,5,0.00,,"{""creditLessThan"":1,""displayAngpaoText"":""1"",""mobileAppOnly"":""1"",""walletId"":1,""changeGameId"":1}",FREE,0.00,"{'min': 1, 'max': 2}",HOURLY,,,,0.11299079813889663,1
https://top1cas.com,AUSBET96 GAMING & Pokies Hub,144919,"<b style=""color:#bf77f6;"">FREE CREDIT 365 DAYS</b>",,0.00,"{'min': 0.2, 'max': 2}",128,8.8,0.00,,"{""creditLessThan"":1,""displayDescriptionOnly"":""1"",""mobileAppOnly"":""1""}",FREE,0.00,"{'min': 0.2, 'max': 2}",DAILY,,,,0.010391103835750825,1
https://top1cas.com,AUSBET96 GAMING & Pokies Hub,483401,"<b style=""color:#bf77f6;"">NEW FREEBIE WARM-UP</b>",,89.98,89.98,1088,18,0.00,,"{""creditLessThan"":""1"",""displayDescriptionOnly"":""1"",""mobileAppOnly"":""1"",""displayAngpaoText"":""1"",""walletId"":1,""changeGameId"":1}",FREE,0.00,,,,,,2.6220859419551763,1
https://class777.com,Class777,127544,DAILY FREE,,0.00,"{'min': 1.77, 'max': 7.77}",577,30,0.00,,"{""creditLessThan"":1,""displayDescriptionOnly"":""0"",""displayAngpaoText"":""0"",""mobileAppOnly"":""0""}",FREE,0.00,"{'min': 1.77, 'max': 7.77}",DAILY,,,,0.03893111543239349,1
https://cergas.online,CERGASBET,26510,DAILY FREE CREDIT,,5.00,5.0,50,10,0.00,,"{""displayDescriptionOnly"":""1"",""displayAngpaoText"":""1"",""creditLessThan"":0.1,""walletId"":1,""changeGameId"":1}",FREE,0.00,,DAILY,,,,2.248141548510455,1
https://cergas.online,CERGASBET,9239,HOURLY FREE 365,,3.00,3.0,50,10,0.00,,"{""mobileAppOnly"":""0"",""displayDescriptionOnly"":""1"",""displayAngpaoText"":""1"",""creditLessThan"":0.1,""walletId"":1,""changeGameId"":1}",FREE,0.00,,HOURLY,,,,1.1509900370660882,1
https://cergas.online,CERGASBET,26823,CERGAS APP BONUS,,10.00,10.0,50,10,0.00,,"{""creditLessThan"":0.1,""startDate"":""2024-10-12"",""displayAngpaoText"":""0"",""mobileAppOnly"":""1"",""walletId"":1,""changeGameId"":1,""displayDescriptionOnly"":""1""}",FREE,0.00,,,,,,5.590611404670962,1
https://emax7.co,EMAX7,192788,Free Chips (Daily),,2.00,2.0,137,20,0.00,,"{""mobileAppOnly"":""1"",""creditLessThan"":0.1,""displayDescriptionOnly"":""1""}",FREE,0.00,,DAILY,,,,0.24415344411182657,1
https://emax7.co,EMAX7,449403,Daily Free (Ⅰ),,7.77,7.77,577,20,0.00,,"{""customBonus"":""manual"",""creditLessThan"":0.01,""mobileAppOnly"":""1"",""displayDescriptionOnly"":""1"",""walletId"":1,""changeGameId"":1,""fixRT"":1}",FREE,0.00,,DAILY,,,,0.23948919341326821,1
https://vvip15au.com,VVIP15 Australia Online Casino,186269,<b>DOWNLOAD APPS BONUS</b>,,15.55,15.55,311,20,0.00,,"{""creditLessThan"":1,""displayDescriptionOnly"":""1"",""mobileAppOnly"":""1"",""walletId"":1,""changeGameId"":1,""displayAngpaoText"":""0""}",FREE,0.00,,,,,,1.2916435191820996,1
https://vip99.com,VIP99,2905,Daily VIP Free Chip,,0.00,"{'min': 1, 'max': 2}",100,10,0.00,,"{""displayDescriptionOnly"":""1"",""creditLessThan"":0.5,""mobileAppOnly"":""0""}",FREE,0.00,"{'min': 1, 'max': 2}",DAILY,,,,0.11598317889244583,1
https://ozlotto88.com,OZLOTTO88,239919,Daily Free Chip,,4.00,4.0,400,20,0.00,,"{""creditLessThan"":0.1,""displayDescriptionOnly"":""1"",""mobileAppOnly"":""0""}",FREE,0.00,,DAILY,,,,0.15831427807389817,1
https://skyspin96.co,SKYSPIN96,19878,SHARE BONUS,,75,75.0,37500,10,0.00,,"{""walletId"":1,""changeGameId"":1,""customBonus"":""sharebonus"",""creditLessThan"":1,""displayDescriptionOnly"":""1""}",CUSTOM,0.00,,,,,,0.020135482145635843,1
https://skyspin96.co,SKYSPIN96,20419,DAILY FREE CREDIT,,0.00,"{'min': 1, 'max': '3'}",50,10,0.00,,"{""walletId"":1,""changeGameId"":1,""creditLessThan"":1,""displayDescriptionOnly"":""1""}",FREE,0.00,"{'min': 1, 'max': '3'}",DAILY,,,,0.27585604311906003,1
https://skyspin96.co,SKYSPIN96,20065,CHECK-IN FRIDAY,,20.00,20.0,600,15,0.00,,"{""walletId"":1,""changeGameId"":1,""maxWithdrawTimeDeposit"":1,""creditLessThan"":1,""displayDescriptionOnly"":""1"",""claimTime"":""N=5""}",FREE,0.00,,DAILY,,,,0.7203739083272979,1
https://speedaud.com,SpeedAUD,166558,1+1 X SPEEDAUD 369$,,369.00,369.0,7380,18,0.00,,"{""displayAngpaoText"":""0"",""displayDescriptionOnly"":""1"",""walletId"":1,""changeGameId"":1,""creditLessThan"":0.1}",FREE,0.00,,DAILY,,,,1.5202404984199054,1
https://speedaud.com,SpeedAUD,166560,EVERY HOUR UP TO 188$,,0.00,"{'min': 28, 'max': 60}",1888,18,0.00,,"{""displayAngpaoText"":""0"",""displayDescriptionOnly"":""1"",""walletId"":1,""changeGameId"":1,""creditLessThan"":0.1}",FREE,0.00,"{'min': 28, 'max': 60}",HOURLY,,,,0.2841488128974302,1
https://okwin33.com,OKWIN33,211547,<b>APP USER EXCLUSIVE BONUS</b>,,0.00,"{'min': 10, 'max': 30}",400,20,0.00,,"{""creditLessThan"":1,""displayDescriptionOnly"":""1"",""mobileAppOnly"":""1"",""displayAngpaoText"":""0"",""walletId"":1,""changeGameId"":1}",FREE,0.00,"{'min': 10, 'max': 30}",,,,,0.527576922214476,1
https://betworld168.vip,BetWorld168.vip,704478,<b>365 Days Free Spins<b>,,0.00,"{'min': 1, 'max': 8}",200,20,0.00,,"{""creditLessThan"":0.1,""displayDescriptionOnly"":""1"",""displayAngpaoText"":""1"",""mobileAppOnly"":""0"",""startDate"":""2022-12-02"",""walletId"":1,""changeGameId"":1}",FREE,0.00,"{'min': 1, 'max': 8}",DAILY,,,,0.06191508604413313,1
https://u88aud.com,U88AUD,25897,<b>U88AUD Download APP Free<b>,,20.00,20.0,200,10,0.00,,"{""mobileAppOnly"":""1"",""displayAngpaoText"":""1"",""displayDescriptionOnly"":""0"",""creditLessThan"":0.1,""walletId"":1,""changeGameId"":1}",FREE,0.00,,,,,,2.4598255150108943,1
https://win99aud.com,WIN99AUD,180311,<b>Apps Angpao $5</b>,,5.00,5.0,200,20,0.00,,"{""displayDescriptionOnly"":""1"",""displayAngpaoText"":""1"",""mobileAppOnly"":""1"",""walletId"":1,""changeGameId"":1}",FREE,0.00,,,,,,0.5045888277145305,1
https://win99aud.com,WIN99AUD,122337,<b>FREE 365 DAY</b>,,20.00,20.0,600,15,0.00,,"{""creditLessThan"":0.1,""displayDescriptionOnly"":""1"",""displayAngpaoText"":""1"",""changeGameId"":1,""walletId"":1}",FREE,0.00,,DAILY,,,,0.7203739083272979,1
https://win99aud.com,WIN99AUD,714578,<b>Telegram Free $100<b>,,100.00,100.0,1000,15,0.00,,"{""displayAngpaoText"":""0"",""displayDescriptionOnly"":""1"",""creditLessThan"":0.1,""registerDate"":""2024-01-01"",""mobileAppOnly"":""0"",""mustJoinTelegramChannel"":""Aus55Channel"",""changeGameId"":1,""walletId"":1}",FREE,0.00,,,,,,3.151055490713614,1
https://onyxaud.com,OnyxAUD,133250,<B>Daily Free</b>,,4.00,4.0,100,0.05,0.00,,"{""walletId"":1,""changeGameId"":1}",FREE,0.00,,DAILY,,,,0.014351859507490763,1
https://onyxaud.com,OnyxAUD,458775,<B>Download APP Free Event</b>,,0.00,"{'min': 10, 'max': 17}",600,20,0.00,,"{""creditLessThan"":0.01,""walletId"":1,""changeGameId"":1,""mobileAppOnly"":""1"",""displayDescriptionOnly"":""1""}",FREE,0.00,"{'min': 10, 'max': 17}",DAILY,,,,0.3178130426475439,1
https://boyabet9.com,BoyaBet9,463774,<B>SPECIAL DAILY FREE<B>,,54.00,54.0,1600,20,0.00,,"{""creditLessThan"":0.1,""displayDescriptionOnly"":""1"",""mobileAppOnly"":""0"",""walletId"":1,""changeGameId"":1}",FREE,0.00,,DAILY,,,,0.8565430609468387,1
https://cyberpunk369.com,CYBERPUNK369,26827,<b>AEP ALL SLOT </b>,,5.00,5.0,100,0.05,0.00,,"{""displayAngpaoText"":""1"",""displayDescriptionOnly"":""1"",""creditLessThan"":0.1,""registerDate"":""2024-01-01"",""mobileAppOnly"":""0"",""mustJoinTelegramChannel"":""auspokiesentertaintment""}",FREE,0.00,,,,,,0.019232610012774754,1
https://cyberpunk369.com,CYBERPUNK369,16442,<b>Check-in Bonus FRIDAY</b>,,8.00,8.0,100,8,0.00,,"{""claimTime"":""N=5"",""displayDescriptionOnly"":""1"",""displayAngpaoText"":""0"",""creditLessThan"":0.1,""walletId"":1,""changeGameId"":1}",FREE,0.00,,WEEKLY,,,,1.6060830013161906,1
https://trust88au.com,ITRUST88,165605,<B>Daily Free Credit,,20.00,20.0,300,15,0.00,,"{""creditLessThan"":0.1,""displayDescriptionOnly"":""1"",""changeGameId"":1,""walletId"":1}",FREE,0.00,,DAILY,,,,1.713347554490281,1
https://trust88au.com,ITRUST88,165629,<b>Hourly Free Credit<b/>,,0.00,"{'min': 5, 'max': 9.99}",188,15,0.00,,"{""displayDescriptionOnly"":""1"",""mobileAppOnly"":""0"",""changeGameId"":1,""walletId"":1}",FREE,0.00,"{'min': 5, 'max': 9.99}",HOURLY,,,,0.4964712300624686,1
https://lion88.website,LION88,157853,<b>Daily Free</b>,,5.00,5.0,588,21,0.00,,"{""walletId"":1,""changeGameId"":1,""displayDescriptionOnly"":""1"",""creditLessThan"":0.1}",FREE,0.00,,DAILY,,,,0.13307278870333403,1
https://panda95au.com,Panda95 AU,,Pau Pau Rescue Rebate,REBATE,,0.1,,500,,,,,,,,,,,90.42914233367159,1
https://megabet26.com,MegaBet26,122833,<b>Free Credit 365 Days</b>,,0.00,"{'min': 0.2, 'max': 1}",200,10,0.00,,"{""mobileAppOnly"":""1"",""displayAngpaoText"":""0"",""creditLessThan"":0.1,""walletId"":1,""changeGameId"":1}",FREE,0.00,"{'min': 0.2, 'max': 1}",DAILY,,,,0.006249258026135297,1
https://tnt99au.com,TNT99,14367,<B>FREE CREDIT 365</b>,,0.00,"{'min': 1.03, 'max': 1.32}",150,12,0.00,,"{""creditLessThan"":0.05,""displayDescriptionOnly"":""1""}",FREE,0.00,"{'min': 1.03, 'max': 1.32}",DAILY,,,,0.07764356452183817,1
https://i8au.online,I8AU,153333,Daily Login Free,,3.80,3.8,400,20,0.00,,"{""creditLessThan"":0.1,""displayDescriptionOnly"":""1""}",FREE,0.00,,DAILY,,,,0.14802035826969753,1
https://aus2u.com,Aus2u,160317,TUESDAY FREE $$$,,10.00,10.0,320,15,0.00,,"{""mobileAppOnly"":""1"",""claimTime"":""N=02"",""displayAngpaoText"":""0"",""displayDescriptionOnly"":""1"",""walletId"":1,""changeGameId"":1,""creditLessThan"":0.1}",FREE,0.00,,WEEKLY,,,,0.6350231815111956,1
https://king88pokies.com,King88,176794,"<b style=""color:#FFD700"">Special Hourly Free</b>",,2.88,2.88,388,20,0.00,,"{""creditLessThan"":0.1,""mobileAppOnly"":""1"",""displayAngpaoText"":""1"",""walletId"":1,""changeGameId"":1}",FREE,0.00,,HOURLY,,,,0.10696598630563894,1
https://king88pokies.com,King88,828179,"<b style=""color:#FFD700"">Special Daily Free</b>",,8.88,8.88,588,20,0.00,,"{""creditLessThan"":0.1,""mobileAppOnly"":""1"",""displayAngpaoText"":""1"",""walletId"":1,""changeGameId"":1}",FREE,0.00,,DAILY,,,,0.27879812123321696,1
https://speedaud.com,SpeedAUD,166579,TUESDAY FREE $$$,,12.00,12.0,320,15,0.00,,"{""mobileAppOnly"":""1"",""claimTime"":""N=02"",""displayAngpaoText"":""0"",""displayDescriptionOnly"":""1"",""walletId"":1,""changeGameId"":1,""creditLessThan"":0.1}",FREE,0.00,,WEEKLY,,,,0.8071429953682788,1
https://cyberpunk369.com,CYBERPUNK369,16438,<b>Check-in Bonus TUESDAY</b>,,4.00,4.0,100,8,0.00,,"{""claimTime"":""N=2"",""displayDescriptionOnly"":""1"",""displayAngpaoText"":""0"",""creditLessThan"":0.1,""walletId"":1,""changeGameId"":1}",FREE,0.00,,WEEKLY,,,,0.6463240896428873,1
https://royale9au.com,Royale9 Jernice,753503,Checkin Tuesday,,11.00,11.0,310,15,0.00,,"{""displayDescriptionOnly"":""1"",""displayAngpaoText"":""0"",""claimTime"":""N=02"",""walletId"":1,""changeGameId"":1}",FREE,0.00,,WEEKLY,,,,0.7489862033409844,1
https://sapphireaud.com,SAPPHIRE,829207,<b>VPLUS Daily Free </b>,,2.00,2.0,100,0.05,0.00,,,FREE,0.00,,DAILY,,,,0.005799314537889773,1
https://vvip15au.com,VVIP15 Australia Online Casino,,COMMISSION,COMMISSION,,1.75,,888,,,,,,,,,,,106.56783702872796,1
https://neolux.vip,NEOLUX,721981,"<b style=""color:#686A6C;"">DAY2 TUESDAY</b>",,15.00,15.0,1470,15.01,0.00,,"{""creditLessThan"":0.1,""walletId"":1,""claimTime"":""N=2"",""displayDescriptionOnly"":""1""}",FREE,0.00,,DAILY,,,,0.16100354482890444,1
https://skyspin96.co,SKYSPIN96,20062,CHECK-IN TUESDAY,,12.00,12.0,600,15,0.00,,"{""walletId"":1,""changeGameId"":1,""maxWithdrawTimeDeposit"":1,""creditLessThan"":1,""displayDescriptionOnly"":""1"",""claimTime"":""N=2""}",FREE,0.00,,DAILY,,,,0.3678738285062414,1
https://ubet96.com,Ubet AUS,103789,1 Share Free $6,,6,6.0,108,20,0.00,,"{""customBonus"":""sharebonus"",""creditLessThan"":0.1,""startDate"":""2024-01-10"",""displayAngpaoText"":""0"",""mobileAppOnly"":""1"",""maxCount"":3}",CUSTOM,0.00,,,,,,1.3849206226456783,1
https://play77au.com,PLAY77,16062,DAILY CHECK IN : DAY 2,,2.50,2.5,100,10,0.00,,"{""claimTime"":""N=2"",""creditLessThan"":0.1,""maxRoundTargetAll"":500,""displayAngpaoText"":""0"",""walletId"":1,""changeGameId"":1,""displayDescriptionOnly"":""1""}",FREE,0.00,,DAILY,,,,0.3813188801044143,1
https://space9au.com,SPACE9,265794,ᴀᴜꜱᴛʀᴀʟɪᴀɴ 2-0 ʀᴇᴡᴀʀᴅ,,20.00,20.0,1000,30,0.00,,"{""customBonus"":""manual"",""creditLessThan"":0.5,""displayDescriptionOnly"":""1"",""mobileAppOnly"":""0"",""displayAngpaoText"":""1"",""walletId"":1,""changeGameId"":1}",FREE,0.00,,,,,,0.47115115232937155,1
https://jk123au.com,Gday123 Australia,828914,GDAY 365 FREEBIES,,0.00,"{'min': 0.3, 'max': 2}",100,15,0.00,,"{""creditLessThan"":1,""displayDescriptionOnly"":""1"",""displayAngpaoText"":""1"",""mobileAppOnly"":""0"",""walletId"":1,""changeGameId"":1,""ignoreTrxAmount"":1}",FREE,0.00,"{'min': 0.3, 'max': 2}",DAILY,,,,0.02872416867775032,0
https://select777.net,SELECT777,171483,<b>TUESDAY</b>,,15.00,15.0,1470,15.01,0.00,,"{""creditLessThan"":0.1,""walletId"":1,""claimTime"":""N=2"",""displayDescriptionOnly"":""1""}",FREE,0.00,,DAILY,,,,0.16100354482890444,1
https://wildngo.net,WILD'N GO,725090,<b>DAY2 TUESDAY</b>,,15.00,15.0,1470,14.85,0.00,,"{""creditLessThan"":0.1,""walletId"":1,""claimTime"":""N=2"",""displayDescriptionOnly"":""1""}",FREE,0.00,,DAILY,,,,0.16042042207800714,1
https://diamondaud.com,DIAMONDAUD,,COMMISSION,COMMISSION,,1.3,,1888,,,,,,,,,,,116.70773237925371,1
https://22pokies.com,22pokies,57887,"<b style=""color:#000000;"">Downline Deposit </b>",,5,5.0,50,50,0.00,,"{""customBonus"":""downlinedeposit"",""startDate"":""2023-04-04"",""displayDescriptionOnly"":""1"",""creditLessThan"":0.5}",CUSTOM,0.00,,,10.00,,,3.6862746537343156,1
https://spinup77.com,SPINUP77,151127,<b>Download App Bonus</b>,,27.00,27.0,577,10,0.00,,"{""creditLessThan"":0.1,""displayDescriptionOnly"":""1"",""displayAngpaoText"":""1"",""mobileAppOnly"":""1"",""ignoreTrxAmount"":1,""changeGameId"":1,""walletId"":1}",FREE,0.00,,DAILY,,,,0.9708184036084225,1
https://spinup77.com,SPINUP77,822372,<b>Special Extra AUD177</b>,,177.00,177.0,3500,10,0.00,,"{""displayDescriptionOnly"":""0"",""displayAngpaoText"":""0"",""changeGameId"":1,""walletId"":1}",FREE,0.00,,,,,,1.2030382583959855,1
https://vpower8.com,VPOWER8™ Australia Pokies,782713,"<b style=""color:#bf77f6;"">AFTERNOON DELIGHT</b>",,0.00,"{'min': 0.5, 'max': 2.5}",150,11,0.00,,"{""creditLessThan"":1,""claimTime"":""H=12,H=13,H=14,H=15"",""displayAngpaoText"":""0"",""mobileAppOnly"":""1"",""displayDescriptionOnly"":""1""}",FREE,0.00,"{'min': 0.5, 'max': 2.5}",DAILY,,,,0.029724528143990955,1
https://vpower8.com,VPOWER8™ Australia Pokies,782714,"<b style=""color:#bf77f6;"">MOONLIGHT REWARD</b>",,0.00,"{'min': 0.5, 'max': 2.5}",150,11,0.00,,"{""creditLessThan"":1,""claimTime"":""H=12,H=13,H=14,H=15"",""displayAngpaoText"":""0"",""mobileAppOnly"":""1"",""displayDescriptionOnly"":""1""}",FREE,0.00,"{'min': 0.5, 'max': 2.5}",DAILY,,,,0.029724528143990955,1
https://pesi13.com,PESI13,826343,<b>FREE 20 SPIN BNG #R</b>,,0.50,0.5,300,18,0.00,,"{""freeRoundAPI"":{""site"":""WREDGENN2"",""params"":{""game_code"":""3_coins"",""gift"":{""total_bet"":50,""args"":{""type"":""fixed"",""spins"":20}}},""openGame"":{""product"":""1""}},""displayDescriptionOnly"":""1"",""displayAngpaoText"":""1"",""walletId"":1,""changeGameId"":1,""creditLessThan"":0.1}",CUSTOM,0.00,,,,,,0.01480880296470158,1
https://mee88aus.com,MEE88 AUS,,DAILY ROLLOVER REBATE,REBATE,,0.1,,388,,,,,,,,,,,4.878227648207276,1
https://diamondaud.com,DIAMONDAUD,830114,<b>FIFA FREE ⭐,,30.00,30.0,2000,30,0.00,,"{""displayAngpaoText"":""0"",""displayDescriptionOnly"":""1"",""creditLessThan"":0.1,""mustJoinTelegramChannel"":""diamondaud"",""changeGameId"":1,""walletId"":1}",FREE,0.00,,,,,,0.337639376332024,1
https://umi999.com,UMI999,169085,Sign In Day 3,,22.00,22.0,33,20,0.00,,"{""walletId"":1,""changeGameId"":1,""claimTime"":""N=03"",""creditLessThan"":0.01,""fixRT"":1,""displayDescriptionOnly"":""1""}",FREE,0.00,,WEEKLY,,,,33.66547335863625,1
https://glorya77.com,GLORYA77,162602,Sign In Day 3,,23.00,23.0,35,20,0.00,,"{""walletId"":1,""changeGameId"":1,""claimTime"":""N=03"",""creditLessThan"":0.01,""fixRT"":1,""displayDescriptionOnly"":""1""}",FREE,0.00,,WEEKLY,,,,33.161449942050915,1
https://aus2u.com,Aus2u,160318,WEDNESDAY FREE $$$,,8.00,8.0,320,15,0.00,,"{""mobileAppOnly"":""1"",""claimTime"":""N=03"",""displayAngpaoText"":""0"",""displayDescriptionOnly"":""1"",""walletId"":1,""changeGameId"":1,""creditLessThan"":0.1}",FREE,0.00,,WEEKLY,,,,0.47352347797375643,0
https://royale9au.com,Royale9 Jernice,753504,Checkin Wednesday,,9.00,9.0,290,15,0.00,,"{""displayDescriptionOnly"":""1"",""displayAngpaoText"":""0"",""claimTime"":""N=03"",""walletId"":1,""changeGameId"":1}",FREE,0.00,,WEEKLY,,,,0.6252401761972725,1
https://dolphin88.co,Dolphin88,829749,<B>EXCLUSIVE BONUS</B>,,50.00,50.0,300,10,0.00,,"{""fixRT"":1,""creditLessThan"":0.1,""displayDescriptionOnly"":""0"",""changeGameId"":1,""walletId"":1,""registerBeforeDate"":""2026-06-15""}",FREE,0.00,,DAILY,,,,4.942092937949541,0
https://neolux.vip,NEOLUX,721982,"<b style=""color:#686A6C;"">DAY3 WEDNESDAY</b>",,20.00,20.0,1910,15.01,0.00,,"{""creditLessThan"":0.1,""walletId"":1,""claimTime"":""N=3"",""displayDescriptionOnly"":""1""}",FREE,0.00,,DAILY,,,,0.16945453103443575,1
https://skyspin96.co,SKYSPIN96,20063,CHECK-IN WEDNESDAY,,15.00,15.0,600,15,0.00,,"{""walletId"":1,""changeGameId"":1,""maxWithdrawTimeDeposit"":1,""creditLessThan"":1,""displayDescriptionOnly"":""1"",""claimTime"":""N=3""}",FREE,0.00,,DAILY,,,,0.4933955019964999,1
https://1spinnwin.com,1SPIN&WIN,12206,"<b style=""color:#4169e1;"">Free Spin X 100</b>",,10.00,10.0,100,10,100.00,,"{""creditLessThan"":0.1,""maxRoundTargetAll"":1,""displayDescriptionOnly"":""1"",""claimTime"":""H=17,H=18""}",FREE,0.00,,DAILY,,,,0.02203030760485425,1
https://play99au.com,Play99 Aus Online Pokies,153554,<b>Welcome Back Wednesday Bonus</b>,,18.88,18.88,200,20,0.00,,"{""claimTime"":""N=3"",""registerBeforeDate"":""2024-08-01"",""displayDescriptionOnly"":""1"",""creditLessThan"":0.1,""displayAngpaoText"":""0"",""changeGameId"":1,""walletId"":1}",FREE,0.00,,DAILY,,,,2.8951433649433893,1
https://play77au.com,PLAY77,16063,DAILY CHECK IN : DAY 3,,3.00,3.0,100,10,0.00,,"{""claimTime"":""N=3"",""creditLessThan"":0.1,""maxRoundTargetAll"":500,""displayAngpaoText"":""0"",""walletId"":1,""changeGameId"":1,""displayDescriptionOnly"":""1""}",FREE,0.00,,DAILY,,,,0.4839316980808067,1
https://safeau.net,SafeAu,826326,<b>Welcome Back</b>,,168.00,168.0,3000,15,0.00,,"{""creditLessThan"":0.01,""walletId"":1,""changeGameId"":1,""displayDescriptionOnly"":""1"",""displayAngpaoText"":""0""}",FREE,0.00,,,,,,1.5752023724444957,1
https://safeau.net,SafeAu,826325,<b>Telegram Free Premium</b>,,66.00,66.0,3000,66,0.00,,"{""walletId"":1,""changeGameId"":1,""displayAngpaoText"":""0"",""displayDescriptionOnly"":""1"",""creditLessThan"":0.1,""registerDate"":""2022-01-01"",""mustJoinTelegramChannel"":""SafeAuChannel""}",FREE,0.00,,,,,,0.7016785189575544,1
https://select777.net,SELECT777,171518,<b>WEDNESDAY</b>,,20.00,20.0,1910,15.01,0.00,,"{""creditLessThan"":0.1,""walletId"":1,""claimTime"":""N=3"",""displayDescriptionOnly"":""1""}",FREE,0.00,,DAILY,,,,0.16945453103443575,1
https://wildngo.net,WILD'N GO,725091,<b>DAY3 WEDNESDAY</b>,,20.00,20.0,1910,14.85,0.00,,"{""creditLessThan"":0.1,""walletId"":1,""claimTime"":""N=3"",""displayDescriptionOnly"":""1""}",FREE,0.00,,DAILY,,,,0.16884080049580805,1
https://speedau.live,SpeedAU,222157,<B>Free 365Days</B>,,4.00,4.0,100,0.05,0.00,,"{""creditLessThan"":0.1,""displayDescriptionOnly"":""1"",""walletId"":1,""changeGameId"":1,""displayAngpaoText"":""1""}",FREE,0.00,,DAILY,,,,0.014351859507490763,1
https://speedau.live,SpeedAU,741762,<b>Subscribe Bonus</b>,,30.00,30.0,200,30,0.00,,"{""displayAngpaoText"":""0"",""displayDescriptionOnly"":""1"",""creditLessThan"":0.1,""mustJoinTelegramChannel"":""companyspeedau"",""walletId"":1,""changeGameId"":1}",FREE,0.00,,,,,,6.004171509496215,1
https://spincrown33.com,SpinCrown33,731984,<b>Daily Free $3</b>,,3.00,3.0,100,10,0.00,,"{""displayDescriptionOnly"":""1"",""displayAngpaoText"":""1"",""creditLessThan"":0.1}",FREE,0.00,,DAILY,,,,0.4839316980808067,1
https://spincrown33.com,SpinCrown33,790955,<b>Daily Free $4</b>,,4.00,4.0,150,10,0.00,,"{""displayDescriptionOnly"":""1"",""displayAngpaoText"":""1"",""creditLessThan"":0.1}",FREE,0.00,,DAILY,,,,0.42490518688141043,1
https://spincrown33.com,SpinCrown33,731985,<b>Daily Free Telegram</b>,,5.00,5.0,200,10,0.00,,"{""displayAngpaoText"":""1"",""displayDescriptionOnly"":""1"",""creditLessThan"":0.1,""registerDate"":""2024-01-01"",""mobileAppOnly"":""0"",""mustJoinTelegramChannel"":""AllPokiesHub4""}",FREE,0.00,,DAILY,,,,0.3974190335047421,1
https://umi999.com,UMI999,169088,Sign In Day 6,,25.00,25.0,36,20,0.00,,"{""walletId"":1,""changeGameId"":1,""claimTime"":""N=06"",""creditLessThan"":0.01,""fixRT"":1,""displayDescriptionOnly"":""1""}",FREE,0.00,,WEEKLY,,,,35.724442076943944,1
https://aud365.co,AUDBET365,22402,<b>Share Invite Downline Bonus</b>,,15,15.0,120,20,0.00,,"{""customBonus"":""sharebonus"",""creditLessThan"":0.1,""startDate"":""2022-07-01"",""displayDescriptionOnly"":""1"",""walletId"":1,""changeGameId"":1}",CUSTOM,0.00,,,,,,4.050805753020052,1
https://glorya77.com,GLORYA77,162605,Sign In Day 6,,26.00,26.0,38,20,0.00,,"{""walletId"":1,""changeGameId"":1,""claimTime"":""N=06"",""creditLessThan"":0.01,""fixRT"":1,""displayDescriptionOnly"":""1""}",FREE,0.00,,WEEKLY,,,,35.157175530412175,1
https://aus2u.com,Aus2u,160321,SATURDAY FREE $$$,,15.00,15.0,480,15,0.00,,"{""mobileAppOnly"":""1"",""claimTime"":""N=06"",""displayAngpaoText"":""0"",""displayDescriptionOnly"":""1"",""walletId"":1,""changeGameId"":1,""creditLessThan"":0.1}",FREE,0.00,,WEEKLY,,,,0.6521277816524131,1
https://royale9au.com,Royale9 Jernice,753507,Checkin Saturday,,15.00,15.0,320,15,0.00,,"{""displayDescriptionOnly"":""1"",""displayAngpaoText"":""0"",""claimTime"":""N=06"",""walletId"":1,""changeGameId"":1}",FREE,0.00,,WEEKLY,,,,1.0825470379335072,1
https://safeau.net,SafeAu,461646,<b>Weekend Delights</b>,,50.00,50.0,2088,15,0.00,,"{""walletId"":1,""changeGameId"":1,""creditLessThan"":0.01,""claimTime"":""N=06,N=07"",""displayDescriptionOnly"":""1"",""displayAngpaoText"":""1""}",FREE,0.00,,DAILY,,,,0.5054807248079518,1
https://speedaud.com,SpeedAUD,166583,SATURDAY FREE $$$,,17.00,17.0,480,15,0.00,,"{""mobileAppOnly"":""1"",""claimTime"":""N=06"",""displayAngpaoText"":""0"",""displayDescriptionOnly"":""1"",""walletId"":1,""changeGameId"":1,""creditLessThan"":0.1}",FREE,0.00,,WEEKLY,,,,0.7688574485217028,1
https://skyspin96.co,SKYSPIN96,20066,CHECK-IN SATURDAY,,25.00,25.0,600,15,0.00,,"{""walletId"":1,""changeGameId"":1,""maxWithdrawTimeDeposit"":1,""creditLessThan"":1,""displayDescriptionOnly"":""1"",""claimTime"":""N=6""}",FREE,0.00,,DAILY,,,,0.9660971283883643,1
https://spaceman369.com,SPACEMAN369,130923,<B>SHARE BONUS</b>,,60,60.0,1200,30,0.00,,"{""customBonus"":""sharebonus"",""creditLessThan"":0.1,""startDate"":""2024-05-05"",""displayDescriptionOnly"":""1"",""displayAngpaoText"":""1"",""walletId"":1,""changeGameId"":1}",CUSTOM,0.00,,,,,,1.589595688650844,1
https://audgaming8.com,AUDGAMING,74639,<b>Sharing Bonus</b>,,10,10.0,300,50,0.00,,"{""customBonus"":""sharebonus"",""creditLessThan"":1,""startDate"":""2023-07-31"",""displayDescriptionOnly"":""1"",""displayAngpaoText"":""1"",""walletId"":1,""changeGameId"":1}",CUSTOM,0.00,,,,,,0.9761898354482815,1
https://neolux.vip,NEOLUX,721985,"<b style=""color:#686A6C;"">DAY6 SATURDAY</b>",,45.00,45.0,3870,15.01,0.00,,"{""creditLessThan"":0.1,""walletId"":1,""claimTime"":""N=6"",""displayDescriptionOnly"":""1""}",FREE,0.00,,DAILY,,,,0.203572358829358,1
https://play77au.com,PLAY77,16064,DAILY CHECK IN : DAY 6,,4.50,4.5,100,10,0.00,,"{""claimTime"":""N=6"",""creditLessThan"":0.1,""maxRoundTargetAll"":500,""displayAngpaoText"":""0"",""walletId"":1,""changeGameId"":1,""displayDescriptionOnly"":""1""}",FREE,0.00,,DAILY,,,,0.8231703543615265,1
https://select777.net,SELECT777,179629,<b>SATURDAY</b>,,45.00,45.0,3870,15.01,0.00,,"{""creditLessThan"":0.1,""walletId"":1,""claimTime"":""N=6"",""displayDescriptionOnly"":""1""}",FREE,0.00,,DAILY,,,,0.203572358829358,1
https://wildngo.net,WILD'N GO,725094,<b>DAY6 SATURDAY</b>,,45.00,45.0,3870,14.85,0.00,,"{""creditLessThan"":0.1,""walletId"":1,""claimTime"":""N=6"",""displayDescriptionOnly"":""1""}",FREE,0.00,,DAILY,,,,0.20283506031823906,1
https://crown155au.com,Original Crownzo Online Casino Australia,830523,<b> Rebrand Bonus</b>,,58.00,58.0,870,20,0.00,,"{""creditLessThan"":1,""displayDescriptionOnly"":""1"",""walletId"":1,""changeGameId"":1,""displayAngpaoText"":""0""}",FREE,0.00,,,,,,2.0148975164535674,1
https://umi999.com,UMI999,169089,Sign In Day 7,,26.00,26.0,37,20,0.00,,"{""walletId"":1,""changeGameId"":1,""claimTime"":""N=07"",""creditLessThan"":0.01,""fixRT"":1,""displayDescriptionOnly"":""1""}",FREE,0.00,,WEEKLY,,,,36.34890379372467,1
https://glorya77.com,GLORYA77,162606,Sign In Day 7,,27.00,27.0,39,20,0.00,,"{""walletId"":1,""changeGameId"":1,""claimTime"":""N=07"",""creditLessThan"":0.01,""fixRT"":1,""displayDescriptionOnly"":""1""}",FREE,0.00,,WEEKLY,,,,35.76563793873621,1
https://play77au.com,PLAY77,16068,DAILY CHECK IN : DAY 7,,5.00,5.0,100,10,0.00,,"{""claimTime"":""N=7"",""creditLessThan"":0.1,""maxRoundTargetAll"":500,""displayAngpaoText"":""0"",""walletId"":1,""changeGameId"":1,""displayDescriptionOnly"":""1""}",FREE,0.00,,DAILY,,,,0.9452270845626882,1
https://neolux.vip,NEOLUX,721986,"<b style=""color:#686A6C;"">DAY7 SUNDAY</b>",,68.00,68.0,5520,15.01,0.00,,"{""creditLessThan"":0.1,""walletId"":1,""claimTime"":""N=7"",""displayDescriptionOnly"":""1""}",FREE,0.00,,DAILY,,,,0.22458624747249006,1
https://wildngo.net,WILD'N GO,725095,<b>DAY7 SUNDAY</b>,,68.00,68.0,5520,14.85,0.00,,"{""creditLessThan"":0.1,""walletId"":1,""claimTime"":""N=7"",""displayDescriptionOnly"":""1""}",FREE,0.00,,DAILY,,,,0.22377284084483456,1
https://select777.net,SELECT777,179630,<b>SUNDAY</b>,,68.00,68.0,5520,15.01,0.00,,"{""creditLessThan"":0.1,""walletId"":1,""claimTime"":""N=7"",""displayDescriptionOnly"":""1""}",FREE,0.00,,DAILY,,,,0.22458624747249006,1
https://enjoy96.com,Enjoy96,51138,<b>Referral Bonus</b>,,5,5.0,0,30,15,,"{""walletId"":1,""changeGameId"":1,""customBonus"":""downlinedeposit"",""creditLessThan"":0.1,""startDate"":""2022-11-11"",""displayDescriptionOnly"":""0"",""displayAngpaoText"":""1""}",CUSTOM,0.00,,,30.00,,,1.1082557431591238,1
https://glorya77.com,GLORYA77,162600,Sign In Day 1,,21.00,21.0,33,20,0.00,,"{""walletId"":1,""changeGameId"":1,""claimTime"":""N=01"",""creditLessThan"":0.01,""fixRT"":1,""displayDescriptionOnly"":""1""}",FREE,0.00,,WEEKLY,,,,31.66726736561203,1
https://umi999.com,UMI999,169082,Sign In Day 1,,20.00,20.0,31,20,0.00,,"{""walletId"":1,""changeGameId"":1,""claimTime"":""N=01"",""creditLessThan"":0.01,""fixRT"":1,""displayDescriptionOnly"":""1""}",FREE,0.00,,WEEKLY,,,,32.11283492710146,1
https://topaz33.com,TOPAZ33,143248,<b>VIP REWARD </b>,,2.25,2.25,200,200,0.00,,"{""customBonus"":""manual"",""displayAngpaoText"":""0"",""displayDescriptionOnly"":""1"",""creditLessThan"":0.1,""fixRT"":1}",CUSTOM,0.00,,DAILY,,,,0.3090237109902398,1
https://umi999.com,UMI999,169084,Sign In Day 2,,21.00,21.0,32,20,0.00,,"{""walletId"":1,""changeGameId"":1,""claimTime"":""N=02"",""creditLessThan"":0.01,""fixRT"":1,""displayDescriptionOnly"":""1""}",FREE,0.00,,WEEKLY,,,,32.90906479570259,1
https://glorya77.com,GLORYA77,162601,Sign In Day 2,,22.00,22.0,34,20,0.00,,"{""walletId"":1,""changeGameId"":1,""claimTime"":""N=02"",""creditLessThan"":0.01,""fixRT"":1,""displayDescriptionOnly"":""1""}",FREE,0.00,,WEEKLY,,,,32.4323564006194,1
https://panda95au.com,Panda95 AU,104326,Weekly Commission,,0.5,0.5,0,899,2.5,,"{""customBonus"":""commissionweek"",""creditLessThan"":0.1,""displayDescriptionOnly"":""1"",""startDate"":""2025-11-04""}",CUSTOM,5.00,,WEEKLY,,,,28.727031975114738,1
https://jackpotau.com,JACKPOTAU,487762,Weekly Commission,,2,2.0,10,888,0.00,,"{""customBonus"":""commissionweek"",""creditLessThan"":0.1,""startDate"":""2025-08-11"",""displayDescriptionOnly"":""1"",""displayAngpaoText"":""1""}",CUSTOM,10.00,,WEEKLY,,,,14.352262810494024,1
https://jackpotau.com,JACKPOTAU,,COMMISSION,COMMISSION,,2.0,,599,,,,,,,,,,,101.09471801133816,1
https://panda95au.com,Panda95 AU,160915,VIP Monthly Bonus,,8.00,8.0,50,16,50.00,,"{""maxWithdrawTimeAmount"":1,""userTag"":{""bonusFixed"":{""VIP"":{""Bronze"":88,""Silver"":188,""Gold"":288,""Platinum"":388,""Diamond"":888}}},""displayDescriptionOnly"":""1""}",FREE,0.00,,MONTHLY,,,,0.10459954188003007,1
https://race96.com,Race96,,Daily Rollover Rebate,REBATE,,0.23,,1000,,,,,,,,,,,16.16120702986032,1
https://aud365.co,AUDBET365,,COMMISSION,COMMISSION,,1.0,,888,,,,,,,,,,,103.85819961023813,1
https://crown69.co,CROWN69,846346,BONUS VAULT,,250.00,250.0,1.2,50,0.00,,"{""displayDescriptionOnly"":""1"",""creditLessThan"":0.01,""walletId"":1,""changeGameId"":1,""displayAngpaoText"":""1""}",FREE,0.00,,HOURLY,,,,83.94819348009914,1
https://unitedau.com,UnitedAu,198839,<b>Day 1 (Monday),,10.00,10.0,1000,20.33,0.00,,"{""claimTime"":""N=1"",""creditLessThan"":0.1,""mobileAppOnly"":""1"",""walletId"":1,""changeGameId"":1}",FREE,0.00,,WEEKLY,,,,0.16868609372923093,1
https://unitedau.com,UnitedAu,785322,<b>✅ DAILY HOURLY FREE,,3.00,3.0,50,10,0.00,,"{""creditLessThan"":0.1,""displayDescriptionOnly"":""1"",""walletId"":1,""changeGameId"":1,""displayAngpaoText"":""1""}",FREE,0.00,,HOURLY,,,,1.1509900370660882,1
https://unitedau.com,UnitedAu,835465,<b>REFRESHING FREE</b>,,88.00,88.0,600,15,0.00,,"{""creditLessThan"":0.1,""displayDescriptionOnly"":""1"",""walletId"":1,""changeGameId"":1,""displayAngpaoText"":""1""}",FREE,0.00,,WEEKLY,,,,5.0460430296218215,1
https://win99aud.com,WIN99AUD,796904,<b>Maintenance bonus</b>,,20.00,20.0,400,15,0.00,,"{""creditLessThan"":0.1,""displayDescriptionOnly"":""1"",""displayAngpaoText"":""1"",""changeGameId"":1,""walletId"":1}",FREE,0.00,,,,,,1.195837169654516,1
https://riches88.live,RICHES88,836782,<b>⭐DAILY HOUR FREE,,3.00,3.0,50,10,0.00,,"{""creditLessThan"":0.1,""walletId"":1,""changeGameId"":1,""displayAngpaoText"":""1"",""displayDescriptionOnly"":""1""}",FREE,0.00,,HOURLY,,,,1.1509900370660882,0
https://riches88.live,RICHES88,838648,<b>UUSLOT 30 FREE SPIN<b>,,0.10,0.1,100,10,0.00,,"{""freeRoundAPI"":{""site"":""UUS2"",""params"":{""GameCode"":""10054"",""RoundType"":1,""TotalRound"":30,""BetValue"":1,""LineBet"":0.02,""MaxWinAmount"":100}},""startDate"":""2025-11-25"",""creditLessThan"":0.01,""displayAngpaoText"":""0"",""walletId"":1,""changeGameId"":1,""displayDescriptionOnly"":""1""}",CUSTOM,0.00,,,,,,0.006202764220146792,1
https://thestar.asia,TheStar,132292,App Free Bonus,,777.00,777.0,7777,20,0.00,,"{""creditLessThan"":0.1,""displayDescriptionOnly"":""1"",""displayAngpaoText"":""1"",""walletId"":1,""changeGameId"":1,""mobileAppOnly"":""1""}",FREE,0.00,,DAILY,,,,3.893729558135782,1
https://play77au.com,PLAY77,16061,DAILY CHECK IN : DAY 1,,2.00,2.0,100,10,0.00,,"{""claimTime"":""N=1"",""creditLessThan"":0.1,""maxRoundTargetAll"":500,""displayAngpaoText"":""0"",""walletId"":1,""changeGameId"":1,""displayDescriptionOnly"":""1""}",FREE,0.00,,DAILY,,,,0.2850195147445152,1
https://royale9au.com,Royale9 Jernice,753502,Checkin Monday,,19.00,19.0,410,15,0.00,,"{""displayDescriptionOnly"":""1"",""displayAngpaoText"":""0"",""claimTime"":""N=01"",""walletId"":1,""changeGameId"":1}",FREE,0.00,,WEEKLY,,,,1.0838363548106638,1
https://speedaud.com,SpeedAUD,845647,NEW MEMBER FREE $88,,88.00,88.0,880,30,0.00,,"{""creditLessThan"":1,""displayDescriptionOnly"":""1"",""displayAngpaoText"":""0"",""changeGameId"":1,""walletId"":1}",FREE,0.00,,,,,,3.8721296705117987,0
https://speedaud.com,SpeedAUD,845649,DAILY FREE $3,,3.00,3.0,30,30,0.00,,"{""creditLessThan"":1,""displayDescriptionOnly"":""1"",""displayAngpaoText"":""0""}",FREE,0.00,,DAILY,,,,3.121411042935649,0
https://speedaud.com,SpeedAUD,845650,DAILY APP FREE $5,,5.00,5.0,50,30,0.00,,"{""displayDescriptionOnly"":""1"",""mobileAppOnly"":""1"",""creditLessThan"":0.1,""displayAngpaoText"":""0""}",FREE,0.00,,DAILY,,,,3.2195273075653947,0
https://speedaud.com,SpeedAUD,846372,BNG FREE SPIN 88 TIMES !!,,0.10,0.1,300,30,0.00,,"{""freeRoundAPI"":{""site"":""WREDGENN2"",""params"":{""game_code"":""dragon_pearls"",""gift"":{""total_bet"":25,""args"":{""type"":""fixed"",""spins"":88}}},""openGame"":{""product"":""1""}},""walletId"":1,""changeGameId"":1,""creditLessThan"":0.1,""displayDescriptionOnly"":""1"",""displayAngpaoText"":""1""}",CUSTOM,0.00,,,,,,0.0022498427552897437,0
https://speedaud.com,SpeedAUD,846373,BNG FREE SPIN EVERY HOUR !!,,0.10,0.1,50,30,0.00,,"{""freeRoundAPI"":{""site"":""WREDGENN2"",""params"":{""game_code"":""dragon_pearls"",""gift"":{""total_bet"":25,""args"":{""type"":""fixed"",""spins"":5}}},""openGame"":{""product"":""1""}},""walletId"":1,""changeGameId"":1,""creditLessThan"":0.1,""displayDescriptionOnly"":""1"",""displayAngpaoText"":""1""}",CUSTOM,0.00,,HOURLY,,,,0.021127165223361458,0
https://speedaud.com,SpeedAUD,846374,BNG DAILY FREE APP SPIN !!,,0.10,0.1,100,30,0.00,,"{""freeRoundAPI"":{""site"":""WREDGENN2"",""params"":{""game_code"":""dragon_pearls"",""gift"":{""total_bet"":25,""args"":{""type"":""fixed"",""spins"":20}}},""openGame"":{""product"":""1""}},""walletId"":1,""changeGameId"":1,""creditLessThan"":0.1,""displayDescriptionOnly"":""1"",""displayAngpaoText"":""1"",""mobileAppOnly"":""1""}",CUSTOM,0.00,,DAILY,,,,0.008882878750398795,0
https://skyspin96.co,SKYSPIN96,20061,CHECK-IN MONDAY,,10.00,10.0,600,15,0.00,,"{""walletId"":1,""changeGameId"":1,""maxWithdrawTimeDeposit"":1,""creditLessThan"":1,""displayDescriptionOnly"":""1"",""claimTime"":""N=1""}",FREE,0.00,,DAILY,,,,0.2894262978348065,1
https://spinup77.com,SPINUP77,837137,"<b style=""color:RED;"">MONDAY</b>",,10.00,10.0,777,15,0.00,,"{""claimTime"":""N=1"",""creditLessThan"":0.01,""displayDescriptionOnly"":""1"",""changeGameId"":1,""walletId"":1}",FREE,0.00,,WEEKLY,,,,0.20950808098223525,0
https://spinup77.com,SPINUP77,151143,<b>Daily Free</b>,,27.00,27.0,577,10,0.00,,"{""creditLessThan"":0.1,""displayDescriptionOnly"":""1"",""ignoreTrxAmount"":1,""changeGameId"":1,""walletId"":1}",FREE,0.00,,DAILY,,,,0.9708184036084225,1
https://spinup77.com,SPINUP77,845243,<b>Maintenance Bonus</b>,,39.00,39.0,500,15,0.00,,"{""creditLessThan"":0.1,""displayDescriptionOnly"":""1"",""changeGameId"":1,""walletId"":1}",FREE,0.00,,,,,,2.177146765862902,0
https://cashnet99.com,CASHNET,13386,<b>Hours Free Spin<b>,,0.10,0.1,50,30,0.00,,"{""freeRoundAPI"":{""site"":""BNG2"",""params"":{""campaign"":""BNG free spin"",""total_rounds"":5,""game_id"":""496"",""bonus_type"":""FIXED_FREEBET"",""total_bet"":0.2,""round_bet"":0.2}},""displayDescriptionOnly"":""1"",""creditLessThan"":""0.01"",""displayAngpaoText"":""0"",""walletId"":1,""changeGameId"":1,""fixRT"":1}",FREE,0.00,,HOURLY,,,,0.021127165223361458,0
https://cashnet99.com,CASHNET,266826,<b>APP Daily Free Spin<b>,,0.10,0.1,100,30,0.00,,"{""freeRoundAPI"":{""site"":""BNG2"",""params"":{""campaign"":""BNG free spin"",""total_rounds"":20,""game_id"":""496"",""bonus_type"":""FIXED_FREEBET"",""total_bet"":0.2,""round_bet"":0.2}},""displayDescriptionOnly"":""1"",""creditLessThan"":""0.01"",""displayAngpaoText"":""0"",""walletId"":1,""changeGameId"":1,""fixRT"":1,""mobileAppOnly"":""1""}",FREE,0.00,,DAILY,,,,0.008882878750398795,1
https://cashnet99.com,CASHNET,,COMMISSION,COMMISSION,,4.0,,1000,,,,,,,,,,,113.60584695107329,1
https://pokiesbillion.com,POKIESBILLION,838022,<b>▶️Billion Appreciate 1</b>,,38.00,38.0,500,10,0.00,,"{""creditLessThan"":0.1,""displayDescriptionOnly"":""1"",""walletId"":1,""changeGameId"":1,""displayAngpaoText"":""1""}",FREE,0.00,,WEEKLY,,,,1.8197314677822884,1
https://topaz33.com,TOPAZ33,142233,<b>FREE 365</b>,,5.00,5.0,200,20,0.00,,"{""creditLessThan"":0.1,""displayDescriptionOnly"":""1"",""walletId"":1,""changeGameid"":1}",FREE,0.00,,DAILY,,,,0.5045888277145305,1
https://richspinau.com,RICHSPINAU,747001,<b>Monday</b>,,10.00,10.0,1000,20.15,0.00,,"{""claimTime"":""N=1"",""creditLessThan"":0.01,""mobileAppOnly"":""1"",""walletId"":1,""changeGameId"":1,""displayDescriptionOnly"":""1""}",FREE,0.00,,WEEKLY,,,,0.16821893744872418,0
https://richspinau.com,RICHSPINAU,836835,<b>▶️REFREH BONUS</b>,,88.00,88.0,600,15,0.00,,"{""creditLessThan"":0.1,""displayDescriptionOnly"":""1"",""walletId"":1,""changeGameId"":1,""displayAngpaoText"":""1""}",FREE,0.00,,WEEKLY,,,,5.0460430296218215,1
https://reef33.vip,Reef33,773817,<b>Hourly Free</b>,,7.77,7.77,1010,10,0.00,,"{""displayDescriptionOnly"":""1"",""displayAngpaoText"":""1"",""walletId"":1,""changeGameld"":1,""creditLessThan"":0.1,""resetHour"":1}",FREE,0.00,,HOURLY,,,,0.09368390887022404,0
https://reef33.vip,Reef33,839855,<b>Telegram Free</b>,,17.77,17.77,1777,30,0.00,,"{""displayAngpaoText"":""1"",""displayDescriptionOnly"":""1"",""creditLessThan"":0.1,""mustJoinTelegramChannel"":""Reef33audplayergroup"",""changeGameId"":1,""walletId"":1}",FREE,0.00,,DAILY,,,,0.1965670120890628,0
https://spinup77.com,SPINUP77,151435,<b>Only Fan 【Limited】</b>,,10.00,10.0,199,10,0.00,,"{""maxRoundTargetAll"":1,""displayDescriptionOnly"":""1"",""creditLessThan"":0.1,""changeGameId"":1,""walletId"":1}",FREE,0.00,,DAILY,,,,0.9945015538788533,0
https://hollywoodaus.com,HOLLYWOOD,717926,<b>Comeback FREE,,55.00,55.0,888,10,0.00,,"{""creditLessThan"":0.1,""changeGameid"":1,""displayDescriptionOnly"":""1"",""changeGameId"":1,""walletId"":1}",FREE,0.00,,DAILY,,,,1.442643674196868,1
https://hollywoodaus.com,HOLLYWOOD,749961,<b>VIP Free 38</b>,,38.00,38.0,1080,15,0.00,,"{""creditLessThan"":0.1,""changeGameid"":1,""displayDescriptionOnly"":""0"",""changeGameId"":1,""walletId"":1}",FREE,0.00,,DAILY,,,,0.803517532020747,1
https://neiro55.com,NEIRO55,179616,<b>Daily Free</b>,,25.00,25.0,500,10,0.00,,"{""displayDescriptionOnly"":""1"",""creditLessThan"":0.1,""displayAngpaoText"":""1"",""ignoreTrxAmount"":1,""changeGameId"":1,""walletId"":1}",FREE,0.00,,DAILY,,,,1.0494025324877412,1
https://zeroaud.com,ZERO,835469,<b>July Special Extra Free AUD58</b>,,58.00,58.0,888,13,0.00,,"{""creditLessThan"":""0.10"",""displayDescriptionOnly"":""1"",""changeGameId"":1,""walletId"":1,""displayAngpaoText"":""0""}",FREE,0.00,,DAILY,,,,1.702415111858481,1
https://zeroaud.com,ZERO,168234,<b>Only Fan【Limited】</b>,,10.00,10.0,199,10,0.00,,"{""maxRoundTargetAll"":1,""displayDescriptionOnly"":""1"",""creditLessThan"":0.1,""changeGameId"":1,""walletId"":1}",FREE,0.00,,DAILY,,,,0.9945015538788533,1
https://cyberpunk369.com,CYBERPUNK369,267657,<b> CyberMass Free </b>,,88.00,88.0,600,10,0.00,,"{""creditLessThan"":0.1,""displayDescriptionOnly"":""1"",""walletId"":1,""changeGameId"":1,""displayAngpaoText"":""1""}",FREE,0.00,,WEEKLY,,,,4.364110201419518,1
https://cyberpunk369.com,CYBERPUNK369,266828,<b>Download Apps Free</b>,,20.00,20.0,300,10,0.00,,"{""creditLessThan"":0.1,""displayDescriptionOnly"":""1"",""walletId"":1,""changeGameId"":1,""mobileAppOnly"":""1""}",FREE,0.00,,DAILY,,,,1.4818021759296418,1
https://vv88aud.io,VV88 AUS,728560,WELCOME BACK FREEBIES,,100.00,100.0,2000,20,0.00,,"{""displayAngpaoText"":""0"",""walletId"":1,""changeGameId"":1,""displayDescriptionOnly"":""1""}",FREE,0.00,,MONTHLY,,,,1.4547966200963671,1
https://trust88au.com,ITRUST88,764806,<B>FREE 88 SPIN MASTER (UUSLOT)</B>,,0.10,0.1,300,10,0.00,,"{""freeRoundAPI"":{""site"":""UUS2"",""params"":{""GameCode"":""10052"",""RoundType"":1,""TotalRound"":88,""BetValue"":1,""LineBet"":0.01,""MaxWinAmount"":100}},""startDate"":""2025-11-25"",""creditLessThan"":0.1,""displayAngpaoText"":""0"",""walletId"":1,""changeGameId"":1,""displayDescriptionOnly"":""1""}",CUSTOM,0.00,,DAILY,,,,0.0015710272013834679,1
https://spinfortune777.com,SpinFortune777,774118,<b>AUGUST DAILY FREE $25</b>,,25.00,25.0,1500,20,0.00,,"{""creditLessThan"":0.1,""walletId"":1,""changeGameId"":1,""displayDescriptionOnly"":""1"",""displayAngpaoText"":""0""}",FREE,0.00,,DAILY,,,,0.33746559849189994,1
https://spinfortune777.com,SpinFortune777,839859,<b>Telegram Free $17.77</b>,,17.77,17.77,1777,30,0.00,,"{""displayAngpaoText"":""1"",""displayDescriptionOnly"":""1"",""creditLessThan"":0.1,""mustJoinTelegramChannel"":""splnfortune777"",""changeGameId"":1,""walletId"":1}",FREE,0.00,,DAILY,,,,0.1965670120890628,1
https://rolex9.net,Rolex9,,COMMISSION,COMMISSION,,2.5,,,,,,,,,,,,,131.76059910430482,1
https://bondi333.com,BONDI333,839857,<b>Telegram Free </b>,,17.77,17.77,1777,30,0.00,,"{""displayAngpaoText"":""1"",""displayDescriptionOnly"":""1"",""creditLessThan"":0.1,""mustJoinTelegramChannel"":""allpokiehuboffcial"",""changeGameId"":1,""walletId"":1}",FREE,0.00,,DAILY,,,,0.1965670120890628,0
https://starspin996.com,StarSpin996,830994,<b>Starspin996 Download APP Free</b>,,10.00,10.0,800,30,0.00,,"{""creditLessThan"":0.1,""displayDescriptionOnly"":""1"",""registerDate"":""2021-04-05"",""displayAngpaoText"":""1"",""mobileAppOnly"":""1""}",FREE,0.00,,,,,,0.25019451754564676,1
https://starspin996.com,StarSpin996,786863,<b>Starspin996 APP BONUS</b>,,20.00,20.0,400,20,0.00,,"{""creditLessThan"":1,""displayDescriptionOnly"":""1"",""mobileAppOnly"":""1"",""displayAngpaoText"":""1"",""ignoreTrxAmount"":1,""startDate"":""2026-03-09""}",FREE,0.00,,DAILY,30.00,,,1.313124108769993,1
https://betus10.co,BETUS10,218263,<b>Only Fan</b>,,25.00,25.0,588,10,0.00,,"{""maxRoundTargetAll"":1,""displayDescriptionOnly"":""1"",""creditLessThan"":0.1,""changeGameId"":1,""walletId"":1}",FREE,0.00,,DAILY,,,,0.8569055501602869,1
https://sapphireaud.com,SAPPHIRE,839436,<b>Hourly Free</b>,,7.77,7.77,777,10,0.00,,"{""displayDescriptionOnly"":""1"",""displayAngpaoText"":""1"",""walletId"":1,""changeGameld"":1,""creditLessThan"":0.1,""resetHour"":1}",FREE,0.00,,HOURLY,,,,0.13002906709807618,0
https://19rich.com,19RICH,124730,SHARE & INVITE,,3.99,3.99,39.9,120,3.99,,"{""customBonus"":""sharebonus"",""walletId"":1,""changeGameId"":1,""displayDescriptionOnly"":""1"",""startDate"":""2024-06-05"",""creditLessThan"":0.1,""onlyCheckIsDeposited"":1,""displayAngpaoText"":""1"",""offUsernames"":[""213375075"",""213A61877"",""A23570219"",""335982162"",""2168A8192"",""213663950"",""219032768"",""386A05189"",""321889771"",""2A0A07556"",""21A227235""]}",CUSTOM,0.00,,,20.00,,,3.6965330866495654,1
https://spincrown33.com,SpinCrown33,452354,<b>Day 1 (Monday)</b>,,10.00,10.0,1000,10,0.00,,"{""claimTime"":""N=1"",""creditLessThan"":0.01,""walletId"":1,""changeGameId"":1,""showIfAmount"":1,""displayDescriptionOnly"":""1""}",FREE,0.00,,WEEKLY,,,,0.13218184562912547,1
https://vvip15au.com,VVIP15 Australia Online Casino,846641,<B>Claim Free $38 Bonus </b>,,38.00,38.0,570,20,0.00,,"{""creditLessThan"":1,""displayDescriptionOnly"":""1"",""walletId"":1,""changeGameId"":1,""displayAngpaoText"":""1""}",FREE,0.00,,,,,,1.96139565370028,1
https://ijoker88au.com,IJOKER88,847132,<b>Download App Free</b>,,50.00,50.0,288,20,0.00,,"{""creditLessThan"":0.1,""displayDescriptionOnly"":""1"",""mobileAppOnly"":""1"",""displayAngpaoText"":""0"",""changeGameId"":1,""walletId"":1}",FREE,0.00,,DAILY,,,,6.603297049901292,1
https://venus55.com,Venus55,,COMMISSION,COMMISSION,,1.38,6.90,,,,,,,,,,,,17.090326903111567,1
https://betworld96au.com,Betworld96 Australia Online Casino,846014,<b>Welcome Back Bonus<b>,,26.96,26.96,800,8.96,0.00,,"{""creditLessThan"":1,""displayDescriptionOnly"":""1"",""walletId"":1,""changeGameId"":1,""displayAngpaoText"":""1""}",FREE,0.00,,,,,,0.6173443416167699,1
https://ijoker88au.com,IJOKER88,847671,<b>WELCOME BACK FREE</b>,,100.00,100.0,500,15,0.00,,"{""displayDescriptionOnly"":""1"",""displayAngpaoText"":""0"",""walletId"":1,""changeGameId"":1}",FREE,0.00,,,,,,7.494515218650041,1
https://cyberpunk369.com,CYBERPUNK369,23780,<b>Hourly Bonus</b>,,3.00,3.0,50,10,0.00,,"{""displayDescriptionOnly"":""1"",""displayAngpaoText"":""1"",""walletId"":1,""changeGameId"":1,""creditLessThan"":0.1,""resetHour"":2}",FREE,0.00,,HOURLY,,,,1.1509900370660882,1
https://skygate9au.com,SkyGate9,,COMMISSION,COMMISSION,,1.05,,999,,,,,,,,,,,105.8715863050052,1
https://aud99.com,Aud99,,Daily Bet Rebate,REBATE,,0.13,,599,,,,,,,,,,,7.280502246217325,1
